4000
4301109 8536145 2409352 9398315 5022447 4259077
2889332 9063120 7319552 9889091 166679 5647556
1064390 5800633 4388117 9632144 3694337 8571454
6704676 4328645 5681811 1563541 6791231 463042
9478644 2609468 3726717 5862973 8366666 6042035
9369379 9114877 2036802 9705249 4177112 7161417
1005598 3913483 8383024 639797 366967 6670017
6725683 84783 631704 2755957 1844193 4656443
5760561 281372 7136221 4138262 4843360 2442328
2672906 3332249 9071606 261179 7254346 2990635
9316157 3677480 4565411 1931780 2701218 6474826
2589981 4787059 1409046 5622765 6624679 9415801
2905979 581389 7658144 715954 3185151 7739361
1011193 3350077 8876217 9557829 2676460 6997554
1979586 3907724 6544909 5019830 1849235 5038918
4017924 8065194 312137 430692 3216841 6744138
4962803 2354528 6654828 4853411 9614324 7158785
3570715 7469085 5635458 4781410 2956573 6701566
6549533 3081997 6676508 7389529 9863208 8909019
6500371 2177554 5437933 5499873 3074003 1407050
4205894 2487832 5424629 7527294 7744105 6241365
6466458 6339959 3868838 4044435 9744306 17022
6579100 3677155 7078786 2393121 4079171 1314682
2035826 1918708 6638672 7915072 1788364 1563464
3802230 9720695 2367785 9421916 1761563 801894
7775768 2428025 852932 2153422 775419 8296796
8361989 4359830 8416970 8878925 1620883 4229875
8593075 1976513 5956779 7169829 6661793 4896435
4825363 4501932 7239648 8823875 6317735 2061496
3168858 2201854 5545011 7575534 4815306 3156936
8978039 3292016 5525236 3717533 5308140 9411965
3772301 6117397 9118061 2438749 9849341 5404386
489838 5396408 9247178 8063840 6656970 3563183
6402780 4528952 6508390 3359645 5599364 4042350
1266613 134679 6248290 4927884 8484025 7078301
8394446 760946 383130 5274356 3653234 1747942
3019671 4044993 3165649 1364859 2767530 7722654
6044120 6532738 6412038 5823442 411158 9469788
5960231 3047355 1299168 5829616 8815022 8130055
9715604 916832 565726 2574059 1258050 7053512
2961945 6229861 6708283 6913137 3017598 7664317
8944566 2480425 7076723 1358695 5787835 7869392
8422409 8166120 5764515 1208842 294324 9333694
7552949 7569030 9723269 1648511 6871109 272445
669048 9625482 2299080 6793554 3961520 5448342
5745865 7487225 9277889 2423592 1288679 2958117
2253910 8605404 7971998 6350448 6604969 6250574
5849721 3311178 5012340 3796871 9145258 6691742
3198069 7161144 1430074 3883169 619341 9209456
6545544 9263487 2061294 4237599 3300592 5877587
4980013 8226676 6743905 5303973 6463612 5729832
7284082 797041 2618318 5153001 4962550 5193736
7561920 6220173 1662682 9792026 7423440 1809944
9980296 192226 9708468 2851636 875991 294392
6064119 8482417 5654868 6218534 2900406 348959
2397841 5547652 1569137 8190963 3316451 7007932
7712426 2202503 317221 7110186 2047205 2215699
709341 5451613 274692 7176908 9113242 5038222
8698875 9628119 6507176 306693 9398500 2970978
6231792 1482294 4319442 2265404 6309014 1206184
1160975 2425939 8210818 1779866 8740950 9182569
285676 2458107 1779351 1765245 6780090 7999200
7236659 3981443 7279186 6375496 2226595 1351922
6280778 5192082 2727435 9120388 268429 4667231
5680646 5237625 2817358 5381536 9339893 8890947
9979501 4119524 1563673 802397 7017505 279425
5865673 2555347 3403324 3414025 5033186 442814
3163947 3688543 6579933 9619731 7110251 2158671
5552465 5958249 4376177 3080674 7904466 4828019
56867 915848 3750985 2279905 6769284 3769278
3652408 7927257 5312383 5885814 2867281 8305986
2033325 9797117 990695 1265771 8983324 3524990
6413843 8592874 7936039 3289276 4767278 3372667
6137666 3338355 9723741 7047504 9518508 3075175
1522088 4247931 4560005 6838922 2678427 526489
1911534 2506918 4348866 361259 618670 618396
4720540 5219699 6759477 3675764 9606372 239477
1047895 1192428 6232191 5566338 2901150 3117892
1589942 8256762 4501489 3815105 6376269 3899354
6402426 9624251 4979787 387555 4634566 2363707
7955881 227089 4700677 6639049 638496 133564
4923509 7481615 4857851 251763 5617067 2781790
7052293 9867552 3503906 8172146 1314888 6482842
3671631 1402493 122914 920922 395313 6107647
4187350 3755617 5710152 879219 1105702 715862
6461811 1402 7342276 8854868 7508594 2358288
1430090 9332277 6687332 9976159 6368648 9934116
1652246 107111 1216739 3425285 3956699 5271504
9724170 2379453 8258085 6324210 2920120 686565
9995120 1555207 5874490 7142420 8193930 3264533
3053826 8715791 1971209 1305111 1662543 230860
2439080 8716098 9468427 1442829 9491909 4723396
5720313 5976843 8676166 5628557 2385942 1377606
1762407 982701 4037613 2789813 9779781 9465055
7253199 2789199 6577503 6137481 9927154 3552877
3502694 7173874 6737018 625632 4589607 5325620
5431356 8210177 3180432 6513444 5263430 6860431
3177339 2534280 8180333 8172881 909461 1205324
7332290 5743712 5486830 8556524 7937587 1390454
9681836 8933799 6528114 9435766 5813961 9635940
6863147 5159658 8016044 5824960 6022354 5545137
9676779 818882 5293878 8330811 2211023 8495437
822316 2978179 2081141 5327296 4613675 6788074
4681479 5442 6234787 5552906 3677531 9015352
4039237 3184472 6465021 6307458 4757420 1081652
7306566 809925 155568 2901401 5742329 6545992
1153345 4692102 5092868 6894422 9350844 5020554
9418445 9135507 8980369 2034814 5096666 9589967
1885211 6076808 3865950 7342726 1971221 8349206
8486028 851940 6275471 5821530 9779326 8532004
8325379 4599917 1328068 4095868 9190267 7401505
484608 474174 272157 4764712 4665486 3934324
598681 4874825 9099768 7314882 2699925 6288940
9174684 8839814 5406662 7984154 3759642 7041664
6001148 8030878 6457294 6498230 5640416 7788516
7517061 4485066 4824771 333232 4779945 9653470
722813 806398 74893 6436237 9624584 7975127
8836680 4202383 9518939 7068252 677245 1165943
2466111 7277127 3873372 677657 2285682 5966989
6385353 3505135 2640096 8874746 8477565 1980230
5862029 5947740 1488804 3085273 7283995 3736807
2059493 2835459 6070935 3537332 5097153 867584
6007904 8430915 8772815 4256697 9792395 9190429
3549827 4053784 8413827 1344317 1299213 2160547
2917482 5923411 5682673 1021556 2291203 6378795
2114969 5265533 5925023 5457544 5214980 6132371
8237116 6914168 5591708 4074772 4160260 9440303
8132415 9971636 6174310 1648463 2458271 5511432
4576941 6315132 8835952 13617 7049226 1287862
9967480 2231285 6047336 7040162 8475567 3824146
9911482 2089984 1351267 550349 4293029 2950862
347240 8110113 8617454 8019905 1558090 5523867
1647185 3120873 3173038 7792788 5798275 3897848
5595870 7641074 6565914 4040928 5788337 5367928
7313503 7598764 3359378 2393780 6715640 7778243
3186246 7919564 1451430 8876884 9223921 4650106
7023359 168742 3360877 2162519 2137966 4029525
3911962 9386570 9642546 6304914 6746636 8259162
7643576 5549506 9843621 3317995 7377897 8235373
3184593 3055709 1697232 1609102 5499203 8631905
3567300 1757404 1693941 4195212 6218565 8492739
5757349 822697 4524643 7863238 3144397 856923
3301720 7916336 1572283 4732763 4043789 1845339
3420097 3555918 6922422 558790 2910931 8482730
2656032 1337001 39780 7125498 9862177 9727444
5529794 2460244 4569640 6775647 1882032 1907145
671098 9014048 8259888 3962122 6826500 91615
1740638 2742695 5601650 5660622 3559953 4838881
7539744 416532 1775542 740521 7177335 1492892
5814582 1301810 3809087 3128647 3143036 8455897
3555306 9919657 7008769 1680026 259735 6716805
4310438 5160200 8783235 3166727 9111609 8832181
6281866 4877102 7224895 4606245 5350553 3745573
2087730 3306559 3100872 1093300 9306606 2176207
2781688 4889893 6702861 7615980 6072094 3055604
7950596 4685036 685845 9607902 8999491 2476069
348684 7592064 2652275 1965608 2373651 5928896
1891516 4221115 6576576 6492816 8488276 1415575
6636945 9965766 2573391 9632549 6599154 4137533
5575476 4239849 5108334 7524425 9391949 4686681
6755877 9135037 9428515 3479091 109662 4824182
4836927 1679548 7996912 9479686 2515883 7823655
3531281 9549102 3085980 7351419 4281219 1994865
5738128 8775168 8146903 7919837 6180575 4655704
9594857 8647637 7379529 3517070 4139292 364165
7278885 4899325 4078766 6755594 5700432 8659164
9821621 8586914 8093685 7920426 1405651 8297893
327310 513153 4389523 7293531 7225490 9114588
9085361 9177324 4713512 7171408 2858810 2694673
5989635 6857763 5423595 9454610 6657911 1089944
7838514 9193919 1201196 1631886 3683657 2342831
7049801 3429623 7452172 4895142 9022496 1806675
2551278 7238005 1478220 5949743 8546725 3208056
5609458 7096933 9746323 1280118 6307729 4858300
8076998 6284812 8618691 415220 5653484 4883478
6433827 6259798 9171432 1388165 9463473 5095284
266702 2765321 1786815 9444716 1942541 2101969
3601612 657869 380278 1427038 1664737 1411726
3001454 4840882 7374985 538238 9029923 4652521
4457237 8001080 5657775 9580834 3947393 198490
9256897 3640644 4535827 3473462 5647931 9735887
3086109 744548 4282531 2602790 2828571 9093982
1615520 7822132 2007481 7784578 3403450 9925067
3638985 959751 8042303 2292165 3907210 2032660
2606805 5092280 8310598 4333252 4865223 8145544
5686107 3084119 7890984 8068244 605054 5757532
4751615 7626631 5780919 4907052 3695343 2537161
2934471 2186537 4986756 2660136 2254127 6207675
7638230 4479536 1101175 3569083 9987918 6084625
5950494 8662235 2074545 2011520 5476959 4832749
5480170 2121538 412281 7871677 811847 9768918
9314353 6250965 5189963 5752630 4914867 5338361
2514890 6727336 7400307 7345519 1175543 304805
1653564 5584914 8738322 6258213 890319 6033098
7440210 7099959 4704829 7349356 5710451 6562969
7669792 5773288 3641541 5799183 6962433 6302180
7792644 3244214 5936822 2592391 658469 5144730
4233983 2683016 3578578 211110 3744580 2223754
1169514 6073949 5315976 2063853 7592512 6847805
9077869 6033786 2199899 46550 6286822 4602611
523957 4381213 2007319 1667944 8396049 2076116
2752131 200688 7769562 5167970 3869156 2879145
9695202 8122169 9506628 8352465 2563483 8129261
6264624 4412969 8153850 2756648 2548399 4987680
1010860 3386594 100443 2451171 2526304 2290061
1961443 361132 8995706 3707268 4464831 4337831
9933172 4698056 2046960 9630231 564498 7392779
4695098 9018215 4495663 9292082 2456080 4325121
2015015 1046392 8329759 7024882 3362098 2878865
2781631 9771355 9862282 1186759 3418678 7748164
1737591 8642440 6583213 8983195 1868344 4372151
8163766 6236365 5954279 1248845 7778394 4590465
1347986 3158090 4402782 7722618 3721452 9705141
8009237 1715277 6279048 8342698 5664266 1803675
4035496 344597 4120121 3312487 7431330 7321612
9935484 2273540 4470049 797721 177889 3722402
5558338 2621955 8557475 2157587 3204483 9722942
1316110 1521190 5293385 4100589 9291778 6505027
125427 6854981 1568959 5421928 8407204 5098253
985780 2391543 3617551 8536804 6705111 4661788
3327313 7083978 6016246 9679576 981506 6083595
5589159 4263214 5253822 5936385 6698902 8166853
9515982 7113881 5395108 7230930 8649196 8412419
6878334 4453411 5736045 5996903 6510518 4633313
7462303 8600030 8380363 184032 1870392 2161774
4990301 3742341 5520632 4335648 5172356 530167
472168 6539216 1443513 8140545 6716479 5520962
7138874 7283540 9693400 9386285 2023249 2337039
8071656 5252346 5087476 4401789 6661597 1228675
2356526 8086546 6347814 360566 985902 3756225
7840173 3795230 1246245 9827373 444638 8598771
4623855 5852999 7435317 5199551 2354129 1933785
9813891 7385197 4625191 4448968 8467597 7636359
2112862 9643649 3633880 306180 9682661 5486513
3199450 5634433 1169479 1319078 1146356 9094761
9278616 622367 4044648 3557818 1469493 5285653
7462915 5105436 9688411 7825420 515295 3152067
5625103 9746657 1055809 7810415 728326 7918264
8965205 2153611 8696481 2887174 7688301 7353395
9926373 723842 4142986 9684213 9056040 17178
6807182 1524734 9865911 6008987 6071796 2084459
3961969 740488 8460756 4370991 8760214 2337738
974737 3605712 6917874 1668339 3632225 2795487
8394249 6154793 6525444 6006942 6650474 5635214
8473685 8214941 9343734 3037009 5605805 1058222
6698815 3791283 553429 8516498 9832224 722628
6090703 8183204 2674228 1260384 9108838 6506979
6737424 3294453 3624233 8887510 6213755 5087531
985151 2364780 9421180 1153155 2543650 8207414
9569938 4279246 4120155 6903269 3741452 7117498
7776309 5687475 294310 4358125 8641871 419340
920904 3487431 4735524 9009652 6155689 858854
1486716 3729629 5170487 3894329 1181642 3740709
703221 1699417 7386529 8028508 8121612 3525884
8581567 2001303 7137943 1812673 825399 278539
5119182 2629549 9354565 6213645 5187457 1512800
7687513 7582188 4362100 5071000 742455 9088949
8174792 5513617 1484093 9858525 7635210 5577428
7641364 3965234 5298654 2639966 7737828 8025656
1752479 9575417 630068 1629578 761633 6877289
5506353 4164958 3911860 2835952 2931594 1521422
154781 9601099 3794634 6184724 7557949 22894
6814080 3734184 1876316 363355 2182150 278316
4355968 7768874 8808700 3058507 3998219 8641924
7425828 6651525 6720556 7749450 7513526 5814959
522530 2247863 3241304 8054191 1279153 1862845
4331251 3869843 7511859 7305992 6141169 3299833
9867486 992616 5067396 5543203 6554832 1428088
3688629 1846360 4954137 7269447 9278295 97645
5936005 9416001 3471262 7733801 8299828 3957075
6184950 9023453 8381982 319544 8310354 3110372
575244 4276850 787829 8151721 9897560 4333101
4722088 2986480 5513337 107737 1841139 8236821
4320026 3713477 9142383 5699109 5674887 8155567
4489225 2278745 5300530 8735882 472969 4246948
1068697 6042834 5688941 3720417 9449031 4918060
7052764 5998489 3687780 6182020 2676300 5894437
6787589 3179438 6670361 663799 8797767 4118664
7426759 2238514 4458493 9776665 6832975 5871055
4231679 3487689 9353796 5890615 4906970 6198451
3321310 2589683 5973547 360263 1928428 9167670
196502 5477154 6045345 6668930 1363399 4497340
2060237 2024918 180757 2352533 1250174 5457698
53300 692552 7363359 2279285 6576930 6932919
2932116 2648107 1296450 7629301 1248100 8268474
4393892 2929980 6395934 5934116 4354383 572705
8151848 4078482 5607621 7288618 6248536 8605157
6179738 3181074 347677 7621157 4111896 7789789
9936978 6998089 3428684 4261568 3641704 7480512
7007072 6550844 8365238 8459517 6994713 2969513
6332413 9618782 6558478 2055763 8905002 7142243
9639302 7117773 5321108 2475378 4294059 6755619
6646661 1063933 3511537 3820401 7757926 5584229
7322417 9234112 6294537 952495 3553867 6604383
4792391 5262449 9898130 6765431 4273058 5718772
9082131 9145667 8502552 2871605 8551023 2680058
3118513 1777256 7952863 9034690 7190324 9489994
4405948 1544185 854412 1638566 3224835 2565526
9516248 8182673 4107183 2797499 7773993 1354783
129730 1341110 1683690 8779665 4788220 3719686
2821308 1682314 1583294 5610510 3728826 920421
4946397 4980912 1883876 7572003 3092018 4990868
5918901 1959898 4820249 9476420 6908039 1685348
4389237 8484977 4561878 867594 5608582 3867782
5553604 9233983 6470695 6796655 9494845 1663636
4163519 6443682 2075552 3154818 7846863 2744567
6604015 985089 1166986 4668457 7948371 1692644
6001337 4276308 2744381 1702247 7004650 9251349
9710830 7989674 9897315 2906279 8220174 191664
3991549 3408994 4403461 1186306 2716925 4987262
3992850 1366144 5768642 8765539 3382019 9826746
1883023 5001129 9907073 3764282 8466107 7238516
4699531 9423785 2268594 1910655 8804691 1566143
3479937 8973098 5681808 721996 2154680 3420598
903695 2350787 9299209 937617 3244085 5427035
92958 524725 8433738 2324110 617840 820508
7127994 8416748 7147500 64848 9640909 2318721
2053403 5290591 3273232 3066937 9268952 3120786
1449464 5428563 8423896 7609451 9055795 9740342
1445268 697121 9960928 6548484 4246264 3302454
8007905 9752361 3450992 8544718 4866066 7846303
5183172 5658186 4483517 555648 9860441 3541169
942481 4062032 7735350 9991065 3057677 1463686
1687289 1397440 5340946 8320028 9116973 790084
3549979 4978595 8591021 8710811 5476311 4993981
3979261 4353803 6907205 5448875 9363736 3066156
9440105 4752692 3826484 8658948 6492731 9061992
4631199 2517949 8906506 4099638 404075 7940230
4048226 8640650 2257135 6813110 3290509 8772836
5820047 7741116 7241650 2161456 1491371 427598
5390348 4015974 7845825 4621236 8858619 8325198
4282810 6712557 6843231 4056101 3792497 3241302
5308424 3849392 1971068 1065992 7194655 8185467
9202529 5935787 804554 2727946 749896 1324687
1194168 5695747 2693914 6876627 4013764 6429015
9059182 9131192 8868846 3946919 5534496 5965580
5512466 4854618 6324869 6757978 3369393 3662446
1030079 2251706 3860506 3307594 9146509 6110085
6495653 9292154 3888736 3325666 1081511 1859479
1579558 4480625 3729453 2638567 8904270 2924397
3111746 7985954 9123642 7321391 116311 5310319
3469426 1971530 606988 6707815 478011 3249892
8651908 7250535 3229206 5438631 1531795 7203552
1250450 3142285 7808616 4104953 8696288 3299954
3937175 9650612 8872317 8915033 2155603 1994365
2529196 7733211 3438823 593822 3828036 23950
2153238 712459 3768765 2752994 7952554 6186511
7927810 9172340 3874443 5366692 7579145 6902651
2140328 5625247 8430232 2548779 7230876 8275277
6888486 3043003 7792323 9647129 6535497 1770772
1668084 8801177 7554074 9692902 7548499 4074897
847967 7274135 4056705 2357031 2678663 3898904
6808437 9375937 9393912 8926059 2168011 532318
6154067 7810824 1340276 7626778 7796905 8475199
3976644 7564072 6100934 5783675 35321 2474557
2517915 7576512 7947805 4086022 439571 4287909
482548 5320458 9873523 9788405 4530494 8584148
2543610 1437589 6099487 3904887 3774084 8734482
3530906 1533211 2327404 2097342 3229290 2553139
4295486 8221287 6821106 9765200 5986594 7320697
8175568 4498502 3760425 2617813 4489150 3234724
494193 6609467 1350254 6932846 7074362 2683299
9788898 9524659 5867761 9317278 8740999 4310330
7759370 388171 4015753 2252032 8086296 1321949
4088300 5728340 2714950 5628546 549226 6988391
9251401 9646530 6439888 3168223 6871314 7982450
5760887 3601845 3100373 1593284 6567378 8009200
4455093 8246753 2069720 1758461 5367904 9254691
2289090 7313604 1501388 9684419 4670020 3924055
948618 9290316 385573 9778300 6436252 1996031
9250919 4924168 7120905 7902298 5971448 5320394
9792587 4704429 5946432 9361373 5746903 9944175
7275776 1255100 3754385 8467231 7741190 9181649
5428159 8528624 447671 4166348 8369625 4924048
4410044 9649056 2628336 4279804 4601414 7104232
683981 1631392 8973659 2747091 1323711 8572665
9771669 2787167 3604500 3659351 7203162 5908438
178324 6848592 2342654 1958402 76333 5779686
4566958 483549 307293 5059573 2890637 490893
9034412 3273162 4478034 3146576 1037810 9828667
9463092 6766594 6466057 4710156 1505409 7686812
9810047 9638390 1724366 8452151 751868 5256938
9426417 2619537 6761832 444052 8712558 2027848
7718861 635911 6379073 767116 5150425 1488440
8154687 2337646 4657948 598494 8329252 1846177
6159330 7859988 9346813 9363436 9400217 2255651
980638 953785 7848343 9245637 9442441 5199857
2116171 9322146 2332018 9239079 1081082 3011404
5901555 8340084 9505045 9871473 4618996 8859764
6475667 2703957 1242585 4768449 4194262 5774674
6555161 1287662 795786 9789658 4536335 6176944
5077088 804552 6301764 984566 3553109 743683
4796824 8765120 5844707 6511846 5569144 6064115
2993503 8291117 6620475 4866546 5747708 9559432
6007309 4591871 1578785 92793 6520610 7574622
9635872 6340594 7993271 8747646 5807475 6972457
771701 4812414 267893 7056479 3545376 5522896
8071292 2917937 7177404 9660092 2677990 943378
8667691 1874163 711307 3787759 6644958 8566965
8913484 1458684 6544127 3322740 2858227 3600934
1908899 2927787 5737947 7383925 4816702 6422378
5090881 7207813 8749307 2445901 5127541 3521199
6103849 2040130 1924879 597661 6485750 2855605
5843691 1056371 4270172 9201746 5278198 5296773
3758708 3525791 326271 4341311 2889652 363238
5665236 1334214 8618729 1921650 7520513 2695550
4485833 2930253 7698136 7660063 1141203 4522173
5248116 5617988 7138428 4399650 6818549 2582252
5456546 9251353 7562928 8764361 2055042 8985262
5343935 8610316 4280454 9008365 2519767 9856276
8529751 9214849 5436242 2154983 4723027 8021780
6583569 3770013 8419893 448609 2719395 1475199
6507908 9299515 1746002 4787787 5494133 9810575
7885465 1752301 392466 2168043 5663090 810717
5597267 2067363 6962784 9810900 1440805 7292144
6457133 7436741 9275797 887071 1733047 7617283
1397575 6747406 1498410 3869774 7610779 8690802
2053544 5559425 6553199 4979840 7680783 9289704
8693606 3906707 5010895 173912 1821981 4842169
7888891 4012202 1131585 7066989 9741404 2919312
4198177 8902120 1945896 9378652 6796348 8604662
6043092 8347086 5944951 7240087 9200545 9497891
1001292 8445280 3607407 2282923 7183703 7758780
5684063 4707009 5526929 6033532 1481256 3920728
2234985 4483290 8325932 9888284 9463155 2283291
9412031 9538809 2989030 3298138 1365533 8692380
5575815 2399614 9913125 2655372 8334983 943911
4126332 315508 5790007 9075108 5439573 3586524
4256283 9749691 471525 7141533 9863906 9288364
9979597 8834061 2091924 2432592 1956716 7612698
163532 7411935 860441 3788377 5928174 6359128
9369661 2122885 1613502 6849568 7767090 6244863
1244166 3230108 9356894 1074279 479491 1589832
188358 5425977 4286239 2923065 36934 9265794
3402901 8843928 8924962 344048 8519695 4837766
8252412 2081537 1933056 8817696 5569592 6441228
4537369 3336649 4462622 6588556 5396194 6057617
9403146 1156886 6169508 7009535 7338438 4869515
310530 6442559 7430514 2022781 9218710 2569677
9400322 4831745 4305634 4520218 6569352 2329478
7854921 5718740 5585955 9279230 5978567 1860862
2662650 2446076 8557663 4259230 1521105 5247924
3379266 4558809 3696562 8744406 5561863 4397888
5093643 3952679 8824492 4150514 4866783 7054826
1850634 9819522 9240448 5570883 1733032 7330921
5575472 3690864 8378562 5801607 5904595 2599789
9133444 9553919 9688005 1390628 4096416 2002020
3196373 2313718 7771218 3800159 4449803 4219259
6214574 9631293 8252719 2089232 6027248 1588479
8490272 4672292 3142613 5082382 3518769 6833699
1127717 4283240 3952390 5665342 9103205 1732027
6119715 2391571 5739151 3121946 9379206 1527593
5297272 2544975 3540807 1810248 6086572 7780154
5067774 9330895 2694243 9591942 1027842 5128290
7521752 4079088 886763 7858406 5055312 7183948
1921633 7834318 507257 6767521 7533464 4160496
9641738 8557384 2285023 1655034 9909159 3205842
380707 7967098 6885009 9367710 9724554 883677
1235569 8297326 4361582 5984495 4239470 6489930
4704801 208192 3502108 4290311 6903336 5317263
5577100 7079424 3797627 485989 3438844 5492552
8413829 9346099 1771930 1772951 9754246 1141018
5983866 7596745 2120428 8100135 8829254 4763778
6636412 6662972 3474699 6463448 6221128 1161516
5934998 5377561 6099675 3644656 3731235 582251
4356927 8464273 8583387 3029644 3117000 232700
5088517 9416273 1992572 8586349 6957164 9917884
2399666 5147937 8336180 1871081 8430026 3782664
8460922 2946955 6775261 8902853 9411636 8324399
3908285 2610642 3940354 4595981 7288860 3845385
3099886 477262 5423558 69424 6579830 8242661
166729 2097307 2945608 1824929 8073102 5376080
114616 8376662 5654311 5523808 8792158 8010287
4031355 4293262 7957062 8848398 8553553 5164172
9257522 8341573 1034951 3080221 4106839 9704033
5445980 8982492 7253527 2238340 8087928 9598160
4482932 3399864 9775569 2631284 1339873 6907303
9275024 6821125 3430542 2270831 7005889 2677431
7525135 9595882 8896646 9712272 3921564 5302170
672646 2727393 2064919 3106962 7100879 656026
4342593 6937444 8371683 9467906 5624017 4920464
2470617 9566544 157987 1988566 2029812 1771126
7092937 1099199 7692373 154572 865739 5008125
5097878 7716996 5772598 4708726 9374512 8484841
7699318 2876974 1766028 886516 797133 6169124
2642595 5432617 6802643 7119902 1069747 3308474
8477827 4528582 2578680 7728985 148441 2535984
2207564 5316299 4975119 3957675 1332420 5233825
4726151 7216635 7059054 9308594 5812982 2062346
9521174 9809337 3985852 8802542 3096655 6759987
4235650 2741811 2894679 417458 7492439 3572665
764569 3286616 38768 8844587 5297652 9172493
8618075 5744901 3404877 37683 7506029 737184
2260344 8100642 7771131 9598919 895015 2974661
5004451 5736305 4841506 3972823 4246863 6809749
5955378 759319 9173609 8432875 3991412 5984685
8164223 55498 861207 3717957 4177458 5340174
8213177 2331552 8174833 4895862 5412619 5113703
9792582 8389400 8108161 3234720 9482846 7700755
6774533 7421399 9152724 6050163 1928799 708619
1275479 7563085 6816807 4232632 5500904 1653107
3211595 2665286 8857308 6529827 9328350 6360302
6653638 5537083 4985841 206607 6009210 3002738
3690253 1342650 2187050 7215089 8714244 2147473
7523594 4591242 9745794 5646850 6730406 2378042
7684675 9225129 2360175 2789327 9876264 1881978
2292935 9538142 4207247 2822114 5697531 6636841
1829292 8913814 8322089 575509 8400854 7511479
1911970 1688522 6597528 2364649 8938995 6483650
4603762 1970734 5463536 7096710 8497841 1482889
3586824 879849 2028806 3753388 3105529 3531723
3841463 9827469 9234572 875018 8220878 3490797
7026355 6479242 3263477 4628368 3351903 8545281
6821910 4207377 9543001 9398464 8770539 6176589
943715 7926497 257197 8900153 9056988 2389138
5042935 3036799 4737673 7626991 7616617 3127866
4067109 5883979 8764686 1011950 6681024 6638950
2260832 5935539 6523232 4663820 7539518 527177
7270599 2642396 4635259 3328676 5365945 9348238
4076805 1800066 1463489 6802252 8432999 2744854
5395768 5809512 7194759 1926445 4640306 7173515
2225258 9141144 1109521 8310636 2223006 5976350
1449209 962157 2851819 6698400 5828725 6604348
7183107 2391035 965056 5334477 2542622 3777019
251756 5476192 1261070 4774612 6507438 125588
4892877 7188113 2117996 2502220 7184122 4035381
4659011 1171430 344103 5036536 5699677 6212369
748552 7034098 3029188 5009155 1884155 7726075
7566784 8920549 461172 9812732 4290309 437424
7661077 6832134 9139542 9208618 3564562 4563190
68136 5685786 7696445 291780 4930294 7298049
8730040 7256294 7516495 1974300 517694 9372861
2876519 6801683 7801482 2040015 540122 5403561
4105495 8321619 8894915 7237569 8862751 5080727
172910 5477242 6161584 6340476 4825321 5530241
7139988 8147460 5055711 4868356 7853587 6097488
6489580 9857270 2295782 4718927 1354125 9443168
5611356 7697297 7221210 3352368 1961669 5379388
5737655 4957278 7585290 4230687 5131935 2921954
3172771 5338289 4725847 7907915 953811 1398956
9308094 9893572 23964 4308445 616376 8098193
8856432 8831972 101284 8210078 527712 8663414
7337482 6466088 1305404 5061563 1672708 3099579
2501727 7131130 1029740 1809877 6968419 8255827
3033281 6656513 6613097 9123847 8185438 4124976
633309 9146869 7594813 4837349 1895771 3661791
9151197 7545137 8338559 8056614 3868807 1643054
5859799 7655683 4394236 1869597 7242881 1138380
9990540 741311 5396929 473761 504729 9536298
4036189 4938183 5098924 4604239 8052764 6159325
8387405 2461524 2008744 6420909 6107225 9164961
5313553 1971282 4267023 205029 8294848 5824995
8616411 7600675 6007984 7662519 4253670 5587400
6538219 1861163 2956147 1682765 3419518 2996358
1229352 1540106 1643492 3215917 8985520 3254300
1592491 7822690 7195839 8168914 6331760 7944512
227216 5332197 9795388 6849805 7352895 3161570
1834169 5007465 4390882 8883926 1943298 3912623
8404252 9265627 7523303 3025031 9228753 748950
4267555 8414844 7978881 5281737 4980733 5650234
2823159 5437241 3663917 9919856 4592977 6997591
7855324 4898522 4681570 8857049 3846858 1097619
9962072 4663899 362520 4316311 1855934 7759793
2134602 2300235 8943515 3369019 3074129 5705279
5982484 5121488 8424780 2145044 5627870 6019684
6139537 2954648 1328214 2607624 9804238 5237208
7890096 3412896 1271323 6309108 8441764 3235705
4253573 2841935 7129165 3393093 8594085 7105142
9260581 8189741 9895278 8870154 2799463 4841516
9109699 8407017 9530341 6667034 8499202 9577514
5576102 2920906 2338450 9680196 3045022 6563405
4816879 9131276 3301384 3288657 1790295 8596705
6551767 2779927 2187047 1685675 6270844 248365
8890624 3433022 2023035 1845645 7936650 5851080
2179751 7421943 7543620 7776181 4014613 7274209
4147053 3758768 1966435 862753 2908127 7831331
4457758 9881156 6977740 2683850 7263851 733304
4463355 2861738 1738642 371329 4831787 9759178
347674 3104458 9066917 6442279 1695443 8772180
2873460 3930432 4134112 5113922 8422233 3227810
9308772 4464905 2402547 9276689 1065523 7772944
5899939 1649388 3896089 1586048 267433 1104812
5653639 1608918 2258468 805179 6899804 6484985
9036496 8516268 6043812 5832151 2503750 879978
4797125 4195479 8525641 2829308 4812577 7783153
190543 140258 1788281 522325 6690106 9874818
2894632 5286577 1086991 4710511 7906653 8097227
8719233 1376667 8527283 6643218 2381864 2290603
7887627 5376873 354104 4536177 5786143 692053
1535348 1082988 6104546 3241053 7905743 9420881
3986951 9205165 9102459 4141272 8205773 7685523
9795338 2911959 6602703 3843201 3300478 6917281
5098888 8477070 9771502 3251955 7189716 8335664
8755215 4713318 9408480 2147752 6912658 4902256
7601010 4052600 3502983 5867774 278126 1017996
4362082 8523060 7635384 4673536 4111405 9166754
5725737 417293 4666336 4551418 5407419 6351889
1715624 3585953 4721491 955193 2001890 5693286
511827 1625108 4005689 4476212 1019680 2630366
2813566 5662918 7779610 9583600 1590189 2790515
2612093 5313896 1517654 6950455 7695280 9521644
5871950 6204904 9063338 8770526 672106 3641796
5209937 2087517 8614505 781822 6253408 7461748
8851541 7900816 3296986 1060668 7171483 4271395
2981912 2778086 1695552 7838163 7572378 1507834
2385306 6752161 7423294 742930 953616 1207064
7456010 9387351 3656324 4666400 39634 3533133
415028 3028720 5575746 3605381 1500598 9399643
6625483 8871335 839812 9292344 3428991 9028970
2242627 2105662 5522770 1836440 9050282 7757035
9626838 6080187 3267586 8092490 3456874 3082217
2722137 8723884 3013425 9231102 8810334 8475768
8355182 3954464 736196 1078062 6917017 2752891
1211981 4630961 9618634 5152044 1256572 2181207
2548296 5992594 7701014 6823658 3663808 9487665
7396552 5712110 2148729 2073006 46221 8618654
5978772 8083751 1925351 400236 3937519 9328292
660386 6753519 2898339 1405838 7447544 8314337
5749143 6801636 8770247 944068 4076153 4752246
3705880 9658506 9562663 5685605 3635487 9532112
1450529 4976474 2496726 5466377 9310476 9002891
2210057 2917895 8727023 5543421 2717489 6163977
7464643 8245049 777695 7322792 4613265 8565989
1182948 613695 8244333 9670787 7198332 3232965
750460 8876943 4472105 7843286 8959723 8426140
8303398 7220282 3553446 4118533 9692077 5900839
2927290 5038357 7224333 4213921 2735081 6558986
7326241 6046328 9925979 1021278 5141655 5967723
9008859 5306174 3423346 6642384 5694513 5689454
3477714 4971170 6249778 1438764 5584760 53538
9733950 6059879 4561718 5782084 4350647 4401279
7961557 9349623 7666752 2860310 2487834 3970708
198787 1856539 4211146 9663078 9177978 9361432
2676827 390437 75053 8270830 3930026 4666247
5534728 2762424 7722121 4207245 5693306 8101953
9244401 5136295 4028043 9706119 9747803 6000447
2170639 2472395 6531212 2548693 2312290 3318
3843005 2587122 6631881 4460726 1620416 7852607
5657287 1668888 6355633 9794529 3171564 9270031
5972956 7171170 5258639 4143256 780848 27182
2292054 9609856 3271329 4372972 4221046 6989340
1801099 2471034 7370688 4598740 5447316 4467342
8160012 2810215 1490827 7599755 897999 5113044
1506858 1827716 2410501 4350794 3592586 3095906
6476111 618471 8473187 5654780 982210 4273952
7474974 9291807 8968200 4810723 7682748 4852066
9219732 8798966 8741474 4582278 4131657 1299143
1504568 4600360 6088385 8655755 9880471 8276460
7485613 7789114 3500147 7108135 7349641 315325
383901 4805678 8038461 7218587 3304448 4035232
9788040 1893647 3867343 3986620 8205294 2113215
6682929 2010895 2655113 8190168 3249038 4895727
4703608 7108782 4212750 7607453 2711877 7621412
4593720 73868 9424507 8111076 3289733 8411978
3491392 9873810 4519684 7143704 6247663 9382681
1861387 6167 7294732 242963 6476070 2033966
9509996 8122271 340686 2646914 4005532 6367517
4465037 4365426 5999266 1311511 5782668 3450744
3303294 7416765 5509493 4618482 8703594 8742762
257540 781573 9205753 4596402 2956182 9271670
1854331 1981941 4527360 401377 2510762 8518040
982191 7417863 3315932 5631043 3344484 6505169
3851258 741174 3387869 9312246 138108 4637252
7867111 4644972 7728448 9573772 223364 4341721
3676154 6437836 7482876 9034918 6370481 4507062
41114 4076018 911932 5477841 6348997 3945730
7726427 2240220 1047176 9439465 2695170 3465117
23656 7511969 35267 1118265 8337131 4854675
4145558 7272027 9863650 952652 4984458 2039770
9014180 3475556 6072726 9659585 695333 7414202
7341411 6043342 8942768 5834978 8062341 5987579
4446843 7739791 8572817 4730999 675257 121187
5252201 1680837 8313321 8239939 9301223 6196865
5470534 3498422 991913 9847309 1792588 8616832
7774075 5578337 3307590 3621482 5008903 5893235
2560460 6400715 2167730 20936 6214141 2315091
4564211 5471379 671748 1507564 822480 4583465
841274 2507287 5060319 9858308 608162 9060096
3362670 566896 6690843 6409450 3641971 3209246
3188533 390707 1168690 382039 2575891 47123
744501 8143534 4891681 1457852 4581446 4436842
8912613 2280869 6549512 3907540 6514714 4094417
1239101 2342938 9128726 6910922 5282399 521653
9769660 2715764 5773012 3142474 9141982 7563936
6278422 201943 5581278 8161570 1102136 9870282
7351005 6047630 2275380 452060 7677737 1129165
226998 9590062 3999846 3604889 4422947 5580169
9376255 1324050 951161 9251820 9271097 3078811
9117459 8901691 416583 8338436 7683824 6371235
5298373 2316932 6471920 3361028 7342638 9088601
7711354 6131039 5580857 910414 224419 9283956
198785 7852759 9965589 7613149 8544658 4207489
5951023 6327580 8671016 8556549 1389382 874227
54315 6864656 4291650 2922165 7419957 6683772
196891 9314870 6978821 8159379 7709421 7886950
6964971 1989745 6028703 7428556 9418098 438305
6521994 2023334 8714868 9800267 4679133 1281825
6658977 1124136 7391540 8453795 4889913 6439875
4113255 141689 5935655 3939060 8122087 8814012
6010826 2708862 8380693 9520274 5525974 8643808
32145 7098146 3632219 6003416 2984380 3998114
7744520 621215 422539 2819839 8828116 1208941
2803447 3572947 6877750 4271077 3115715 4699210
7907081 2156434 5780302 7672395 8347311 7211430
2880024 901658 4476203 3434915 2665689 6553815
2257979 6965720 8383634 5921344 8600609 9772526
2511762 6334766 4446042 6693728 3147096 4279358
5277120 3205283 1190772 8295146 3266163 8215405
7277906 2547618 8434145 7002731 2583021 1272631
8724494 4189127 3110695 7655904 1051833 97265
2496454 8060840 115452 6957209 192571 2221410
2768349 94293 2626840 6175677 9828396 5873898
5834659 4424286 1708687 4269992 8788756 5478697
1403211 6897753 666874 2132132 2843437 3981191
4023999 7585292 8827003 2309676 3153707 1617714
6672279 8637528 1238049 8422417 12648 9992036
7534729 1617860 6165610 240317 582869 6816788
189028 5262195 1466049 2261770 5008116 6528951
75232 6392528 5360378 8386511 8189279 9782765
1287906 4587495 9054575 5930410 6187001 4459985
6004026 8483065 1317700 514382 964608 7312976
2840202 9604116 5105532 448191 9329330 5916450
2888844 3307012 6186847 4360836 8038901 7484762
6867815 8421310 4611775 404970 9180070 2565199
8542571 1042645 9207772 5500465 3475519 7376245
7342705 1854122 6319131 7965482 4102720 1855361
3930776 8426547 5960555 8043363 5365436 6932948
4805245 500985 9580760 8188997 3809865 3708934
3370232 4309947 5126497 7167233 3102518 2480275
3303133 6317642 6332569 4612223 1032977 5859015
3640118 3131164 2915740 8909081 4265919 5620513
4133732 6719110 1463413 6358832 9824656 5448025
8570273 8887928 2657862 2575104 6806134 3553482
273630 9430084 510021 8471339 9481326 5790369
4673351 4175439 6418459 7437038 2964216 4520132
2314966 6705837 9267012 8872627 5422814 8975121
702078 9390280 3232145 5116187 2199794 8130542
3766959 2995928 1477833 8487586 2397645 2847803
5479536 6669439 1788587 253916 9065036 9981832
1748596 7562099 8086421 7730173 1431352 1056974
4832303 7907868 4886762 3992415 3271858 7334517
2360867 5800849 5421279 5581130 6985478 256187
6248302 7194665 5128735 9310343 1669560 7450385
3609256 1578815 4910068 1706786 3308888 6764929
9099104 7438001 1820203 166187 8119993 9173616
2902346 185266 1733019 1213838 2420404 6641758
8966857 3672819 2185149 4348071 8628620 1240307
2969437 1592852 9330026 3512291 7795755 4401755
6907256 2794801 9445019 9677372 8750515 4023352
2394379 9012784 7127396 5838196 8832263 8697133
2387694 6237099 9808808 3170676 3411744 4147503
484275 5188418 9447199 4474222 9703008 6469174
3108271 847533 6306286 5423678 9725530 7817923
3598959 5406660 8968281 5207550 7534198 4728174
7490160 4597654 9026516 9056739 892993 682787
8672763 5430539 5164301 1552418 3408352 2376156
6005102 6738222 9828616 1600119 3251693 9487211
5504253 2716799 1342521 89620 7469519 8393951
5329932 8670915 41793 1405831 459741 5727340
9546003 6971364 2663636 8785002 1925231 4708779
6427930 7249259 6307648 4850260 6629851 4410646
8674407 826761 4278302 5063510 3585501 8559476
6003203 657635 2227995 6873117 5120994 6737381
8707125 2357913 5219516 3879917 8434090 6379032
4315028 8917017 36185 3209243 9428125 5244029
5436244 4331501 6163742 5091232 4906720 5589579
5549765 5112023 1843701 8289188 3730374 4680824
6501600 3737489 1280036 8167048 1642485 66918
4781523 2850396 7236484 6053708 566341 2148893
4275616 8373337 6442169 8934258 9780894 3379544
8556895 7648721 5902009 1231306 11029 8681647
2914020 1962553 4169349 1402919 425947 5541655
2397756 3053474 2442304 8790383 5724572 85716
3129264 1674422 2830863 7189988 3761426 8241917
9848258 8532329 1626978 2245890 9720982 4704472
3975830 4414487 8775223 4940425 8579128 6216729
1884551 378070 5874366 6966107 9793218 4624941
5785705 5039633 9859681 613762 3847003 2929885
9827154 8830605 6276796 1975094 339894 4782350
5631675 4393525 7834858 1558523 7345892 1471334
393153 6402784 1940210 8980035 2997321 8904644
5025129 8960090 4616813 9740838 2745021 8035047
899957 4096712 1168663 3448374 4842677 2022763
3925303 7171913 4784444 1599208 5116628 1015425
1351648 2550387 9579093 2949167 6934136 1370681
3915157 6996166 730548 3150957 3147153 911435
5882392 584661 6054475 9607545 9196326 2812019
4703681 3118647 5283827 9140043 8733993 5469891
3100519 6894996 977170 4107314 2868706 2914283
5331543 4028623 3614634 8266901 6659987 121843
8004617 3350273 7344194 3382142 8669574 5002918
312742 1431293 7288650 8807564 1272195 336928
7934720 9992661 872487 7490465 990880 6509388
381959 1677862 8082823 2535480 9587947 4825034
4503668 511512 7964823 3833824 3614207 677607
5238968 6321905 3985936 9358143 5563277 544648
611809 8513907 9117203 1019666 5320645 3233890
1411494 356693 9562949 9909860 2223561 9471975
7890965 6028353 5690321 737351 5087731 9191553
1997965 1115143 1046967 4294465 827116 8316296
9684004 9038435 1150174 7069416 6155314 1683914
9181617 5365299 8076578 5604569 2983684 6918089
4382351 5024227 3691668 8497243 6094289 6136870
3385693 6533439 5325662 9102506 7206029 8017908
3837796 187537 7335714 8407420 4178820 5273368
2013847 578055 957333 6549540 4808068 6027833
209431 3737815 8575903 1262554 6679057 4899417
5636557 1244569 1022834 8569457 7211846 4198960
9813567 7267529 1954428 6282739 4716419 9394653
1939754 6548985 7844480 4454056 2345740 1994296
3319873 7207374 3504994 447227 9683302 6782297
4065236 7869228 3587085 3238551 6156889 4781689
4231868 8272793 6043968 460917 2874545 2305826
4091325 6838029 2441341 4476521 4012150 5196838
5072498 7790064 6368175 8234481 9811142 4947632
544987 3060448 413643 764380 1202356 6035795
4285248 4803014 1786393 1481777 4912715 5031961
6748344 5406462 8561620 5612727 7634527 8599093
3618035 8072113 2792184 8527899 2149293 6397008
6510879 3695504 6262834 9541284 8193930 4346628
5347741 3436587 5476360 8849583 3310902 9137809
2686414 7620893 1332116 2789966 7067475 8376676
7933558 5344688 580441 190290 7901656 2747379
5760173 5112845 8308175 7445563 5660826 7813766
8614957 4501059 5947035 6080129 658077 2018160
2475403 7794947 7790792 8363069 5266592 5259095
4898272 65709 7992919 7707123 537199 6164469
3360552 7549057 5507675 9866104 7275591 7264247
5183934 6104028 5145021 6601225 6409082 8826098
4708783 6599732 7769248 2595114 2892000 5638579
4657192 5512537 8048891 5250426 9555366 1959625
1240482 9861381 2728959 6951666 1251687 6943869
5314903 6861678 4057310 6834081 4131218 6417481
1329711 4043335 5673956 680080 2170512 4799292
2043950 1566111 3607531 2585472 696232 1309963
1037334 6631522 6709903 9413412 7784835 1913112
7275923 1702831 4009399 7121555 5388415 140400
1566707 8236920 3577744 9293303 4502968 9975021
5331124 5592221 3465389 7458047 1064689 9400528
6410911 4517921 4179605 3219239 5899617 4799392
2048513 9658907 784531 8566150 5980034 5415209
6869992 7742890 7809745 9150968 6438330 2241972
4402949 7225573 9017394 3842103 6413712 6910879
1641971 3826576 2049316 1763387 861426 4911852
3835773 7445227 6870768 855379 6428050 5784312
318850 4591762 8166187 1752134 6310900 771689
2598127 1559195 5143315 5892009 401085 643922
4884887 9321374 46334 7914581 9740576 1755823
675026 5969241 746417 3253626 5002573 7756109
3935595 1552690 9086115 8378515 8952702 262144
3474641 4386557 5764183 3191600 3412223 2730550
4862544 1290255 1435575 9033623 2168089 5875137
2072163 7384515 5545184 4520718 4853232 5182169
8467275 6262684 9134169 3363036 5126312 7061683
1820534 7269556 5346843 3901493 6271813 5708777
8888271 5247826 4200544 2614647 19492 8150340
9018950 6222613 7166949 4056425 2847569 1882907
665529 8020873 5810884 7864273 2055382 5207701
4430758 9528858 292344 3338959 6774487 4579273
5266226 8692116 6757621 6827937 1608979 7258502
3423068 7867057 4124929 9314684 1582384 965004
8336579 4518329 4553651 7255233 4832028 1699469
8177549 8340549 9337474 8655608 7402354 5238531
8023448 5390634 4942486 5181106 1970665 8592505
6240898 6387719 859557 2729800 6534754 3721873
2101634 8825695 7640052 2558162 4139008 2582035
9095931 8387560 8208003 3055315 8332162 849417
7354524 2590934 8060414 1268529 2000737 1565859
3080343 8569096 2981290 7484346 8889617 3619211
6269595 938471 1960015 7652921 241221 8734842
7773158 687462 8184196 9546375 8942549 9809188
6962424 1399419 7669261 8488132 9107650 7886071
5596395 3507845 9133797 7422593 2398240 5856219
2858898 427336 4189773 7070095 258059 7688971
5743209 2859533 8345545 106136 2407834 4461529
9645234 2980797 3931458 5402002 2640684 381693
1554329 4753245 5131313 9455617 2924440 9107957
7540465 7594270 7629398 2691137 5628420 7178838
2026968 2978160 5526362 1080815 6181209 7776435
1294675 9327217 9898670 2182915 1766590 3110790
4653978 420255 6046164 814974 8487420 6883606
7966559 5428629 7797321 2521302 6359527 8655463
478264 6364797 8280801 2648935 4411702 2466816
7995056 5916063 3755783 7436096 3987797 7697325
275940 2341999 1007902 8874222 1800308 5538909
6379485 1481265 4865215 8896032 5723141 7503218
3778647 9736470 9810866 5794681 7684365 1992453
6250334 8592885 989626 5278601 3312294 2910206
8724831 4810739 5909167 4100360 2056863 607162
1227092 1488858 8054606 7052681 4995107 7827630
5055708 9867008 3327242 2191224 7598794 5953637
7649398 248265 563218 2477501 5394575 8480960
1717472 7384415 2323287 5030971 7189474 7985024
1118594 7279479 8523786 6347257 1616974 9524126
8866898 7370509 497589 211096 7562635 3033962
1304920 1482613 1487709 9978682 3077626 8466952
2777349 1264748 2739215 9968674 1242504 2867033
2474736 2481186 8744073 3572485 3502917 8267944
3569138 3990696 4007727 7320325 2847005 802749
4675664 1865134 70607 1108133 6746434 7013069
2092222 304089 9304196 3811033 743234 9479515
813596 8213885 9759346 3872627 816826 4142598
102530 9239881 2003915 3643740 7870402 3843308
4526515 7553301 400623 8900613 3744773 9083432
3542634 4911379 5166186 8840038 3052525 4514408
361329 5650095 7583496 9360614 2657348 8855200
70957 7994599 5827361 3426899 2580977 6663248
7839459 3450150 5241637 777215 4599234 2761153
2092395 8283879 7538028 2912769 8862624 6430335
1918336 961965 8663926 6358123 4402193 3939952
6750315 3007984 2800940 1444321 3304107 2013680
2430567 2655672 4408430 4769513 7240882 4505468
3671252 4415393 5634522 9087488 2314968 6471450
9648098 7116156 7097433 7902275 32070 4736347
9548037 2040037 4216866 7893211 9746907 2615919
3142735 7392615 7773446 2652987 7031535 5673170
4116173 9321031 6511234 4549040 1674061 4792019
8610713 3397353 7759508 8705460 7247204 9369953
6172646 520352 4273579 5318950 837558 8945703
2393584 2818222 451327 3269949 2538827 6603557
9268465 3327542 85833 108767 4028934 3398612
1678040 3323872 9463377 2577268 7055016 2145726
1360245 947476 8953025 9580960 5960113 8899816
3616016 6999861 8186509 5900110 9953291 7840566
1905647 490203 9224125 7751183 3570375 8156525
2552139 7381598 3172163 2647131 302856 9766727
2456325 2480073 6921194 354294 7747050 9317595
6100320 9390071 8868534 3462655 8896960 9680602
1746910 6608976 4418513 5640907 7624916 542609
492442 3373564 4995002 1007878 3783397 3579540
8632782 4578003 6692371 6257405 7049865 4973753
4003904 1776686 4665520 3786274 4052724 709694
9862657 222177 2558666 2763485 2560256 9121489
6398991 1634935 5675740 872756 8323056 8043747
4908467 3406796 5337660 7655312 2640571 9735700
3810981 1764543 2918120 5946896 2117102 8415230
954905 8900054 9083568 9919100 1227322 3453999
3218545 5500443 4986718 606570 4323811 1241097
1849743 9958700 4931016 2852579 2368705 1556773
596109 8437423 6126403 8909333 8155313 3025446
8781114 7089177 8588575 1684276 1962910 4978942
7599503 6457050 1966216 555644 5435004 1488003
865847 8059273 1513992 7819103 9680487 4233882
4911705 7156955 1271368 5745763 4868938 1242799
2222282 9847649 8479173 6354621 4889471 1581558
1346792 1402092 1894562 4360042 3104167 1500834
1998244 6906427 3933602 7310669 6523024 795829
8116569 6758295 2259112 7814410 8672610 3825633
5351474 5377141 7839659 9247767 9064728 4777684
4103509 1937326 1220226 4675384 9547146 3184133
4813272 6667318 9242465 7797689 1735580 9148158
4829030 9763429 9913218 9308126 7101762 2593795
1153746 4412308 2762222 7049932 1456874 1117303
1478630 3842185 1872670 1075458 3576955 3575960
3168055 8492323 6718694 7521125 1056577 8083216
5032391 233882 9116337 1136539 1418066 4825660
5875520 8461530 9203061 9645204 6099361 4543742
1805408 929847 9366027 8121590 1348463 6264856
3104360 7621269 881035 7937436 205797 3964976
8084619 5890048 7106447 4888892 1860853 4590432
5724475 8794706 8234405 4507479 507418 9349774
5477524 2870473 3972424 8400638 1156321 6332006
3744125 2526932 2312287 9222972 8496216 2894041
4840441 7786158 8914833 8158899 4528815 1503262
5387222 3354259 4259735 7272377 8992126 9261704
3406499 1590991 2258171 7809674 2344190 7810114
9278191 7714130 1956533 4673089 7629051 8499586
467212 5405881 1703932 6400962 7765244 2678281
1723510 6059142 7602710 1623372 5903519 3333335
5057611 7812088 9932968 2773874 1481503 5953794
6209812 3916204 6919627 7216663 1561244 7759646
9685629 2405704 3020626 6981022 535328 8088586
4456040 1280023 735959 6515066 2004655 9907816
3317004 2214497 4669385 5960494 8854974 2727905
7790280 3375700 3184902 5067763 5143918 9533436
1250561 5357130 4311356 7162687 492158 8307236
8339696 2443241 4858401 1553927 6198227 5135908
1303842 3386592 2071660 693940 3261011 1307393
3991947 4993054 4936268 5697052 8485914 9944025
3907853 8923591 3383990 9943298 9828497 5128075
5379494 4593955 9301857 4073866 4123548 2391128
3933211 1493399 9688168 3603939 2607838 2570515
6438157 7197966 8034581 5770731 3274769 310508
883040 9275364 83628 1653308 8864502 1859059
6247007 2104700 7673937 5241493 2271756 5527858
2038203 4621188 2739213 3797858 2571292 1422491
7073356 6327304 7891462 4617075 5533358 9050425
3655223 2193718 6838460 266441 580566 4333777
8615323 3040143 6674313 1875796 8326013 6172103
4835690 8956132 1218030 5796874 1784994 3976464
5572796 4312090 7333894 2773138 6766154 3305149
6501778 6231284 3907064 9994243 2169466 3073146
1011672 4973052 1748570 7108703 2471114 7262500
6728838 2866717 3630271 620041 5875236 3257912
700783 4143590 724554 3884027 5775988 3734141
7943882 3400723 9420402 7263225 165417 272420
6363986 8751989 393865 6221739 8170005 2047082
7620883 3247669 8808323 5888738 5795221 2405231
1189357 8226760 113311 3235228 8463674 3292258
7466647 785290 9513855 8646642 3162391 8004594
8177188 9338545 2561212 3933784 6131602 3101635
804360 7742186 7126591 8313499 5608152 1445939
7793847 1775616 7367941 3746854 7239611 923635
9436112 4824517 9131212 220830 8112881 155694
3398796 9561553 4758340 1239934 2120810 9113725
3544945 4322421 4697511 1279725 528338 9208159
7635746 8221044 5634406 3263455 4357294 4399388
4076692 1048185 1562985 3331347 2929540 2311002
7752938 1528709 8445586 3740313 1250224 1375845
1637345 3333528 4006608 3711876 1557555 7961808
692548 3809075 3248266 7685089 4715781 56751
2569039 6598981 2427813 4983470 1275857 5608831
6524069 5067807 8152763 7864322 2489108 1825101
7941692 5131245 6709519 6547634 8450959 8458282
708896 4807558 1472041 5235476 7585138 4387735
4757874 6002595 5847060 6511516 713836 2388661
1471487 3256189 5450033 3306853 8813148 6283822
1463795 1872444 9598068 141660 3413877 7252750
2960820 92797 384145 2507747 6459669 8619832
4557849 7931269 545240 7563722 6240354 5923592
7353050 7819182 1449676 6151359 710603 4312965
3305839 2970538 5183601 1169455 564353 2607858
5033830 5964971 3813976 9196570 7044458 4641841
8266771 529437 398130 1149581 8684611 2745784
769344 7791290 6871046 873927 566630 7469984
8478535 5027545 1643401 6338657 5824650 7621993
9123327 6291696 7887744 8132376 1600122 9639166
1735932 9320687 9081987 2371363 5231841 4296913
9050354 3033029 8106580 507682 874974 3908327
9297759 1492520 4982583 3785716 8256361 538557
2784979 3143772 6303839 2884367 7355994 9286509
1357911 2261680 7529141 3630507 6712381 3374339
1547947 6410749 7039989 6772198 4406332 5851076
2303446 7138416 9898283 4317981 7417131 3507009
7103825 4175020 7551296 7148054 4616403 7774330
891843 2687906 9087364 1945076 498567 9885390
6188664 301483 1929658 8875768 5841223 3102511
9794133 2458405 1790468 7008741 3706876 3543049
4476052 1069835 9986660 5928883 2201567 7281215
3282584 9107014 8223064 7203949 9518144 4612255
2153778 1808484 1519629 5548713 1046851 1773530
6671996 4952384 4674775 1206743 2060009 4975672
8025137 4326509 8484888 1656740 9225591 3238928
3590182 3797785 4259305 9895414 5598203 3704559
9602472 2696569 9959639 715656 1763958 2375718
4101644 1506742 6964486 2996462 5868150 2436379
1779052 1247120 8040883 6461151 7531090 6536079
3807489 3253501 7079543 7721120 5072406 6585759
6504508 6287405 4342339 6383455 5928174 3189772
1476283 6445005 8676559 6181372 230284 526505
9488116 9783405 1332656 5126301 1390401 416014
1488422 4505688 8644379 9262688 6562170 6057744
1671731 9572618 33053 1578056 3999399 3056826
3605629 6785630 1877802 710237 9973038 3889633
5827660 3973734 3440233 5698125 658495 7944518
4054358 2962376 6418620 5772834 2696293 9538061
2256601 4708365 1231646 5566340 1129127 4587785
5033124 5254565 6662422 7516418 7843936 2262471
8522488 3431636 8145708 3533356 4959882 1426562
2252290 7911446 2600962 6174259 6278524 1654418
2774426 5358559 7132245 46809 8727307 998830
3683908 5640824 7193850 6481540 619866 5194800
2079101 4380553 4534838 4246622 8979502 3582583
5903186 2053668 2546475 5292406 3827766 9867516
4579117 6247713 9887629 6259412 8713394 7945582
3877524 7047119 2797471 9004834 9816907 7757122
3388934 7646134 9514683 9524499 130686 6945466
3420878 8878844 9201335 964450 7897962 5602589
49720 4306589 5673276 440301 8647330 3248977
1736756 1332252 9835874 5536756 3607694 8010263
1824856 4662523 1315100 3713712 8434562 5382480
708569 334591 3948867 9227771 8843647 4768558
8545522 4494750 8378384 9518198 4866750 5984074
3156824 1253228 7457501 8284811 4729475 9932043
9892605 106779 4488366 746671 2073197 4164695
8683363 1675911 8257995 3453040 3505795 4970182
1793760 7344681 2755571 780728 3037163 6559520
4934807 4352515 4102804 2458842 8098611 8739391
5658025 4893228 5516081 1857353 4493180 9620155
72031 2903004 7691735 8562303 985220 3213138
9263233 8913269 9758017 6535694 1366371 9281415
6991528 7053937 7677183 5087168 6153039 2949187
7039786 3652021 6225430 6381560 2151724 9593284
9155750 9100827 821911 3302293 5251876 8512489
5583789 872229 840886 1502687 5642755 7694064
6750057 2275602 7795202 1617919 5506939 3796456
3139927 4962552 8291012 1409408 5246026 3719487
773238 3072942 4491744 9206098 5912735 5742054
975827 9595950 87063 3924041 625702 3656232
657613 5031473 5148178 2581122 6565342 8140061
7917078 2643079 216780 5203938 4295798 5061700
7497355 9741059 8763207 7226549 4729751 8488751
7134912 4167629 4189944 8592248 7069074 4228953
2107565 6196514 8379434 436533 4383867 7289943
4974014 2272322 9242909 8678920 5048409 3682943
7505291 8536166 9680333 5116110 9394255 3614437
5041164 4210353 7296317 4311251 440466 2511165
2934215 8797929 3132288 9788181 4877091 7413821
128241 1591330 4621675 1691674 233133 8540315
9883575 6079586 6890468 9409838 1229524 6249055
3961259 6439686 2141073 5838671 9022600 130403
3438660 670889 8189370 9593737 7651570 5546792
9264703 2855482 4330627 9548992 6659695 498255
8649648 1226619 7514860 8296410 549233 3657394
2082315 1119420 1754274 9510020 2976513 787531
9268919 6279016 1597213 7140441 127915 9822085
7919253 5231076 591730 8311666 4994321 5708137
7199928 740461 104691 9410779 1973683 791285
1222392 4045271 8826514 1576864 6519516 3256539
6013260 7604223 9915575 2537752 2229837 2718774
6152471 5921138 3427821 7570772 2202618 8350659
8207143 9428599 1956246 9592209 5473665 8943492
6462443 8562054 8951201 9375919 7518476 9327503
8956522 2888201 9771304 8109472 6763700 7935895
5797461 9555815 3242213 4381659 7775485 6377486
3564002 8723011 7530668 3161202 3139955 9056920
5194621 6994838 811081 6228671 9587308 1702503
9507565 4461404 7207318 5099965 2503803 3440073
5230383 3544981 3129791 736973 8460246 3121072
1803134 9357547 6983888 9786734 1152409 4783359
3108169 9566166 7243420 4329642 6609705 6513154
6687249 3144204 2596897 9916028 8491926 3692561
4838520 3729874 1632679 9877952 4128773 3082856
2127207 5102873 1700216 5849016 6636212 4584428
3239059 8400901 6486449 5506645 2132126 240491
7395516 6123535 2495507 982015 9087362 6410562
2710096 9295617 9429493 2722014 3585054 7098714
5053562 1327571 4168337 3230890 3127096 1405306
2837571 1223847 8062851 7254649 2198498 9264781
4657067 1268522 1194920 6503279 1181566 8271373
7806825 5303555 5383645 2247586 6501953 9634464
1013039 9311412 6333864 3521728 5736262 2552195
2710195 5950385 4018410 6158124 4748610 7400738
4632863 5587716 4305502 5486411 9621300 7326649
1181283 9737644 9099757 3328771 795288 8895643
6269920 7633896 2763447 354267 4133993 323780
4041553 5226439 1526945 6006536 8298113 1532625
8793691 1438951 7881120 1574729 1797933 7622273
9213319 8868417 8504946 371389 8872098 4133966
2618122 7041288 6424099 9537038 7493754 7598074
1417660 5966432 3858094 7254903 4427856 318764
1454850 7308610 6964816 2882346 9937016 1976415
3279710 745712 405413 6366225 7321104 9960381
9674180 6596173 1193560 8563783 1465311 2318848
3345738 5686539 8344170 1735057 1448656 3107144
1407148 2447625 5456578 1661066 3729796 2908438
1222425 4467654 7647132 3678744 9807726 6895657
5752640 5768726 5600887 2904271 522448 6432867
9251768 9510960 5753774 7046635 3222439 3631675
1603680 9300883 5262831 8300438 7209010 4516658
8547474 5008798 1971545 2815459 3558922 4854542
5843628 1015819 2658350 9214017 5495335 8965800
3907431 570081 4734994 9819494 4032485 4078354
2425282 3980171 2182502 6494343 2691505 7134767
8236395 5775267 5581466 9025101 1922763 7850928
8332738 1351741 7062340 5701818 9851214 7481098
8585894 7491196 9914764 2304942 9878889 2892579
688518 5896328 8574438 2331482 8165088 3819333
7768116 3941784 7496455 5769924 9964163 5455198
8915211 5358417 3092276 7961426 5665047 9382712
8544059 9051168 5031428 5436505 3444863 8210902
1862595 3284981 1568525 3513005 5984261 9115328
3153877 9677991 7056553 3891367 9991589 9198703
7567065 9956567 3761167 1057187 3246326 7254392
4018396 5141328 1364934 7871798 99128 8552012
4642123 8877854 3019960 8139394 6574613 1701746
6645482 376633 8144218 7227803 770888 5579624
4994612 2851573 6611279 7006506 5771848 5555765
7931282 957563 3639179 5675292 6183375 7636304
5274890 4998009 9618185 6564165 9460949 9638300
4994193 8615195 4100359 3089208 1830904 6720768
5809582 2631283 8350511 3711025 2367219 3738389
5965631 2874877 2944188 2460767 8904838 1255282
5026946 4464306 9387930 181836 7206956 7363310
5430997 6337958 3332140 1000137 6193756 9385500
2378683 2307579 2382020 9981290 6914636 1519818
4053922 9837799 1021374 5624374 972710 3471531
5548186 9252426 3888961 3428675 8637399 2441182
1403934 3286453 5337002 2104040 3878672 3952671
9809994 4657380 6647493 2778117 8486812 3347585
4613336 5571058 1791637 9832613 2834532 7898463
5605471 3594385 1481566 6732373 9136810 7620741
8890960 4793037 8491664 2921926 5274370 1027846
3783404 3369818 2750645 6928543 6237637 3965968
3931592 1045052 5673351 321229 4179395 8197702
6830643 5638862 885982 8902114 3627540 436625
8049426 7371427 3569449 3083871 2936977 297029
6611774 1707690 3697949 9430879 7859760 9649181
8080563 8541254 1966282 2152740 2209835 1926835
4605086 5385343 7325064 109327 3088207 1115626
3925596 8117485 4802270 9255196 9832501 947621
3747138 6857268 879200 1828350 6678609 8927610
6310210 1427832 6213928 5750394 1134696 3050564
7424074 3707148 144674 1848899 608158 830768
4900782 5628641 7275693 3930526 4991400 9044879
6207237 3847026 8117940 4698981 4368021 2677671
1225845 9570677 8995487 2536254 944104 3188921
3075256 8135211 9807858 2038133 6071671 9165306
8551838 1604932 3723936 5010128 3522031 8233403
9511976 7025810 9314773 4751635 9134520 3079159
7958155 3504162 4971532 896098 1267939 8290683
3443746 8339087 5482876 9474107 4673167 4420682
4999391 9296101 6145559 3532449 2541134 4920243
2891422 7056483 8305576 6993662 9980072 9638267
3589402 6831679 6911544 6653641 7003520 479473
1813498 3695348 4860250 5515546 7597133 5908494
3762826 7245715 2809344 6213624 1592835 7770514
8197652 2987543 5992274 4104653 7263258 545887
8473129 6333782 9264921 3160365 3240993 4376484
8522742 4185691 3562071 4701041 1500618 4287183
5600855 6876216 5102748 3553551 167930 8151359
1555605 8270377 5413813 3837292 5661214 7872359
861636 5324476 408539 9821226 7471186 9378237
3246185 5892955 4258909 2188170 3717940 3296693
2205668 9411727 6562029 4598229 6509285 4081115
755507 6367998 1852464 1626889 9389766 6168612
9431825 6585245 7011940 9118454 3653042 5747287
4910026 8111349 6080879 5997173 8806032 4881820
6718158 4591924 5522515 1997879 872489 7210474
2783839 1089541 5053056 241966 5806900 106553
8035705 3266534 2532301 3885643 8453531 3628473
2815975 5921228 6243497 1206420 7938993 1732342
1018347 9935495 4896366 581759 8704217 8080459
4127082 8014899 1423299 1947378 1973377 7618218
5007248 4200918 9153576 3779055 6989188 3012283
6156891 8023417 4861947 2165744 5522731 3574483
311467 8348803 1075080 5271241 7333650 6569506
9471416 9236548 1856528 5529475 6681912 5140042
9992958 4374699 2806115 8582577 1630431 1837419
3964724 3179717 5547225 1748167 5619991 6796972
1748718 4667068 6584551 301436 2704736 8508972
5837150 4655127 2034572 8925819 6916899 6660398
4172051 705178 9808964 1941027 6159753 8594078
2629470 6768191 9238021 5134537 7875290 8181185
533796 8159425 8995378 3001622 5582100 249523
1937362 212573 6546125 2739335 497846 6813798
5911455 452212 1264833 7628177 7484983 6687615
6201893 3504537 3180199 2925476 4619504 8543033
9609131 3959087 66498 9963622 6366396 2802540
3930615 9334032 7147771 6694260 2566212 9624780
6517228 1668936 3933264 9906084 9726816 6158345
5991338 9841472 3634773 7855784 2461338 1428224
7786171 3385236 6304246 3480331 9001618 3185683
1612647 5483285 6687358 9953947 708441 9451524
7175138 8192031 317154 5503190 5659081 7621848
1369310 7488449 5505431 3829541 4217482 127055
4364562 5864727 1652350 1441624 3052637 9347834
1190589 2952186 6233168 1926124 1344266 8344819
295679 8777676 445344 8373855 9822133 683026
3833824 3624488 592769 9391931 7938786 2461262
7902966 5788074 4251989 7643253 1298007 7725077
4017562 8559306 546675 1466519 5788548 3508113
7364763 3055256 1595592 6735891 2177238 5729463
9688243 6010635 7398157 1582044 6237400 4639446
3972038 8674732 1204207 675814 4682082 6532861
5893493 3814163 2055579 4965394 6294558 4177962
7946917 6639237 4265059 226893 3467882 7008243
3113975 3271790 9395349 4044480 7178440 3996978
5451824 1799832 8248252 7373298 4882187 8266673
3499260 8504908 2178180 539553 4431907 1098528
5458398 9618012 8167280 1958367 8889447 3045888
6116925 617468 9135268 6239844 624916 4828167
8540720 8775810 335214 9908045 7734805 9929904
6023351 6619111 6757131 5957300 1857685 8705910
2329548 9522434 7581469 6804240 3575165 5435533
8454374 722179 3963305 3224462 364751 3228574
2190864 7401820 9068112 2690652 6597737 7561597
5339853 802803 26544 8432936 6504853 254980
7203656 5410651 7858824 9780835 8968994 2038164
7897812 9618013 4185114 9793901 1182977 2406039
670162 9743795 8513358 1392382 4911438 2822425
3244771 8064251 1900025 9782791 3625206 6592837
3605472 2047248 230536 9442916 7113781 2877162
3473112 8327440 6414039 1355700 1047285 7280512
7660857 6955509 1055760 428583 5090276 9948302
8956353 1205245 1995827 7359999 5985605 1292371
7012087 4510409 3014507 189036 5033873 7740837
1807325 4453709 9669759 4183417 1789577 5576339
1045444 9046856 5519906 9395302 6473779 5421421
8349703 448221 3840434 2931902 6306130 5139834
3424908 7099466 6171453 6083941 4512356 9778421
4332887 3213452 7026390 174808 4769221 8824399
9232122 896811 256176 1163021 9370630 4301533
8238974 5110312 1499395 8855413 6220266 301397
960805 7613715 7506320 2819687 8605567 8053886
3859057 1517614 3516839 8821609 9510326 3260953
6143635 8435927 7334788 5445786 5677906 60432
6316971 6507616 115991 319757 7190943 2936969
5737377 1620345 3440721 1621765 8894729 6314067
8055246 8531189 413159 5289372 922560 3288546
7646540 6346177 2143542 8383659 6525946 2948768
8768967 1813879 8674381 3967919 3216409 7919222
3257265 8504622 3517883 4944847 9650166 6395803
4007339 7618222 3373050 50406 1665249 8796076
8944666 4494641 6928412 593722 4874195 7335391
4687828 3936346 5312590 7574115 3567342 2555791
4526378 8259719 7535356 2897369 9836552 5802909
4077825 6083159 7764884 4074989 6575684 1473559
1847340 8453889 3349132 4036548 7469322 9041098
5746663 5976952 4864932 504906 3109719 6349081
263905 9279406 5248783 3574247 2746501 6843791
4785394 7383198 2134479 4872873 6562697 2626763
1455317 8034297 4901185 405706 9254863 3449428
8999776 2621791 3284175 9675360 7018172 5939853
2890774 7412541 1619725 7976111 3786707 1443632
8339749 6214946 5335215 3857428 8663367 1401908
9503713 3893964 7895740 4625697 4007445 9642737
3706212 8473297 2574724 7683709 398980 1294164
6871817 563365 3053329 1471153 4957123 3425379
7899396 6609495 5439896 3296764 6332879 4672111
4055294 8254467 1740521 1397028 2814634 6875683
6315786 4157495 5619159 1339766 600405 9195005
6491561 2917909 9869327 4360571 4561134 873053
457094 3131109 6496245 3684663 3417108 1886750
9071335 5822352 8396159 831890 7832456 3998169
7315961 7950833 8858174 9041334 8734936 9429110
1653064 9844172 7942881 3967077 6389266 9826154
2823105 9618317 3053234 4369409 1494971 6438139
9208819 4368956 9388373 8652588 6957014 6517492
1229537 6933365 4672119 2456686 4487339 7546836
4593865 7186319 2672751 7854113 4880640 3857017
4940472 3134697 962201 3354726 6648955 6918291
7185465 2652098 3640909 2053050 6383859 8486961
2843757 4429248 7121329 6856629 3692205 2448507
298948 2163744 2220646 4929847 7874841 8160320
516001 9795266 3613072 6933974 1420195 9517393
1416361 8495841 1707907 6112879 2544098 1650785
3045115 4094380 9707452 9977698 843933 1695163
3618856 9013340 5251760 2944509 5661294 473478
623029 8850268 7153894 9081852 1745112 6363537
6216727 3063640 6613634 5245607 4247901 2746003
4533648 8796619 394737 9029398 5799345 3691291
4488267 211152 4555189 5885601 1920773 6087231
1909987 8923208 8790444 5867208 6213997 1298690
7816006 6877469 6931861 6290987 5042296 8209005
6993031 1463596 5435209 1062131 8855716 9079162
8176744 559098 4150037 9745126 6051734 1905983
7196117 2242395 1239107 643734 3380296 7931894
7973053 1590460 6046672 2481013 8905973 9503106
279940 3050909 1209105 1225845 2009255 9080458
69658 8568770 4200466 9983864 3421841 979361
5250955 1252503 8833624 3192005 3144402 553304
7300276 9224968 3175730 9658625 1302570 3208664
4701927 46394 6551337 6086653 2868963 5552677
3647742 4224631 1799297 2366937 7750800 370269
5924516 7104224 6883027 9972748 397625 6715946
8621196 496487 9469050 826950 1786485 8541880
500542 3484082 6539606 3442080 9323224 119784
9751349 4686728 5115678 7240189 4553597 8324488
1652664 9535353 4381717 3569044 6458784 3646059
8053182 6994975 91849 3025777 4533623 5217795
3475878 3639331 3105378 653721 1569854 1671843
4855736 1207500 3320250 5772599 566909 7208274
499793 5875083 8526411 4052545 6810424 4957520
7634610 9394346 5998402 8981359 8887635 8589075
6888550 6798387 9770194 6974899 9512972 2432811
671085 7697499 6054573 7279382 3870959 2694407
6264742 3132262 4090026 9243695 4026113 3453508
2846647 4523778 8244197 6115487 2095697 7694471
1127369 3473531 5466582 2582906 5759520 1875259
6602859 5461000 4023287 1295734 5069791 8015005
3863303 3235811 6051222 7676157 8641452 782656
4571147 6670160 6578395 9221465 6455872 1015253
6962555 7496770 4456640 2339623 8547220 8575179
2302828 5310318 4325438 5840346 4884825 424168
2366887 9080404 9335823 2004796 8332314 9425808
4627277 4508350 9722009 6075349 6995756 5462176
2812147 8578405 3031244 8886017 5686352 7232147
1805172 4724551 3217726 7774443 289374 8613305
2349772 3927312 5349940 8201694 8977021 4867899
1961084 734432 7798414 328702 6186184 4436359
1846705 533189 8639160 2299383 3837368 7740293
4343067 993643 1915786 9380694 2791057 9731762
6748421 5048938 2155300 2197118 1236623 6244111
4882299 8184741 1772910 7710509 3222840 2164856
6678167 9235265 5325052 3335497 6275899 2635597
6439086 7309466 1055140 8991313 6358511 9424538
3423979 6337573 7689762 2254545 6534021 3761682
1882607 4241025 8127922 8764480 1341692 2013500
916267 6218100 9844264 9922165 4860147 9482909
2851093 7929344 9045883 1054063 2608094 1543628
9130542 2429678 8152028 9456684 4079559 4855486
8943003 3154853 3051824 688916 6682894 7216120
5949090 6234144 2047892 8395987 3910646 7983630
2205236 2125239 4104158 9412409 6035254 3217376
9237238 800161 9210763 369712 9888695 6055126
8307382 4930880 359174 559042 8840329 4032249
4352039 5687158 8857904 4255888 4246028 9658461
9400537 26368 5015523 4241059 9238145 2888920
4827487 3964402 2926241 6736875 7670744 3003950
4691643 3025690 5160016 2698913 9149390 9099086
1853929 692604 9487540 4906478 369834 2213490
1779688 5905656 7588629 3391275 2480833 2229370
3078361 887832 6901622 2114873 5448159 7628446
278675 3917895 6311198 6609967 1571180 9425837
3243031 6132930 6701982 5537599 7807658 9097257
9460581 794795 464148 6093501 3099795 4648321
3418014 8501853 8407303 7413949 9221470 2822849
910194 634938 2390479 819432 9273425 7305635
8888486 5992636 9051009 7502159 3428332 9378939
9094918 622589 8862666 4506419 2293301 8551056
293029 8422740 3815413 7610331 152420 7578668
6028418 4042310 2312364 498846 8140468 708620
4908832 9490456 7123045 3477995 3680292 3011162
6833042 8724814 6933637 5872939 148032 5490966
3638541 335679 7933873 8841888 6396508 7094686
2499226 5660837 5698348 9791030 7114124 624526
3979377 8321499 9821744 555912 3378029 87735
8275316 1034269 6220932 2556790 3305428 854092
9435210 458479 8610462 8843920 1037696 5125290
4772252 3040402 1398932 3871099 9564805 8562079
6692727 9779706 2347907 2854560 1090822 3179557
8450102 1504017 8645109 4848106 9926417 7386685
7668507 9966155 1677425 155030 910076 9707272
8422933 9149661 6988394 8892924 5248190 6676566
3716802 693101 9290534 7155996 2075231 4593013
5698062 7759090 7738561 3249070 12361 5317507
180348 5649825 7152278 626111 1140492 123948
8534382 7066501 8544446 397938 8834789 7639409
8941326 6090000 7885145 6691110 837986 5478079
5003743 7392287 4680703 6502422 3786210 1224391
2166785 3588532 9489591 385007 2444520 7539094
9831440 2572983 7304225 6088687 64188 1223937
7056602 2622148 2089481 1485235 5512830 492973
903936 7189823 5838855 3692804 4963136 1632669
5335721 1358897 1579700 8847674 9271818 8492639
5385134 2927007 1889358 6884081 810933 8546900
1202800 7476672 9882399 2325094 2229254 3594443
9767267 9625634 7861154 1577145 6952372 9123715
3655165 8336508 2811900 1598045 3469120 8837383
6717131 536849 9249834 2810889 3811856 1959425
4199060 8784519 1436223 6280683 1482193 1305331
1913464 2109660 5428381 3993491 8584611 368782
461226 8361991 6522394 6249127 2921065 1315527
4554396 3606636 4710663 1316510 2821134 8421252
8195381 2360144 589778 4694169 3459698 2454710
2640559 9593682 6299885 9014877 1833454 6857998
8797738 1947591 4656416 7149474 8146292 8874704
5028144 8178952 8944951 456341 130799 7946743
9473254 7974582 9582562 697629 642807 9972870
3365626 1223865 8399702 1999350 6256764 6907817
5008987 3078686 154010 5813912 4240681 104232
8824397 4090963 4987434 185795 9788927 1147276
6862352 8169261 5519419 1396011 7611251 997292
640741 9138431 8977028 741366 4071014 7616206
1981310 3471602 9808761 7382321 9490411 6979083
3026919 7744170 2063194 4134415 2991270 6633625
4797939 3700147 1715189 1093003 242768 9011642
1331652 7759046 9848218 6649352 7201725 9140282
9800945 5426409 8614198 6150197 3962963 540358
451281 6582356 140635 1218577 5672924 6465987
8574918 1890299 2556623 3697527 2132666 244019
7064144 5653086 9553739 5349671 7971785 4754275
7255233 9629068 3530559 4469925 8003769 4129093
1858665 8202891 8790031 5322064 3940581 2701366
6965234 2567532 9596623 1361657 8568430 7988836
5191452 3172507 2870391 3925274 9048465 5498834
685364 1434286 8834968 7988881 1826017 3216774
2569369 6186743 2595140 2079911 526611 6143218
5235390 8983361 9636830 8051154 7551117 1734357
2214107 3075614 5479429 6989208 9941435 136079
7591815 6733416 6865857 7807785 970546 1778671
5564647 6929450 7359817 440829 8912168 7852477
7220883 6427371 8609739 9058937 4662265 4173708
899810 6938162 956659 6563443 7389722 5196709
5852025 5171409 6573308 8752507 7104572 410905
2055983 6736227 1360686 5178111 4528000 5720904
2166347 7779729 840387 9203293 6853768 9712433
228407 6426874 4450571 5825465 6656057 756599
5525046 7883776 5248916 2996478 5189689 8543258
2305404 8897117 4163504 1376705 3160517 7457642
2273939 1233632 5403924 7848052 9337673 8005704
9469051 1223917 9242861 1000167 2882051 4429521
9563023 6135154 8460683 4027897 9482188 9171107
5103673 2975381 4727053 3900272 3021003 8915631
8585563 7266260 809011 2601742 58621 2741195
7485759 4407408 8882797 496684 20646 4408896
4346954 9858384 1002802 3863155 9288745 5078265
645353 1772567 9787542 2191485 3106070 5200051
9370163 3035254 2515745 5859893 4360358 567783
8402605 2288022 9556592 1767886 4341545 3661140
9273764 7755748 2621192 4281051 8405038 6674894
7988779 4490273 9444702 7866563 5151289 2893967
6411644 5071989 4960566 5618724 1436553 3803200
9558178 9732548 7452213 1484492 3814600 5885372
6776793 3043767 4980898 8180423 3349688 5354753
4094046 3461888 2100195 4568035 4414249 8049776
5351005 5173664 9670337 3223659 5534115 8613871
4550651 8957022 586147 6160784 5742421 5641335
5597462 471535 6029042 8464220 9776595 3791294
7843339 825301 3554092 8095257 5241336 1565832
4436732 7039286 4798457 434784 3325264 2994928
1490254 6994532 4129015 3645639 8106125 4044691
1786345 171930 1612752 7302203 1464993 4854739
2315882 4643756 69740 409165 3009985 6801640
65328 2585829 4710726 9857136 6248713 3207783
5021740 998628 4943073 6891027 8977384 4891924
3570206 7531802 6830252 4154438 3978015 8156855
5285300 1644625 9957828 3286281 5031655 6718224
5632410 954283 7310603 5060045 4465650 4968474
5303574 1232163 2911715 3303818 7700607 6853971
311577 6421219 2535440 5047725 3790377 2325398
9554501 2292382 1297450 8256070 6933195 4869804
1192330 3809471 3493663 3906932 3961767 2558998
804105 6683017 5154760 1497239 3938349 8963733
7316236 4391261 5609923 7189099 8452152 3021191
6634176 3170788 9246627 4950650 5294910 4448363
868384 3983419 2807766 5289210 4970924 2368208
4533595 2053954 5668628 1248374 1394367 6697113
1335864 6132828 604097 7229653 8573258 8720637
4123658 6663985 2154196 4418883 2645894 490426
2075265 6203045 7959168 213531 1963089 4049406
9041978 2344215 7004541 8668440 6365223 7964489
8520482 5759883 9478141 1968179 1208917 6659418
1816646 4724541 6726338 7932590 4119934 301766
2809462 4099510 9056274 3686663 7070295 1708366
4111445 9681947 4567414 5678746 786983 5883474
4503953 7498260 4738308 4258719 8877734 6110914
1387328 2711612 3056949 9937297 8687489 8306188
6724634 5958165 953051 3620668 6204087 1269412
8704851 4727764 8786870 808732 9026479 7054620
1069073 823664 3536219 6036326 9945488 708034
9140585 7895556 9550062 950698 7101003 8280953
6442426 5420374 5692130 1664935 5835028 976106
6347960 2998986 3572070 4869182 5633465 6536597
7701094 5281185 2706840 9544543 8077296 3336197
5230637 3304758 1248391 8090859 723536 5740525
6795322 8179419 8145783 5536849 3072779 8628288
44168 6444625 2602308 7073142 6894307 6492658
6715460 4634616 3932117 1244174 596830 6249270
116953 7843750 5316525 7593682 6212985 178410
6750640 8979749 5900621 1129863 9509902 5606373
3447412 8394231 2350448 6548998 1160065 3505896
2638759 5872071 9893864 8635613 2914780 8176543
5247508 466296 5305609 7559040 3658295 6096046
3687324 806310 1598527 1442084 3722083 1294176
5395482 4297529 2550049 3931021 4616595 9360722
225151 6370393 897414 2227012 8824051 9440370
2451858 5544932 1940465 7301552 1565020 2869592
8228292 288249 9358888 8732699 7124335 6311161
7381294 1521474 3325963 5553705 6001790 5018751
6324785 4317569 1316115 9986362 7649796 676380
6930455 6768462 4113243 2422192 7495943 268484
7378502 7528447 7264409 2340765 1058982 1270823
2938900 7815487 4808525 8687003 6931375 5989084
1516631 7695447 5166921 9090132 4336199 7289554
4159610 823964 1093919 3417565 7405266 6727507
7360953 4964567 6157895 3843850 4811938 2247520
2654247 6001191 5393996 2242074 3948019 5577260
3983255 4221662 9571873 4570953 984813 8586393
9708112 4912022 8694511 7719173 9546177 6132170
8471544 3062605 5147856 4913470 7900758 19259
1712407 8083662 7798604 5274861 4774772 2788051
6033776 4561909 5015301 6763289 9891341 42823
7016318 3602548 9350010 384701 5716729 4342261
5871569 2517175 2499855 8096152 1970166 1009858
243187 2530464 4607603 5177984 1377601 7643557
9964567 997988 6357537 3861267 1613255 8397134
9552238 6093285 6321616 9067846 1082213 8291393
9435557 5074858 8760556 6760021 5766116 1738830
5486662 8272070 1579559 5200197 4791113 5055447
9590986 583480 9032419 6930477 6478585 9274402
702944 3516838 3209370 5214431 6908296 1320455
4118582 2228318 4793503 8996700 907318 6296561
3027373 1650286 1952882 1940894 8723431 5301539
7199052 8481942 8773201 1726251 8416133 3341013
814144 5870263 2308906 925531 537865 6016247
1944692 153258 4677673 6803621 5958628 2087153
6614583 1286 729783 1557266 3210397 3792817
399536 1480209 7957866 3707568 1809774 1938488
9566977 64793 8554031 1095716 2122318 3012009
265573 2880711 212322 1687010 9790258 7906692
1412359 21960 7064426 7581001 4929895 191744
1713901 210142 1074466 1420146 4541056 6005364
4850839 9238392 2320227 352728 9707759 6279702
2667540 9115919 2227852 2216478 433366 9723581
2930178 3090221 2176266 6305694 2402741 8791643
8013930 1353573 1317718 8730633 5217167 3572308
5078687 151907 5490546 5935254 5095025 3700850
519235 1886671 8011292 7640516 3289173 2926831
2503804 2047096 6482237 6267176 3865796 9324956
1281962 2506436 1553333 7417118 5179833 3553413
6642468 4361241 3024395 4954956 6530547 4758173
6543365 3944470 753270 6142997 6341746 5972619
5014632 724586 2176059 7053579 2965402 803605
3705461 4352107 6199027 1817691 8860435 8461898
2912077 9427807 4900726 5596509 7921203 3067234
3344020 9345974 2660449 9011224 1795816 6188022
3561117 5797237 2785767 7227915 800070 6237651
2013174 249911 8222647 5244576 9026616 3512108
1058696 506647 2988696 3774167 8120932 116794
7914411 6236966 4351553 3443291 993879 2545538
8320197 5930201 9295358 9134225 5911038 9920810
8381851 290018 162226 3713102 8127048 7256178
1749023 3257482 3351675 9978169 8676163 3534308
3245454 5896939 2627790 7197124 5560562 3497088
2820798 6787954 599910 1934864 6811262 8939694
1872288 8148447 2793214 9608446 1102321 2742172
4622868 9392749 821929 4134218 9276843 8679333
9340196 1142845 4647490 2090594 4142124 299441
8754756 409287 4414919 393881 6072073 2859586
5386372 461258 146995 4425967 791070 3730950
8994474 8782354 7668514 7277186 3801917 363500
6249962 5424143 2329769 9787796 8106602 7810270
6956608 7438591 6852988 4724455 3871946 8612309
432479 1122011 2759197 5501393 8755472 5806691
3780180 8722513 8865461 7109443 1189751 1275741
7135532 6108998 8434356 8690557 5707894 1293832
7354255 2649694 248019 3563030 2040282 9544453
4284040 7503296 7559784 6903617 3433931 8745494
3537429 5989602 3927164 39345 220346 867895
4514967 1787117 8145809 5377101 3830547 9804532
8759248 1545653 6780366 8725998 1874478 4437074
2042246 6986044 8786150 4830789 748835 2099557
343380 6134602 8339994 3754863 6886935 6869390
6700219 4864098 762935 3571586 7191786 1459629
4650116 3412583 174814 2586604 5214604 9964669
1440173 4398664 1877608 6063664 4746079 5658505
8032429 1637996 1360786 4976951 4571846 4647583
9369947 3314311 6320398 3985337 1541333 9281749
2543593 2435218 3529748 5726691 3369112 3474335
2346940 9261781 7228984 3013327 5250526 5969346
8491681 6395670 7843490 2803705 1920660 4322190
5507978 1996124 4753599 7070296 2005983 5735759
6018849 4694995 4064399 4187877 2648701 5707257
3777155 1656995 5134056 4241401 1167837 381377
7319960 7144276 9139113 8129167 2143166 6183560
2313572 701890 3226286 9572683 9340496 5716326
5133604 8075854 9627593 3781484 3352461 3864064
3588964 7719729 7628607 5990252 6383142 1681703
8550440 7991856 7633961 3128461 6025379 8906109
2792729 5669588 6939228 6583484 8976066 7599217
3865326 3735592 6681898 8972757 9670208 7693346
3108436 8458535 154169 1570905 2469612 8878849
519974 261653 1967103 9677684 1591721 9240100
5307429 3516666 7077890 5202779 5839916 9533301
8220847 1484185 8128173 9683401 7682492 3649306
9231807 9200305 2153422 4491386 2826688 6018761
3500772 3508124 7607450 5935345 1584881 5212076
2036866 7036372 5050271 8311951 7094343 3363834
8164450 9233489 8462387 1878224 6418771 7785114
7137131 8867622 6093179 6350069 3067765 3346476
9878417 9395278 5446127 46435 6282886 1242914
9913605 4085050 4837785 995553 191812 8567934
8580440 5296828 8798885 1660264 2523652 8536284
5702982 188436 1014054 9205572 1713223 2920869
5392486 6355555 4819902 2331982 5657146 8724305
586951 3273043 1514433 6855259 4735531 812643
3196715 8719513 7966117 9928101 9514306 3177288
4574444 8202308 4397981 7219563 3535592 1808439
961073 3029044 9650655 8672536 2897444 5863500
1600053 17041 1769275 6054871 3159361 6909996
1884934 6355100 6822337 4616314 6907949 9164547
6003071 5019750 1130973 9687935 5273289 3048800
5389809 7744666 6684086 5566686 3448736 3892237
3547991 7057288 3199622 2166272 4110767 9703672
6447977 4285165 563748 8547053 4195299 5163583
298914 6109553 9346181 3354595 2837140 159950
1231536 2659178 9455592 844277 9647548 3320949
7611745 6259787 8350173 6222563 3151753 1007392
3601623 582611 1967011 7731770 4094587 46760
2571535 8214113 3561066 145963 669749 2385740
2340554 6142163 8377409 7174893 8526175 377027
5668611 1846501 8273673 3181028 444108 3199539
9435005 162662 1325348 5994157 2492830 7569154
9260637 6868660 1312824 5873503 8480516 6875214
9613751 3074217 4795839 8300799 552740 6282837
686579 7018420 5133086 147967 3262924 3509305
9354955 9696818 705475 4724216 7205663 6290955
173363 7028415 1531008 3527550 8054142 3885499
588746 8528043 7184975 8930399 6719247 8959016
7720197 3671600 941960 7555306 6966097 5134028
7413552 620991 9160451 3006816 1013292 4162090
5624109 8792545 1580152 6506316 2981824 9131373
7338603 3705050 7994332 9276747 9872902 8506962
2043456 3303003 925568 5945272 2085302 1889450
4331843 8261107 8133993 2792759 565256 7390769
7405855 1574646 8980936 1741160 7736336 1724378
5586754 2038920 464061 4943578 8307465 2996101
8354087 270780 4589788 7078363 4347988 5209920
9582184 5196805 7106501 353417 7420138 5200671
7725145 7155077 9323289 5443306 2600297 1632233
1955100 9227953 8512115 5574180 4890439 7830483
8019342 6812331 2239814 3802305 2148632 7681744
6966759 2684625 892070 3977661 8863873 3282777
2911587 6608900 9151228 9845441 1175478 4116063
4108574 7089226 7958613 7880683 9398659 3279802
5980917 707210 1913866 4938528 4044808 3375071
9399212 9479450 3595916 6417341 6028120 1774479
2473295 670416 5815863 4535647 2975888 6603926
1251195 3430656 1126059 9455073 5100192 2864269
2501886 2573021 2725642 2218536 3659657 6020467
6476882 2449220 5461231 2010282 7493976 7924872
5167511 1241845 4409939 3718689 8217360 8592567
8274345 5608396 6573255 4235153 1441582 4990134
4054513 2502323 102034 8184343 4415148 737025
4668221 9512231 5137312 498227 9296893 4076377
6555561 432949 1107715 5113731 6519439 5734577
6978582 2017686 1789020 8180328 2713296 4639792
6782543 5246850 9162852 5603199 4868634 805195
5182329 5013761 5219696 2582711 1035445 820837
4986146 7182274 7426602 1860446 8245791 3259779
506050 5922153 1227209 5762381 5227411 82194
930378 7508300 1214279 9804734 8434284 1206461
3126820 9118921 1409759 6216058 4711995 2170830
1830559 9398244 3640892 5020754 36872 5444717
856101 4106903 1012034 1269965 9830620 9857066
5677191 7187682 7010185 2723525 168454 1992922
1695810 5742944 2344442 4240204 6508236 9063004
6964333 5350358 2375220 2950645 3026527 390362
3156365 1167730 9028443 6517019 1447982 7449306
9774787 8733196 215192 8878932 7477491 9703739
5940097 5872782 2644062 9027799 91838 5398441
5363041 3731009 5644380 6100015 5750302 7785788
5633479 7201793 8469253 5990629 5851075 4194822
5714963 4084307 2671256 4955710 245099 9062853
9443749 1309305 6248379 125828 2913442 382371
941333 3640716 3241460 765626 234550 8878742
1554445 4980439 1851810 8215865 7644779 1895854
544071 7366796 790285 4812169 4370275 4187534
5550411 7339144 4743613 4605683 5379806 2265159
110624 8865269 2693000 4453515 8645575 4415164
7080971 5670194 6068059 1354502 4454307 361077
2530167 2236863 9721258 8981254 5250830 2312561
8300079 6910220 2787118 7565716 4414183 721241
9544362 5679703 6863744 7001870 2026589 1930774
6166395 192543 4331409 1485554 590896 288691
6195577 4464061 6452967 6204183 5945083 1174224
4112388 4396649 4845556 724923 6571891 2596761
7559566 9740361 5682853 3529654 6272289 6415119
4880699 3319434 9859587 1297252 9739631 8261264
4733298 3021036 4191399 5823490 4313140 6435508
4169737 3653389 3359128 8856963 5613224 9998024
9549228 760748 6488111 9889166 2112531 8316180
4192323 2255816 4086666 7392175 7998367 4095769
9271604 8243461 3158803 4433626 9540528 3713672
5088300 4991089 2891816 8465285 1197930 8226735
1198313 4916353 495109 7639915 4292466 4724953
8216861 8272493 3314635 8460238 4488822 3101612
5456423 3705414 559980 3863719 2155964 39706
871065 8846100 5262647 5711127 780648 423183
5902372 5288822 4053526 6684469 9448177 4316365
6864059 7985596 7532434 7975159 730693 2879707
8078965 5497641 8226497 83559 6831550 8657224
7216187 5717433 2008629 5322779 4808435 8944641
5879137 4010757 1246068 8165084 8134708 1637051
6586064 3940605 6726671 7021515 3229040 3783254
8231804 6074347 7636960 4862919 4872412 3020089
4612221 6046977 6524933 5755648 6731254 7418252
1876937 175116 2672339 1888559 8044312 4802405
9212589 8892988 2247080 5669712 4900977 5436250
1314492 9255548 4041654 7135829 4047755 4745586
6859504 5146710 1774113 9522146 1865377 2031808
6202587 4315406 2963211 2921797 4877998 7372883
6224793 4505224 196274 4669605 783714 688033
4608949 814691 6790574 5417181 1277449 1667494
6316643 3562166 5413412 3041856 3499949 1427711
7793333 3312170 5702708 4652336 4896691 5957417
2590138 2790553 7439456 459710 8278242 2424460
9779153 8643316 855876 8025069 5400299 1747870
8117002 128884 2750074 86153 3219035 7842143
1629045 7747071 3870505 4362151 4890357 3776435
8844463 3788908 6851291 469478 9916218 5746429
6275424 4266600 7576852 9795965 1391541 6976598
2239666 7469975 3236313 4470280 7577931 4843743
2583598 1239052 490193 1951044 9184241 5317237
1081531 8687284 9976229 8548812 4203940 5307416
1513134 6819932 79723 2424546 9550566 6470590
4741157 7632144 6379718 6887000 5579602 6551653
3101164 7201714 8207922 2824144 3504695 8905024
8906520 8878373 2254446 2440171 8106098 3390681
215041 9842300 4997266 9579277 5032371 8709363
5598700 5316069 7776633 5807889 4607919 4076158
2494866 4784581 1053325 2664706 903434 8048473
9329694 4679379 8188395 2116655 4257025 7090662
8325038 9049956 5573854 1326126 8159378 9066986
2647769 4894236 1230119 6358545 8700873 4944176
5381634 6690848 4825566 4098501 6463048 2957563
1671079 3562172 3353332 2788880 8014584 1426790
5674023 940105 366157 5764867 9845262 4715236
9016837 6739043 6673094 7404682 7468725 1019290
9546796 7103074 1280671 8613567 7322905 2469821
9988679 9051944 8599966 8831501 484166 2423572
5729887 4774554 3751220 5246973 4872634 2717680
6044269 3515624 8064216 1073541 6088777 38087
5333066 9792211 1358135 4377306 3313181 7930001
8046303 6898395 4571912 7473812 2888170 2850585
3200810 7612656 4383176 829095 788824 9965322
8802771 4255660 8426534 3719024 2022416 2053368
2833974 3194920 8448933 9479249 9810278 3583633
9219182 9074160 6497136 2538750 9684160 838201
9782713 4045646 306307 5158854 7398557 9731271
4445610 6708749 3340146 1915167 1416725 5370162
3897146 728465 6592484 869116 5699906 9377658
5618304 8461510 8507159 8900458 9296043 9329443
56079 995350 6746351 5851605 7339699 6505902
3348733 4544721 1674234 5526147 2265497 7956764
6604780 4960530 9795332 9898340 8936030 2432881
8499722 7379157 5606241 8182959 5524772 771598
9739485 4524450 1891708 7907715 6907987 8520319
8468333 2713178 4936652 7628575 9619505 380482
4677712 5506847 258071 3939120 8309458 3243724
2148003 2797535 7969742 7088020 4726546 2508388
2117478 8842700 4390881 7459923 1140565 3941638
577431 5688793 3258310 792963 2248478 2022875
1212610 5125814 6693124 704424 6274765 1054387
4745682 5798394 9294250 966094 845988 6053904
1947872 5808330 6613639 6035823 5643009 4335364
9554242 2936299 7750166 3294520 2627112 3924345
6614231 8362306 2315103 3261106 1443289 4535257
8396803 8553687 9516701 5890477 9988734 6586924
2355735 3245264 5543912 8376743 5293132 5915424
3353195 6586884 3687950 4748709 8454197 1359586
4088741 4602786 1082584 5420591 2842593 9729778
3168233 5666431 4792004 2549426 8744785 5328555
7663759 3688074 5334903 5502024 1350402 6915129
2346000 8124167 8592649 5689021 3725566 2579882
1554928 7651169 8565421 3397671 886408 9745734
6772654 4113826 7580408 5597373 5732357 7901691
6922052 8162047 6162690 6156225 5655416 6646225
6350214 6094885 465191 2942191 7770337 9629964
4267482 5780521 7193590 3854965 9273773 3816640
552965 7183508 5595298 843964 2782729 1429894
8013346 7003811 2640021 5465795 4392857 4100349
6176871 1498270 144853 5253513 4185887 4225432
4899379 4248041 5075498 2300873 5045331 6799052
7224954 7073168 721550 8365213 818759 5670130
6871763 8926867 4877724 9324684 4387288 7949915
7438345 2207832 9415647 5531837 77059 4607509
5147002 304965 322994 4571851 6102318 7455483
1307377 54875 5412731 5726223 421311 1139492
1048851 47648 5006354 9798602 8031634 9998875
8485256 4850637 8831472 4876135 4153588 1306147
229662 2091109 2955194 8998426 115826 6211584
1652460 568150 669996 6810859 7892858 2728118
3314198 2295143 3894283 6593294 7318157 5305067
6993710 9218920 2692143 9214829 182024 4974628
6741005 4330922 527268 3369443 8801596 8487093
1424379 4543496 1793101 4456845 677356 7659646
2309993 9645621 7725587 4051100 4487249 1207336
5950350 9877617 6631547 364570 7989868 1678072
7105838 4316552 7298771 6467111 6526959 8365121
7636051 7802492 5155169 8097289 5054154 6905808
5721595 9410296 6328087 2760594 7930462 8180572
4199149 5508752 7777318 8662441 1729117 1788221
6953673 1947488 1115087 6712298 4428582 1194448
9473647 9471018 5331488 8566139 6145128 656026
556977 2310135 9657420 6172324 6342921 911533
2492469 7443617 8789813 3414405 8004993 6683862
7301475 1505841 8794562 541697 1488542 42996
8866900 7700069 1196067 6826058 1547943 748025
6440307 8557986 5252370 5719547 1828003 2674277
8210147 7220091 3450347 316799 2970591 5927393
3851674 2380882 4373925 6005757 3741255 5666774
2620924 6094445 5070352 5326368 1603611 1134094
9739248 9619571 5645813 7187422 6029428 9805669
3070249 8537275 2927488 5048329 2810657 981371
9611471 9085913 2623529 9482590 5990162 3542231
3605405 2319488 9390135 2941037 5118386 4163656
8163932 6202504 9028328 2127867 3897090 3474317
7768850 89761 9524688 871377 5135779 7950420
7119120 248664 6223318 9769493 9938103 5657945
804711 944855 9634673 6868959 5728515 5649948
9228248 924851 2275389 1991921 8906787 3982405
8236173 3422402 1227525 1900962 2850342 9698611
5108098 941488 2303933 5605285 914338 3447388
1620864 5141274 3630718 1883865 6850781 3273386
1729319 1053096 626067 8225651 1823254 9452357
9448522 4989765 1261973 2506280 1630540 3317264
8576496 7864346 9062567 3757645 6624575 2809193
1887390 8794435 4541809 4536441 4019503 3122187
2251079 238234 5552337 7400193 1269295 7619198
4412222 7992713 4293542 7283260 560094 3280650
387507 3462378 7804091 4517291 1192498 147691
352437 577348 2827977 2229413 6477325 5681021
3505171 5931293 5524244 1449077 8754111 1789508
4554153 6513837 2272597 2422910 9864319 5824158
4275791 3134626 782815 5683689 3681733 6333403
2059414 7758987 4488070 2378751 4907152 209264
3645781 5002194 2772106 6017430 5710667 7586628
6225737 7600121 4505564 827834 9672861 7861689
6949000 6662226 802480 9567355 7854158 8882376
6814757 8619170 4639925 4537580 8970611 8137549
9236726 5151537 5228706 2081584 3620558 3169915
493591 2252035 7871002 2412517 2936146 4339131
4008299 3242852 4017901 9381497 9340059 9205446
5271428 5907332 8476934 9416467 3578385 8532641
5608254 7772839 9890246 7066015 5058559 728369
2613760 339193 1297750 2859677 5504239 8374086
6637449 1609655 2577569 8151037 678777 2285744
4109716 4340185 5219443 8257103 741291 6882561
2684037 2274804 2329221 6447601 6200899 9799138
9521815 5751472 2951190 4700002 1126766 3797404
968323 9407962 5939033 1152195 4769104 6958640
599507 6676867 8257048 9778560 5357628 7300778
6283725 9307933 7808877 3744366 6113138 217836
4396765 6528555 492945 4843599 7529781 6419549
4211279 1281276 9497090 9112732 92515 705697
1441003 1979096 5805684 7455049 1136330 9301428
5367244 7668765 7556448 3976287 643119 7515144
4990802 1176042 2075584 9738286 5481462 1868082
5924013 5237219 2853605 7782667 4086642 9864605
8643637 2385178 914391 5485755 4393291 8975968
6131116 7127773 273944 6517993 4115737 9243776
7473993 4766264 1947240 1992525 2241484 8068286
6572352 5380384 5533753 4185119 9232250 741738
4967472 6834151 6340450 1208084 326944 9482401
9274654 5556627 7947935 1456925 3780322 9616077
3737587 7271330 2025180 7524881 6342526 776932
3747390 1809244 4404686 5415076 9643914 8609711
8764476 1344083 5213227 7125494 8163296 8228166
2221627 4555956 2140059 5312901 489000 4579972
904103 7727935 9443132 7414217 7463692 7696219
2045068 5815558 4165867 5828461 2029559 7031046
3192343 9137883 2315778 8360240 1152901 577066
9868346 2947216 7953862 5377190 5918031 97978
2816327 669980 6054232 7500573 6100565 9568616
6116539 1308784 8005834 3435992 4540835 9065696
7596481 7288891 3271147 4917351 6469778 1476896
2342477 1537947 2890402 6467488 6435887 2091766
799993 5630086 9815855 1464901 6597874 2847091
835618 3307945 2680503 4336369 9031990 7093448
4811739 1546797 3163704 4472140 5751477 2615132
1645439 5129849 6151259 943182 8147817 605440
4627729 7556158 7379541 3246114 6219136 6223585
3052249 9783338 6375372 350109 202401 8318740
1928261 6746225 9601764 4746359 2569970 5112631
1638010 6995634 1944505 936581 6727605 9360193
419808 926673 9163582 8597019 4508088 274346
652705 2078801 4741568 9398334 3411183 6884698
9545776 7590139 8794861 6556296 5442286 7760209
3809701 7459368 171876 4163631 2174709 8838016
2213127 8240856 3351036 9989379 500911 2471781
428108 7784019 5264616 6181586 5148169 4978936
3277709 108982 7569487 9709810 3303641 2474209
3028877 7310090 1523817 1644130 2186766 169810
5410195 3241756 6812606 7006426 3081282 927555
7644432 4510485 7516827 8450412 8235611 5975539
223739 3811972 4218199 6905159 9167788 2008180
5595011 4784161 9903085 2042663 4841927 6547286
6132992 8710671 2924635 6016930 7946338 704990
9229921 3328841 8369712 1118414 7695873 3233229
3842202 4735319 6368665 3704640 2040138 3944383
6152664 4764931 1732447 4829744 4615540 7834501
15232 5862395 6667778 1008275 3895870 8663896
5197849 274262 2759995 7837016 547071 1128457
7648553 9720744 2832603 9855385 1049297 9242888
2023120 374653 4882033 1314906 7823756 3754304
3164666 4445009 625368 8016795 8042278 1905484
9250550 2086315 7521093 3100111 6976684 3000848
4703369 6848181 965167 5255921 415541 5170546
4838593 7504918 2479332 6340373 2582238 5011547
6361849 5277460 9168033 9628546 7889474 9215854
4651338 1838175 9736250 5022139 280829 4279439
643589 3474845 4230555 7705953 7381874 3590993
8782259 6506807 1546043 9420059 3020936 8935502
2538129 6228830 3721946 5011729 9105928 5293361
5481173 2391231 8668633 7985069 626432 4451750
7745 1582898 6466755 9148730 9034095 5014283
2742250 4668305 6950461 6042850 9302751 7313717
2742084 6649540 5016412 6362605 487233 584422
7681344 5541919 8284313 6097456 6400583 9390842
7763396 592224 1422179 8671776 3105911 3428539
3524520 2703702 1976877 7754146 80424 6440085
4946382 1152330 5859140 6520837 3410524 4537558
1677592 6948612 9236809 9348946 8803915 1831305
5274046 5213051 5914118 5038443 2189969 9522031
3683347 9250206 6478290 488359 4195032 8932092
1056219 6852721 5201379 4923810 8958753 3261041
9103368 7467368 8753667 3357947 1607357 5941459
5455107 6529167 8274287 4925284 3088281 2889318
5092350 4748142 3230074 6052369 8192185 6280730
7090244 8413609 1490137 924940 4935660 1368935
1607630 9273265 1116833 8755559 8246336 6221159
8837298 7504266 6784229 5309904 3256454 4864258
4654980 1765128 5392101 4729105 3989550 3293399
9895126 942628 6082299 9323795 8047933 2763100
7953080 7170123 8704755 5614342 4125011 1827433
7800844 5679254 6686040 221811 1828555 1049151
8757668 3942831 3310431 1046862 3513557 6692401
4715647 6068889 3585399 1047083 2360294 5036138
6946221 3669315 3250423 4567914 5943987 1551782
9237750 3666423 6632885 1685254 3676561 7795668
9360712 9448614 3256808 3073707 6482733 1313833
4806868 6054902 8905681 5628107 9577444 1720893
3379418 7353543 3877656 1580507 9401316 3338908
3173547 6635039 2581344 3002343 6996024 1743525
4081028 6045627 5655446 4342931 2771805 8139203
7768089 5086343 422530 8205484 6557006 7757486
8070167 2340168 2721069 5904897 2461218 59668
4815728 6731256 9588219 6987773 6495067 3573451
9376279 6349370 3719936 8459385 5294496 5860705
6056103 7271318 4910559 6102167 3398249 1833408
5034718 899123 2977975 795560 9605280 4426895
1596651 8738729 2394435 2354332 1236924 6004320
3904711 5693905 4866607 4304624 892671 8925720
4543591 4461980 647305 4582945 6564181 3332872
4904095 97798 4504860 2024636 8118449 9527693
3731313 3925944 2563330 1694143 3306254 804878
3789311 613405 2450881 120927 8711575 7725020
6670119 273179 7415229 980851 2996678 5426534
8021136 3763834 1391737 8558865 1602204 6034359
7715147 8168644 6928715 5025654 867966 3786354
7860357 1505376 7389249 1710139 7183852 6318552
3286814 5219784 3273075 6185475 9928177 7682952
529002 7221003 4959090 176452 9490493 879493
292777 3870003 9066057 4042199 4027601 8708829
1749995 9258525 6451499 5912668 9477826 4088146
6526970 762260 492669 6173899 4528739 3522503
9655428 1337291 5041689 5800287 3615783 1715791
9153433 4031464 7602379 6540827 1588624 9703675
7067793 8225759 8367699 77092 620699 5281975
9280727 9019491 8871871 391078 8612848 9776808
1725196 9351000 4224931 9763884 3305962 9469280
2895389 8149490 7400585 3924857 4800434 301959
7768776 9009453 7251301 1471558 4012655 9045713
3319346 2216988 2210137 1625847 5010116 4299857
8955948 2659771 3629654 415475 1153771 5696805
1779228 2684478 1691703 1859577 7811854 545417
8178560 4478073 2972890 2512166 8727110 8394225
4934327 9079045 5964984 6736744 1451182 2697843
9549364 8071064 7049386 485193 8042532 585775
8560026 6547469 6989210 861859 7106082 5286519
3027838 7730384 1952322 9408468 1859025 8207239
2643261 5313934 8899789 3996110 4775795 7225128
1859181 4772559 7901940 4917252 3349866 1366965
7087493 4557246 9117516 2035288 9510295 8816493
3526365 3691217 3984210 9363771 8213808 7076268
8774220 5303301 3752616 2180499 2078492 7215812
4955821 1675043 667929 2443278 5086962 9887089
9265302 8335728 6536281 3384201 1988879 5041009
7738900 5798865 8620682 1337245 5822995 6288331
598281 2837489 2722895 3024861 9781408 6531570
863592 7624039 759270 1705857 3773856 3416302
1730368 763483 1515576 9045181 9655236 701878
6533278 781008 6491293 4675604 2068228 379477
3754574 7481292 4215192 6113968 1517445 4127352
7792679 3469971 9851670 6662654 391317 4930560
681974 2194451 6298130 6252621 9191876 1373203
8631935 1263134 144761 6142497 1091379 1918914
386955 8027016 5108983 4103439 6640506 3690167
6015708 7901567 5759238 5989511 8477155 3200088
4073639 5290398 341842 2445260 8796617 8569684
8072414 5411949 2957793 4255181 9672033 7572067
1157980 9451563 7334526 9696985 5213250 5959691
4386758 5814617 3261487 8313265 6143269 842906
3709428 6215234 8563142 3168587 9749946 2204242
7167554 9531736 6919003 7656994 8732802 4517074
3125435 1649410 2934980 5300356 57668 5650052
842485 1185660 812172 8064268 9467751 8916379
7830732 5489064 3257688 9587785 4832537 2022476
1937682 7046529 2695488 123650 7106473 1177681
5006420 6333305 9101796 2573660 4206345 6181140
5595082 4955727 9228905 2291288 6908588 1139143
422789 9012033 9686022 5440025 3834777 6705185
9319499 6248787 852273 2422433 6903104 5086410
1546460 8189635 7265500 6187371 547303 288880
6027310 6773657 6875170 6054485 4683309 5395842
614690 432597 9128300 2208289 3292855 1031860
1145137 8129528 473090 7015051 8773904 4214771
7219124 9498294 8385576 9491787 5012679 1679820
3528670 9100108 2009777 8209971 8070870 5385327
9908794 2278432 2567192 1410540 2413093 7817227
6806749 3560865 9885317 3589587 9671660 1292459
1862971 1308398 4429572 5360258 4961262 6202668
1818558 7237723 1602688 8813429 2548228 4549227
3820039 9932119 7124063 174437 8094213 236206
5823573 9000187 4261590 3637553 1749928 5850154
9232389 3015386 79788 4320609 6145919 7474187
4107726 7428267 9341626 2562193 2887502 487565
6809681 645162 2439968 1288925 3123082 1650746
8201236 8684068 9594613 1950187 9299087 2698365
7296673 7711946 916677 3804925 4366900 4947337
6744864 5046655 9829965 3931601 1218947 24984
9832683 8161371 1042636 4350757 7105478 1381775
2067666 7806968 4584892 7842820 6116153 3223362
620520 8448423 2483507 6582735 8955987 8290443
3339388 3788997 6035582 2941246 5928160 2834192
4535426 5967418 5563099 594762 8963184 1518031
5698554 4017105 9960731 4893136 1875062 3099376
9978645 8832857 9558102 5535500 1260699 187436
9023146 2715082 6605372 6941016 4150107 5205271
5084728 552049 2343259 4084205 2485796 471390
805939 348010 7269073 4849321 1216307 5131121
3748346 128275 8387971 5881133 8825691 7443647
7946639 8731989 5977044 492951 3245250 2865025
1564113 1406805 3873374 623611 3921745 7800008
2556824 9780948 3820459 9005820 2636624 4052453
13351 4423568 4434207 5365588 9596467 9027076
8153440 8918897 2590767 158480 5047916 5513111
8117079 6790456 7610790 9797473 1229654 4073500
7924419 6360329 6872875 3131870 2994117 3462456
1565177 3309372 955175 7927916 6987744 7203597
2655523 6194413 6251594 8341240 906822 648435
5506794 4190804 3791686 5190764 7216268 455139
9420411 3464740 304659 5283066 5903203 7521351
9160282 9973411 6915679 604895 3100122 2838539
5634836 9002596 8468569 4707203 8456171 4757739
9491593 5173781 3017495 3874669 7685991 2521968
7242117 8928567 7400331 8067234 9764222 1418874
3733827 5865440 2723220 5531424 1604337 8091649
1271148 7456978 7434878 8997785 2139944 3364737
5122464 5731603 6387911 1686295 781751 9600078
4346922 7296640 2268249 3446713 8375059 8466421
1640397 524277 314342 5991712 3269895 512693
2467302 927932 3010493 7659665 3401551 3409717
7465131 5604161 9946368 2876145 3133926 5786618
1536509 4872259 5198801 8555990 8460657 4824597
721874 9224946 3503530 8585154 4437918 2201125
5965299 9996009 3259657 2949792 3138595 270205
3926159 2427885 9790570 6223745 502380 2397455
2027620 7199867 1627344 8758625 9625122 2406158
308390 9556501 6861414 2729983 3471459 6473257
4603893 2468536 4849359 1006085 1476058 2092869
6805078 4407502 189594 1157617 7422507 2684304
4903692 2998455 3211410 1227171 9879942 2651541
1482712 8284696 2042102 6953157 435735 7718111
9833263 9927999 2100515 3139 8446517 3401366
498637 1607130 9813678 9359749 2883476 1704524
3638596 9809273 676097 8946063 1344809 2404263
2432029 8228154 2542439 2866765 2033288 1762167
6830947 2083309 5481930 8456601 3802360 9704650
9113651 7862742 2310621 4525366 3950279 1467205
5257421 2634051 1259537 9788882 1031556 672894
806527 1028023 3465356 949727 8919500 556597
7771656 4593573 1515768 9572009 9065563 2603034
7108869 2773637 7068469 7523826 6066985 1897066
4026855 8034396 3326741 6723725 8328482 5430397
5701309 5915101 797764 8563969 3775821 3124182
7378219 1236111 4172960 196569 8377522 6578208
3034291 4403943 4772129 5611144 3559912 3556208
7901702 5862684 9020555 6431984 181826 5731539
7309610 1475463 7234198 9374728 2118267 7435017
1007386 7227914 843015 7712705 2702090 342800
8248689 893884 2740411 8595144 8120873 3156783
2270583 1474102 8166080 2239580 1522909 7527538
9172633 5541701 463944 3530929 7756266 555043
3937996 3347932 3410107 9691339 9073592 9130014
5257906 6237867 8056707 6006019 5828409 3712912
6000392 1248411 8437474 4772724 7190965 7631021
7018480 9507280 8203157 6802457 5249930 1606504
3339345 6999181 7310217 8751403 5619209 2273654
3241487 9193978 1510473 7047436 7855 3181559
2415431 8015702 6279697 3525904 7474644 6223406
1343813 3564843 7784219 5030355 8247434 6142679
8355705 5002827 2643028 2023750 2857563 5407897
1218495 5068603 7743452 1778325 4288122 9105965
647954 2604984 792945 8719593 3554620 9434393
1437722 1619204 5321282 6578356 644975 689815
5005928 5815495 625147 9247723 8642658 5973178
648337 697 1538003 3596635 9064010 9805981
137979 8332362 8262648 132404 9605627 1676089
9470412 8009965 3459137 6775766 4741962 8309180
2102582 8311222 2406836 9016079 6314735 9702117
6822229 4525714 8101027 936076 1955609 672102
8734326 7480292 7485690 5459997 5635501 2471178
7838913 6051881 7403436 4945006 102528 8971007
2273459 2576014 9202713 2086029 5384949 7220427
8164445 3432359 670748 6266579 8576487 4205950
7776949 5592132 678928 8266363 6683283 9008486
3499979 8767918 6816107 323566 6997922 5902900
1484275 3287139 6068930 2659141 5005618 3705866
2318233 4139183 8714263 1412873 1843220 8433608
8763985 794996 1137714 9811277 7937803 3610647
8172511 4994864 8816024 5749831 43613 540990
469708 5790383 2864224 6741526 5987712 9594845
9566271 5480607 748417 3527227 5680338 5583033
5774302 6785517 1614987 6578961 5372852 7565530
5677411 6460925 8969778 9334598 741215 3462112
9122517 6161488 2819015 4378396 6825446 245288
9833987 3028978 725116 5343505 720477 4343313
4067157 4199962 9442232 3264057 1231412 49041
7422767 7727610 7682889 3591451 6183249 8059885
474473 2885639 9844904 2857986 202820 2896582
2417774 6701552 5142958 5086377 4913507 3641383
234003 1426352 5768523 8949806 4662843 3995483
6128773 6877225 8879169 6468274 7228919 907935
2199983 4393875 9504045 7904692 6907751 7758659
1352459 6702228 3797687 3913139 3135026 7609249
9347215 5562016 2265254 2368704 5819522 7244754
736661 5241841 282156 7455449 7840098 6254152
7049519 7486210 7022274 1044192 6019214 5719934
557734 3583208 5462102 7423376 7870410 4866029
7227440 6263483 250196 7068286 3202488 9898595
8635602 6183013 4069276 2834690 9021493 5500851
4576969 3848373 7372744 8827059 3619344 4569052
6127108 8542968 4128314 6866671 8362978 7283557
6519060 9618010 4516393 4985400 7512718 2091571
5648621 3015770 6147827 4345033 4476799 8663750
488286 5567725 1052421 2701875 1247659 8135813
2327180 3612791 6443636 2553710 2842516 322015
9961100 8381059 5425822 3226873 5057773 730969
3631008 675437 3096586 4799939 9060169 3438098
4251434 2362994 9460271 1577829 4479020 3239292
5332296 3681221 5985828 7742315 3255879 7100337
1403497 8401264 6396419 1223538 3047833 1126546
7817560 9510540 1120107 9879861 4051673 6927942
7588140 6648989 9634596 3407614 2572024 5653848
4179557 2858045 3542237 9950500 6450523 4361696
8056498 280568 6783348 4723690 7669326 5073280
8823985 6954527 4129020 371707 8470603 3973839
9230695 4059717 1357066 2091524 7431483 4067881
505913 1335866 604521 2421794 6753482 475550
8408468 1229251 6654456 3324288 5643420 3240604
7698582 8127739 3339192 4858532 2976235 4709222
4263454 4439959 9371221 1943039 7381370 5591072
845933 2268800 5292322 2220867 7681965 3138836
5759520 2927305 3770704 8126210 5723148 5826406
5312078 3353455 9459416 6539150 8173236 8533625
2785342 8864145 1968049 2175209 6065327 7767475
4448033 1573534 6073593 847082 237866 3453782
638701 6881045 4729942 987109 3212090 2097581
4729147 7164410 2841548 2927697 8540655 3470700
647596 577321 359759 7194409 7408031 5192804
3817693 9291179 7527419 5498977 1510815 8362919
5833098 2148650 7071580 8269893 4954577 6404083
5178775 905689 3172569 9506870 5301117 8873527
3296067 5870867 5053095 3222158 8576814 4332608
6032499 1677827 8072882 3077580 4173691 1020452
9208368 6840511 4404037 5636663 8720831 5533577
7842539 5754673 9201690 8656500 5662988 8032355
4456907 6833795 5751547 2237136 2269330 9465195
8247014 5981344 312095 3825537 4082852 2823933
4380381 8025243 9782083 5072126 3990635 7316432
1223658 2333188 545334 6714461 9295562 2896590
156722 5476465 6386544 9177659 8609119 5375428
8591636 9887370 6532929 3542401 8791154 5601810
7020805 9582932 2749809 282716 130868 119505
8279601 964016 6621492 8125397 841 4476624
7111820 2877009 3092370 6437641 2761807 3366089
3193575 6569601 3283830 35386 3493655 8041640
2283682 5876419 1068297 2620172 3060068 835184
4076049 2813897 889078 1573281 1974930 9944427
7908391 8627249 8253613 2028506 5892445 2131357
4353718 9922888 9532745 2629039 5603945 5135096
5546102 9539380 9954752 9841293 318983 7479610
7018309 3642333 3842533 6406602 3221272 9064465
9958159 4131381 903357 8653407 7557428 4966893
579144 7986920 9171373 2596963 1942957 2400265
8315421 7039217 4234371 266476 6527271 6372426
4899934 9862986 6990108 8990425 6458157 5109351
5407105 7111800 7310991 5722 1514724 8172968
3780382 2765788 170377 6135302 2313915 4698478
1398381 2166461 7485619 9320301 3034105 9642034
1540861 9378887 9555380 1965166 908572 7158871
5196204 4193872 1902177 4213589 5913885 9968209
5040384 1784625 7956104 7776232 6494806 6366605
103465 8620451 7901416 4824786 4467145 7750142
2651761 3168152 331709 4727273 3336918 4989893
7987727 6547198 9190191 1494264 6504101 7962233
4019171 7454396 9922044 6746863 9438477 3749841
3978238 8555422 7667800 7981098 1718504 1747219
1862841 3180486 3076405 9917212 9758994 9229610
4651697 6289987 5893524 1895399 8452819 8263549
4026688 6012114 6360031 6781435 9055030 7525619
8629937 4233119 2856734 8172362 2266534 2520731
9321998 734054 5394392 9418645 4576499 2628846
4480493 1613850 7109500 5563315 878098 1679096
6371992 2381495 6696477 1857187 4543176 6215542
1645627 3348911 4823018 5158401 1040045 9454890
2165345 1620801 96273 2482491 2819399 2616482
6682878 4370115 3921309 781190 3371361 6738288
8843864 775219 114815 6054673 8959567 9566850
2349898 7981548 8298964 1914296 8557781 3184657
4727834 8169031 4049800 1654611 8557320 715673
7037623 6168911 3242515 3526467 8717328 3558750
7298622 3656688 1441958 7525831 1578670 5739470
8118314 759777 9188792 6194986 4493980 909574
4333638 4435022 3038872 9792908 9020222 677649
4433915 1396497 9007143 2055555 2994500 4682177
9292305 3447523 9585906 6086634 1302732 9060570
3514239 3762315 6049783 3928201 1740083 7794403
5769027 5250101 3378833 7517256 3143211 7596346
7662616 3305722 6148669 9389165 7495951 2548049
2252536 30980 7715057 5395795 3861551 8824548
9392218 6111309 1209952 2614826 8072511 4476892
9994521 7755115 6946200 9808506 4041170 5814163
9675513 9270844 4945097 5149277 3762498 6362914
8931411 5886554 691621 3260949 5403688 4435429
4726116 892644 736707 3386513 5174398 5812492
616246 1932140 8695763 1331453 7894214 2717599
5250863 6073524 3716695 9717857 8437719 655898
2571049 9140862 2588304 1191089 9818638 878880
8901470 4616044 9145500 6087145 5911679 4301651
7794094 7540963 9455837 1911246 1468765 1380510
9869211 2905970 1815428 5817712 5962237 385161
195911 4130249 9755879 208125 7560282 7619410
6253367 2949826 142395 801442 4319141 6803203
3680444 5870161 1648202 6272529 3057911 5287036
9151349 1723397 4628161 2402170 7403722 897342
6440509 3930917 4111600 6358810 6173185 5361828
478182 5384175 6111706 2693704 3614358 7902137
7810604 9649795 5660327 4863598 9043057 3820198
4598137 522816 614715 5167200 41915 7215484
5883291 7906151 6303092 4407503 1162133 7520079
5706478 4952216 3178148 1205291 5938079 3422462
2785936 1258596 9481786 6430343 4100632 5039417
2708694 5148188 5680436 2475849 4106698 1449872
9594452 4140059 3902421 6215690 5225141 5049453
4832756 3521374 2226006 3915792 4893288 1597983
2955592 3596052 8148458 5515164 639290 8064306
8818766 7208761 8875836 5842381 8217844 6826458
3666345 1714338 5216536 1338104 9010023 9131667
9751227 5866019 1051580 4365399 1463580 2107602
3377921 1215147 2825292 6310110 2865382 6001792
4004796 7136403 2248291 7024881 1609642 6975365
8807329 2659143 9406333 5640628 3642417 934203
481031 6480434 9834068 5654359 2663539 9963420
1117469 5347319 1444609 5131783 4919661 1636076
3428627 8330364 2862904 7600622 3308216 4786531
2566673 6835597 3990652 4358821 7083306 8641402
5821690 8175000 7216188 7979997 3178858 9053006
4742582 4766928 7624513 1657632 6370245 9579668
9906922 4774364 2606779 1745715 9369198 8822225
45625 6869630 382569 6664608 312805 6104224
1722314 156254 5382967 3783620 7050819 824098
919088 5802660 2542259 682156 5422778 6882223
6313115 7664499 8218364 2491035 8968341 2526480
8595390 8872270 3925561 9793392 5090793 2457386
8671500 3593318 7667008 8057443 629535 4177022
3058356 9343974 5653048 8962849 1152107 491868
9358978 3782343 1122726 3848896 5795427 4289110
5295959 8992838 8324081 3281226 2290824 771660
5042593 730750 5258994 1939866 3952516 5077615
9581996 3655961 9396289 198723 1329371 8471248
7806031 3976370 7396075 4491589 7372436 5783248
8397151 9854705 9076052 7338866 9343301 1632780
7859743 7418054 7403524 6648463 4412470 688426
3396925 9148071 6993815 8493603 9838536 5120118
1296593 5012515 5599334 3070835 1996827 2844999
6419928 4827620 4521869 6614760 9280555 3105233
631065 8819538 2129773 3367218 2631082 725513
4183576 739081 4214534 6533502 8055816 5519744
4803085 1506113 2649109 9318810 1239861 3815506
3253687 6774500 4301432 5727465 6028368 6051954
7219630 6151012 4626509 68168 1489985 932313
7690672 7553065 1610014 1023634 7531102 9846442
3961122 508490 6922464 7742137 2237875 9366146
9276954 4652499 6569848 1857164 2124547 1423472
6479924 6206627 515739 4752284 8464792 5006101
9028124 9258567 3609360 3427998 4329002 3717748
5871402 4294816 2523265 9269058 5302504 7591482
5476314 6302832 3143617 7344003 9102882 8496620
2176555 6686754 9867184 7924412 1894643 4112696
4023142 6289074 1263585 1899469 4535174 3868645
3704469 6540219 1227292 9302651 3574004 3217097
5519360 6495790 2927866 4018371 5115759 1299133
1204003 6618416 3889338 5125433 2402978 1469806
6367211 7994791 8043626 5943574 7872760 1653893
7233578 8601260 6362103 8632299 4604115 8730762
9390565 6685291 9479912 8488112 6277195 4236929
7606823 2075557 7366183 1929305 9494269 9582113
8423435 6448441 3844860 7981993 7135770 4295458
5497860 2436477 1538704 3647228 9205922 8207004
7705826 3243457 4418943 50965 6037951 2997310
1810866 2121178 2297522 7685190 1284615 9010503
5333823 7629065 9351815 8652751 1308576 9890256
1061521 3629545 9964068 6832668 9773787 1687409
2686101 1490654 7582636 7423751 9790864 6443662
5782359 6889113 6316170 7639917 637148 2213001
4813238 1518688 8672388 5044645 556539 1721323
9053622 5783978 4343384 2288968 8792899 6762570
7090593 3878015 769273 858517 5300943 6053628
4183328 3553984 7585676 8099602 5004213 7209477
4410856 9941295 576697 5201429 5647909 5803028
9132203 6101411 7619118 7678440 9096470 2794966
1594534 2983153 5066806 7198139 2303953 619878
3026810 8896914 905883 558456 7600587 287975
1016032 1976975 1718310 2288951 1943960 4817439
7529886 2009299 7608884 7897604 3191609 8756245
9318453 2755113 692325 1344664 7718391 6148026
3707059 4663584 4972208 5903367 2621666 3019329
627667 3496278 7787648 7020958 8730159 7119049
5293956 9339215 4333011 8708677 8151482 5255125
9494249 5815360 4142263 9279249 2771625 1048699
3361449 6318564 1393404 8099446 7442206 8382861
1297659 1041364 5077398 6027371 8348087 235731
915619 8325692 2203783 1133164 387728 8196501
7356318 9517468 7760017 5151852 8456801 8864150
7648059 5393486 932792 1615301 7754038 3788192
996764 771232 5650972 6641914 6009562 9969783
1078710 9937899 6096726 3691709 2074500 9716200
6363816 8784186 6903032 2265808 9791227 8754658
7650604 655618 5542405 8778356 1145303 4810498
5458161 1630853 7958567 3056027 2728872 3340090
4910809 5057243 888308 7676883 5676005 4356030
7079012 1403521 6384094 64814 9039148 3181865
8199867 1995221 5401248 3067155 1030453 8870786
1828360 7035471 2928691 9834893 9342439 9001242
4352889 2892017 2865638 1756198 3009255 8809113
9319967 2245090 2039237 6627403 5429096 1794977
1131744 5918199 3118700 7827716 4761811 2340427
8284685 4623806 927222 9819536 1472058 163837
2277843 8114640 4696198 5011460 1846566 4744351
5579823 3614170 8407451 1710243 3036017 6697298
2447370 9444713 8437648 8744752 5719963 4230627
622476 1307458 3325272 4683026 3902329 3990345
8649725 5226093 2927056 2943457 3409028 3050945
5960102 3746283 2383696 4166845 5723090 4364888
8860672 637642 2866186 3904519 426537 4121344
88364 6559169 1577212 784780 7991093 8248420
9106184 9722253 3360740 723102 6905286 5961030
338846 4274290 7055589 5886575 2076536 6079882
2839083 4488055 5898439 3935170 2704215 3632005
827720 8642243 5522932 321023 3557864 176551
943925 9845932 323870 7115094 8494446 1091887
9929829 2510489 5858563 944942 4253639 5544811
3707469 7872772 3387263 2434169 8080824 880766
6794219 5544635 198073 7632600 3202439 9496469
375380 2420381 7984524 2568923 156503 744006
5275854 4170443 7315183 9056616 2565587 6298600
1703395 3058140 4869350 8443883 342375 9411664
8029231 8316028 9370426 6032529 4319739 1028730
6046926 9253964 3272269 4758801 6608685 1641619
697525 9306058 1397739 6816397 404676 4932797
248560 3411939 949614 5261522 4286026 2341594
3318658 9692500 5912818 5785437 5455729 9108694
825494 6819753 2942465 2712183 2917912 4948723
5417092 2096711 4931215 2830386 7970495 3553678
7949834 3354929 9579583 1306012 5752935 9950975
3745690 6570735 7416493 4480709 4033367 833746
5707805 8667653 5732449 9996791 9661381 6791754
8561329 9707346 2502291 398341 3231681 2031885
453336 9449497 5346040 7651964 5784378 2933984
7539531 2683426 5328757 5023379 9871838 273249
8995108 8129235 9360533 7558165 4245069 8011006
6168811 5398182 906129 9552699 3794354 3328623
5866946 6492491 9107001 1287606 4812711 4883740
9527684 7021346 8250629 9490140 2204282 5770483
9934484 952282 4108041 9464071 7958314 5818539
8455025 7946851 9351016 2669799 8692780 9372383
3211868 2252393 2054283 6420992 3542970 730612
3398463 526547 4671085 1362819 3605519 1441132
677072 9299225 2806843 8695240 4855785 525356
3186983 8559015 3062303 8853652 9981905 2201737
9713268 7142896 5609649 5069318 8293252 1687997
8861785 7769784 8668262 3732898 4669254 9853388
3244751 7583394 1487851 5567493 6356940 1821214
5902355 2302740 9011290 2369217 9896792 6198003
4596660 1451025 7104635 5704400 8534511 6486200
3047662 8951497 8243752 5917316 219518 41401
3809348 436184 2859402 4661677 9226681 3171796
5006516 8852140 1217063 7242859 2807902 3667745
6984931 3863295 5015718 9563550 6284404 2732247
166157 8354128 3876068 3173849 2301659 6899959
6047751 6119441 4457791 3477223 7113122 8963496
2569133 7598378 3188971 3469698 9864798 1501279
539165 3566760 9690527 6863625 3181515 5996257
8624478 9105236 7035606 1993026 5199118 6332731
1799556 5071165 2114171 3972196 5523282 1509907
1733912 2053634 9619878 2124526 4830378 3349957
9530837 4051177 1392125 6048492 3468667 7518946
3149312 904967 2487345 7873384 6475034 3851037
3531554 9134973 5870261 9727111 8436581 6554306
2257104 2137454 4190675 9606984 1089394 451887
1229887 4154114 3517403 5252829 9312078 4499195
1816746 6485833 8360448 4006040 4927376 4727158
7098102 2191427 1199765 4447401 9912251 5307246
4604995 875560 1067829 6244695 9911812 1742728
8454039 9139458 8213729 8594677 4304787 1914471
7715688 8860592 1599860 9740576 4107363 849531
3378566 6186065 593834 1879630 6513686 1497313
131912 1697364 4780327 9265529 7194998 697956
8233786 4101647 3570225 2328492 3239908 2191873
3008562 7524884 6465580 3045394 9648137 3751878
265489 513809 2336226 6100346 8806131 1852125
8930604 5879212 5231347 5287626 5027028 7828227
8774694 6588127 3242527 3106587 8480526 2349135
5393887 7909694 7452994 5806772 559048 8955069
3280061 1848797 6528390 3899201 4951158 8512447
300274 4620544 7465723 7665904 2587953 908567
9644380 635122 7867354 477203 2135970 6062925
6695640 4699733 9920293 9805308 1501068 2224570
217676 452030 6151906 6611890 6790190 9313515
6876969 7086084 920224 7770300 7941360 7527708
2491400 2162603 3460686 3488761 4957258 8038206
2388661 335005 6758824 3261241 6185771 7087480
5062468 5554242 277656 5013384 4938829 4156663
1226722 5901526 2319596 4370824 8152768 3933367
8343128 8662605 2606337 5881997 3704207 1767723
7463842 2219465 1619386 1083202 627864 7711063
5007523 4119825 782781 1112292 2415053 7319065
2741431 5769554 6952739 4335492 5361782 1988413
9269710 3439731 7001527 7168335 1115835 5813450
6636586 9833543 1297861 1673748 7307272 8687571
7383203 2949728 4646297 2355927 8261604 6773825
276244 5819844 2455292 855701 9147478 8369422
5518298 3161432 4300546 3206931 129514 5680090
9868226 2184164 1596052 3121536 9788256 7377219
2842363 2748624 8478403 5287230 1749451 3570312
6011606 1408214 1336173 1001467 8717845 2830480
6534411 3492724 130977 2666252 2658220 1974105
1856912 6626190 6050017 9735935 6537455 2874247
6038358 9071621 1528501 1679428 8984591 1085783
3679193 385604 3074387 6302771 1686305 6890780
7627918 6536633 2067259 1929466 637582 7420094
6509957 3723000 2746936 9865517 4634615 8847305
773668 7589381 2123179 4357595 8837919 6338199
1168102 6362934 7545733 9541017 489368 2775640
2345179 8329543 54032 1759610 2039492 6777841
9309122 7394884 7077167 457111 9350988 2415477
4590051 4867986 3697074 4263562 6600394 4858953
8048368 3498589 3902999 3009511 7494334 6493254
5548857 4844076 4362876 6469375 6253760 2065705
4604506 3236353 8863767 4717428 1876329 6765427
142524 4091992 6554480 3710743 716327 409283
5136089 2755198 5000123 7754034 3975465 6386132
6402206 5389594 7237488 8162331 2758249 9719869
5392171 9204352 4519671 8730480 1419566 8613138
3379993 3130639 2071274 9766984 3021790 5199833
9449603 8800849 7797576 1297441 2050678 8455860
2847542 807869 7726785 2415064 1083958 259866
4353546 310393 7985509 5249540 5575468 8564704
8863571 9987040 4299578 9529805 2757509 5896190
1474897 9179752 8863994 115742 5464497 1461682
6922924 3226769 3591986 3099542 7075070 8499865
2241190 4482866 7863580 4829834 302004 9840158
1438993 7106790 1499272 8998050 6162064 545550
8367899 6565457 9446035 5664971 6794190 7527210
2399900 1089791 5643032 8466176 7123327 9105475
4185045 8499296 2982073 3556316 1920949 3414429
3802447 8691438 4272661 4135927 7782314 3031558
2864220 1721706 8564240 9584296 4814119 6250479
315143 220493 5665005 2613774 4851809 334824
3945765 8520484 1929826 7955867 4667261 8596871
2193038 3940731 2346976 3917831 3219751 2531927
5657240 8231802 4718309 1185360 5189437 9311987
7069741 4677314 3267416 7133897 9891330 2031199
3761855 457072 3490593 640546 2844016 6840371
1471214 7978209 8806576 3301589 3140563 5023181
3567067 2927253 9327704 3023064 5169749 9909918
4098111 6676640 4715489 9912069 3586305 4292197
405361 3823889 7400986 9446882 1597449 3963034
5493478 7893691 2903315 3404763 3524103 888527
1601996 764600 6326702 3978687 2627882 6398733
5525576 918767 4158199 3035745 5521744 7945002
4552516 5515316 853285 2744031 5698840 3109710
9781559 8084629 3167483 640030 155088 4711147
5448340 258737 6198329 4103769 6124379 7151137
4886507 4895067 6017005 9176574 9418663 3385718
9886610 8463002 2605367 2819257 1648434 9464882
7237239 9560713 3656069 5639091 6197964 3340317
1344736 1319801 6308673 7503917 7871559 360654
121510 8367137 6650035 5294846 2192656 4007740
9395986 7232576 6762557 1278002 182084 7228383
680325 494991 9641714 336159 6403337 8528850
5718074 2839470 2223467 7369822 76274 6476342
4865234 6030149 7193154 6424984 6222849 7305351
9915571 9394416 7637613 5908700 420744 3878645
788843 3625385 6086107 75252 960614 1673521
1027073 1121772 5581178 1573110 8238399 4016111
1182183 9939162 1181245 4787176 6363864 2926549
7269549 400601 4680760 7126914 5368921 4330083
9118872 1373670 5710713 593563 8828349 2757624
3786026 7625494 4764756 7886649 6893507 7707511
6002749 5276327 96177 631442 3636487 9977979
8140856 6114150 5612113 8209930 970924 8858785
9830307 2633165 2972042 8541668 6863983 5117198
6458268 1126801 8800367 1395823 1955016 1851872
2128103 958305 3164449 5405446 9483851 6318303
5475465 6961900 8982431 2034979 5399514 4791246
6193141 7198150 5425484 7893883 7351714 5528618
1229321 1560731 9053067 5842562 4814479 3128361
2233185 7363284 5266709 8825304 9321458 5235666
9532425 1401702 6392418 6739712 4965028 9499912
5338792 4255179 8475171 7162808 4908704 3740938
3867869 6304261 2879787 4562757 1575571 6493008
2006229 4702228 4923046 7530266 2159456 8536484
7637556 8248215 852421 5394295 5718399 2414022
3535745 8088938 4452043 1784271 9971980 2073194
80418 2434776 2022024 7841826 8541558 9263634
2121335 4870838 2636185 5729851 8505788 6472124
9080403 5809447 5707438 4919818 7480555 732274
2501455 5966966 1374943 2719865 2388508 1765528
9883040 8792400 5138768 4685584 9137310 9029134
9498015 3102003 5430970 6435378 1887042 3825519
987235 4944759 3192861 3516557 1028496 7925112
2434704 2856238 7246335 5514812 2540656 7841423
2189514 5106757 6643146 9719712 8630780 4614299
5732470 4012577 194701 9113212 5464527 2463770
4338668 3639297 5130209 5254563 8753934 2503230
1786943 6479593 1080568 3747023 8562811 4652531
6353768 8854631 8605833 7897654 8943855 6439642
4750183 5043388 8307599 2675972 7031549 1705186
3716904 6611413 5422446 3475249 1118559 9239313
8848902 9961405 4704655 9752490 5350906 6404787
1752654 678170 4522694 1710841 203441 9093705
735549 1927303 8589104 2383887 5872700 3855098
4945912 6832991 5294092 2876550 8223702 1964481
2284826 8095885 5645871 3354988 3212485 2949688
2454601 661633 4656266 1970521 6513797 1457611
1070875 8307136 9871032 8779179 8072633 374801
1622700 2205881 9829269 5260082 1941235 862869
742981 207866 8688212 6050085 5501607 3799030
8251916 4871415 6424868 1275903 2617981 9924768
6504305 1727363 4330318 6927736 3446646 1544018
9271024 8322919 5065635 1173574 1761073 7966599
3437763 3913144 7467557 9429650 3683283 7661564
9886281 2779535 7068214 6447936 5438105 2591380
8282203 9599023 4859308 4268176 8824548 4185306
6138299 4100503 5099222 5474677 8561792 4536222
3565121 9812881 8111108 6848066 4049174 9496489
8269967 7991252 5532076 7423804 1664270 8640385
9415210 6747965 1702508 1356886 88429 3752814
6760718 2837169 9545796 9166551 955975 5913664
3967740 9851405 4181587 9415491 1411572 8159444
8070603 7908918 581449 1932734 4524272 2734624
8718059 5505514 8231171 6326583 9151399 6670725
9435876 3547284 914552 5577754 2723655 7198753
4179414 4823133 1660579 8030088 9964669 8005122
6429297 1843956 77106 301339 9638289 213583
1310983 2027562 1646338 3939460 76465 2660149
5172581 4513643 6079667 3332001 6706055 9753893
3024434 1224304 9576259 8845482 1657654 6989214
4321187 4549404 6613186 8247021 3910287 9590993
8295023 1586061 9713094 931544 5311084 141748
3164464 3581224 8156906 9295661 3111058 2105648
5057058 1622281 5213684 8715180 4337088 6650003
4727300 9861475 6383300 337954 6400733 7516232
4081692 4519013 7073343 575179 2641177 7836753
1494659 1825121 2059154 3099884 7392842 5885958
3082189 9077395 3536144 3681939 9716819 3200462
1350756 2097788 3606769 1397380 4771326 5804822
8697529 8584887 4763185 318411 1479372 4663401
8174974 8323845 956561 84127 8220640 1865714
5208335 8077877 8516693 4636839 9005555 4992809
2757148 2183870 8111008 6172686 7934158 3635160
4206182 8128425 7773823 5196694 5693489 3371100
3953203 2816579 2257408 8452150 2943987 7741618
2997448 4186841 8754518 8468999 2853725 5568266
2155080 4641842 7082585 8967178 2840839 7315809
9850336 5951951 2825127 39910 2060856 7399605
1672368 5268033 1466164 2426730 9706910 9193349
1110217 2655268 9541320 8960162 7067476 7521238
120126 8414167 3944808 9714067 1033112 4581583
3201563 698138 1650781 5578261 7261100 2354047
2175743 7613663 5563422 7338756 4951816 3264555
1518650 7279062 9143952 5333164 2822667 4701864
7104455 5620434 5061590 8875626 4165310 8887706
960530 3567898 4153056 3073192 5463501 6921125
1581973 4223854 835333 4233327 4290710 5418323
7704282 7610006 5970534 6823500 2455257 8940336
6134382 1456012 6737808 4087669 7956069 2832197
1241176 6235873 7077302 8851007 1661027 8910295
2178060 7153227 3587191 3808280 983808 1082873
6372038 587579 8025499 2384035 1660150 5209678
9090183 2780317 9062656 5093074 6438641 3778435
3966821 9830183 2641483 1237382 2796743 5812837
38185 869396 5381556 9796445 8908647 8893203
8592075 8364901 6301777 7259804 891090 4859916
6637195 2669176 1918085 203748 1272605 160066
1935240 6288139 1810211 1857114 8718280 2682409
6848633 9574352 6950375 477334 7827084 8542147
9283236 4070884 1575526 9525748 6236661 2872640
9205370 8413676 8082663 6260859 1541427 3132018
7887619 4876591 2386628 2718846 5213604 1863053
1238998 4015130 4836327 8217134 885224 4258113
3772986 4317879 1684534 3920077 5544968 3717735
9780469 6112409 9682360 9145163 3013078 4589924
5938693 6771738 9316402 2553366 599610 9500286
885626 6125188 662616 4335894 3913474 1204811
3773717 1550211 5051346 9739652 8260653 7952775
7676389 313962 1091413 192923 3584468 7847087
4300553 1273772 5836197 3815438 4379035 6842556
5714313 8298568 7052478 4542533 9298198 1002479
5426736 8747402 8529109 1718340 8174216 6725916
3982429 4923980 2639974 8383901 9762187 3297867
8865189 1571541 3703604 6346226 4148889 8919854
775475 8073945 3279052 2924879 4374756 9530632
9341341 23266 670057 1203934 555478 1476581
2850320 944416 6153433 5384446 9225008 6780339
4595621 1184983 7605441 5445432 7154325 908319
1520394 1696999 5439361 5435085 3476019 6378531
9454622 5079913 514290 9750979 7146650 5690903
8434007 633830 1087472 2613747 2009376 9687013
7615160 5843059 8745393 2024576 634850 5415355
9123665 8007635 9927791 968587 51351 3212304
1465606 6528290 5280744 8182306 7972361 8502270
2496344 5813432 4527321 3866610 377774 2532552
8388491 8906866 3583986 6991561 7227523 8413575
6039066 799002 7681930 3799812 5462081 7624113
6602492 1193823 9882288 1706731 5405436 9784929
3049633 3368558 7436346 6485966 783025 4089545
501324 5674537 3637006 41432 9578491 8100832
9191135 4983030 5859265 8698449 9825355 9510397
5651694 3948167 6240464 45067 7985567 7378704
958690 4477646 9340803 699742 5302076 1035248
4628087 9608763 1811365 5755369 3370512 1232280
3130354 4045258 1248635 4313303 4679478 5619638
6772158 186516 5309081 3984441 2230000 7558872
9775705 4772675 5594474 6509989 7648576 1461504
6404251 727571 8866290 7510252 1940719 5888041
2528727 9982572 505378 1713291 5116275 2026236
3652157 5960401 64912 5773681 1993068 5618409
685872 7092824 9120369 9768788 9430787 8784593
3628123 2727316 5679933 938556 552949 7743949
2589643 4453347 7474862 774529 4319398 2449148
8839856 8930542 5697734 3921098 2935038 9707075
7127457 2209375 1117411 762042 8030976 5096373
1665048 9092758 6609939 9617269 5199736 8750734
6622583 7180277 9430151 3334155 1050466 4996179
7535377 6030665 7769553 7403712 4536671 7722085
9769423 3145276 3448165 1378788 2430389 23313
6301884 4752211 4063530 6727787 2918034 841700
2345801 855591 1522037 5352501 8559953 3538139
3010283 3440377 501243 2518895 1859680 922517
8822069 3557891 1329478 6051931 7343068 1129667
1808404 1330038 5308669 6443219 6867197 202415
1900298 6186323 2325797 159749 8405452 2132362
7855797 1681172 1123107 8949051 8894748 1483688
6013738 3545678 7943020 3121666 1327744 6194644
9229889 9072175 7970761 828754 5208424 9300363
7871944 7525341 3871078 6598597 5913492 7341412
3890842 8397844 1421637 5088383 3186397 7735818
1165529 9054712 2496808 3959649 4101981 4905021
2864417 146531 4123077 9883457 9052972 3333258
1812604 5645047 622709 616596 7269045 6298924
3057547 448860 7060557 7490610 7678078 4633756
2376187 3400207 3498287 3829067 6751088 1094058
818625 2603433 954190 2722276 1685043 1466468
6913076 1235322 958489 2782528 9693388 2152453
577653 9027877 203104 1519609 70142 413734
599274 1952386 449148 8267837 3035412 9771772
7055686 4717460 6837692 6940329 484077 9296053
9501154 1137390 1219462 4681152 6879663 4573972
48747 5417471 6599735 5660549 4865921 3049994
3351149 3485438 2936353 1274965 5012834 2741506
5592468 8599600 5243028 3480972 6518091 4754382
8604591 7765632 2780229 7319610 4250369 3683615
655342 1488317 5514267 3697125 7421957 8734419
4132936 7154706 1004465 6726938 8401635 9792706
6587365 1801234 8402190 6749792 7959258 5827635
8800584 5359161 8049399 6922266 2980668 7674865
9278797 141006 6237136 3905544 667711 8391447
781572 7711006 5297661 4880829 5264951 2811345
7780998 1696016 6983767 1976912 1156995 3368574
9893707 5913229 3818542 991371 8037275 570556
1982088 485712 3940559 1731201 7484377 9727884
5108467 6916528 9817774 2450472 4824159 6759993
8509457 6126884 3836718 1987248 6534010 8807771
173969 1926751 8777948 8900388 97147 9361415
5491117 310940 3931887 2745374 6884138 5926866
2056726 2338988 1494406 7736076 8853296 2504282
8821851 401706 2711311 8086474 6320936 9748643
2627670 922838 9332336 5639494 2004546 7284436
2671685 5698438 5884585 8995901 1001493 5913085
3393510 8640270 709515 1651927 538911 117314
1340824 4645025 7592159 7811851 5587255 4228505
9096820 3357744 8145779 5495325 7314965 6816862
9912546 9425293 2540167 6012394 6540894 227567
8054614 545862 4526727 1211377 7687138 6098403
8725377 1758397 995688 757483 6452905 6043943
1268741 1731106 853219 7759539 2303925 906493
7870635 7203621 7897933 6618954 2200592 2322453
4913770 1796084 3457037 9159263 7815746 9777241
365093 4401889 984911 2507732 6261429 6304225
354852 173493 4335625 3377026 6650975 507916
7359199 9104369 7419895 9755838 3431137 3334424
8793879 3046694 7806529 5337905 6347943 1528859
6393727 5794116 4648342 9876126 4854969 5505954
3106714 915975 8236326 4323971 3787871 6100563
7015432 5288430 6130375 7652085 6534564 7391186
3112896 3080030 9918461 106638 4098299 5784148
7509051 3860811 6978194 2071220 4503660 7034755
3675177 7693691 9002303 4504596 198073 9660245
2244166 647397 4728448 8939758 9040491 5905358
4914549 2849172 4369736 5774764 3168453 8695633
778965 771984 6088160 2682840 3137619 3570187
8295437 1801430 5429415 3145110 7302682 7284744
6590874 268389 5545040 8656517 6661879 623549
2714295 5985233 7355636 9790604 6121430 5222861
5857916 1671672 7252882 9426046 4441970 3245181
5313291 8508115 2106716 191269 9039400 7761600
2156856 9631076 2115795 4012087 9812604 6671995
6514497 2994508 3105960 8234748 6485683 7494590
2894131 3297910 7427418 6928508 8605416 4139162
9377062 8043687 2820167 7725357 763224 3740041
3450078 3609647 8476558 2837893 5107570 1658429
9750623 2955709 8572712 1278705 7396476 3540581
4764574 9445799 7339241 2428267 1068901 7628067
2402377 3825220 5517785 3152419 2352762 5641722
8827373 4123924 3562909 7303015 1491859 1118773
5188957 9629544 8714704 6081802 27799 6980129
7126020 1654726 2203474 2841244 3446513 2416560
5756987 5807332 9979036 966576 6375945 8429182
1118101 2450105 5429986 9732738 9431710 4994652
5498560 2776329 6698286 1448296 6168439 4961243
6693415 529071 7524595 5466002 7763094 9421681
3248737 4467703 9086181 171058 3372478 4033623
6987972 4005538 3734674 5530298 3297643 2236696
4532329 4022445 6535946 8105650 3330469 9128654
7103812 1856418 6245787 2684528 1885022 2828467
2243735 7841848 6785126 9157595 927024 8235691
5041374 8850268 6177103 8010449 4304919 8716436
1644299 9071386 2798329 8749076 2291035 4689566
1720904 4587101 3812823 4525441 1645063 6496204
5248001 6695686 7712368 2607585 4134136 3627383
9434315 49687 7709694 1546379 1887575 2131934
1345362 6710817 196943 5291364 9671432 4528549
8860588 8708036 4448864 2430173 2194130 2894678
2988924 3275235 231774 3465177 5108254 4048105
2894415 3393965 187943 5448048 9422706 8889744
5746336 8696273 5773506 5236279 4310522 8512327
8086356 7001412 1417658 4764355 7673921 3317598
3633429 7464296 4284090 6798629 9024907 9469347
6493938 6943708 413155 2536887 5747887 8663421
8444124 5701859 9847284 2320205 1690412 8832952
9463435 2727568 6009579 6811709 7156763 2765914
808856 5058170 1264942 250786 450762 3750442
8756581 3765781 4071549 1088305 3630342 5441754
7186286 4020243 8476843 3718122 681587 2543216
764643 1202638 6532475 2489940 1151303 7120010
3633266 4991040 8697273 2388237 2647642 1195657
1378097 4112513 2799245 6909494 5588503 5804111
1489624 9392034 2529111 8077199 8811939 7701214
9990015 9849119 2102541 7455137 5772803 2886983
8218671 5999988 883719 7937916 356223 99177
9932591 1490862 6394930 6473812 8762584 3519719
8463574 4645106 6650977 9022174 9976250 1441009
3984075 1798647 588128 4175848 3932752 4923087
8872074 8835802 7151628 4805791 4759395 2929341
5207937 8525654 6486754 3506046 9031856 9269155
7871425 6628542 1197110 7393908 2218505 5258990
3634343 6775701 5305777 1912040 2327937 4572801
3029353 3982161 7566148 1277804 8315430 2311719
6985498 8435897 6260243 4321118 2819923 8495397
8339333 5497737 940378 4144553 8321287 4633197
3727650 9943335 3183717 1172204 4610569 7416552
1630071 8969356 6629272 5432896 7385283 6680179
3754154 9403261 7566520 5205170 5302637 2264465
7603826 288790 1138518 3143289 2314220 4685221
1873848 4478916 7390154 3753566 43163 2554299
1812037 1485340 7637364 3894443 1450491 5814543
2552352 7360103 306842 9746317 794666 1173740
7626881 2277602 5718782 3752910 4141041 5062695
1069746 4034319 3803384 4560660 8846604 3925043
9811810 7310007 4551117 6385937 8946774 4331385
8772379 8543472 2456646 860660 8610183 593771
4332139 4190559 8145151 9598042 6605200 901282
1978776 3317591 7167305 2629542 4945774 9422458
2306010 7481397 8948903 4077869 6901792 5879401
9555294 314983 8265710 1605824 443589 1769630
3233102 5113690 8170450 1481770 7815437 468095
4612341 8410960 4229996 4542452 7773145 1262563
5229443 2639622 1576856 2693854 7961173 465055
2421664 2827069 4475157 7537310 392045 6279877
4441827 1889064 3607667 4052431 1486020 8492894
7817632 2451786 8143414 8229174 3714322 6365630
2803631 8386477 7902724 6561855 8790195 5606607
2359643 1356820 9076780 7200819 9501674 8991925
3023636 8711740 3802325 9927914 3622440 2013980
1014242 9186284 8019686 1425562 2424371 9437273
4506065 7111796 4889555 139813 6521267 6678083
306526 1816532 633325 2859279 7891983 6147762
5141891 6196671 5693999 4731050 9376304 8981022
1081179 6821136 1706998 8574891 6517004 9990119
2229712 7790190 2918827 7395189 3835185 4597229
2720588 1023331 4205279 615319 3210279 6729176
2244272 8964726 4854220 1722729 7478990 3595565
2694172 4471748 2023002 2652354 7719108 3137189
3867706 3537233 8078066 2850874 6349411 8416490
4789474 2062677 6071496 4448360 8445738 7615975
6524589 1831588 8073817 5135396 6728716 2938505
2419031 311168 6823766 9530193 1148762 7716447
4885885 3227551 4336439 1594640 6929541 8362406
6141374 3146407 7808850 3877870 4709219 5030700
8868334 9720517 6583145 8806534 5501299 968159
6984195 6319025 7215443 6317449 634570 4807849
8747376 5211732 4576831 6696546 1881584 1009267
1183118 264989 9794746 1838638 4331173 9633218
1244244 2688811 783937 5635232 9767019 4336421
8739350 4236463 4317874 5672272 8859880 5312426
3679710 6654786 255112 310114 5562419 5734721
368003 8807154 6158344 4356966 6507896 8661595
6372489 2495073 4735351 7661810 8754071 2556257
4341515 9334837 5504035 6813985 5149004 5372473
430067 7271855 344789 1401889 5094888 586674
573022 5860773 3834677 6947291 9528824 7619097
6437555 6603059 1479680 528882 5521547 4550231
3322364 2439669 6748216 6680402 9143204 8626214
8080517 2117991 8065296 8413742 8880024 9618263
6154519 4531158 419986 9103845 7293879 7597783
6757758 2002455 3797223 4879839 1609009 559759
1718973 7992186 2199288 2529664 4632186 2733354
8978028 3534009 860114 3276452 4937335 7225188
6406224 1792965 3367942 2626761 4517644 3789520
122819 8955425 8948581 5898396 3599132 4333109
5833037 7134905 1233932 7149819 7541260 8435082
9210140 8738004 3059207 9779605 1617611 7436322
3737678 8523502 3112242 2291688 4228372 4859386
1903673 817067 3194629 5834451 5175265 3372839
1194991 1638527 6082110 2218979 4296795 4003529
1410553 5370378 3555839 4503035 9871566 1248577
2394289 6605816 3977183 7275037 1442622 7922020
8080241 2298887 725000 6493349 7048194 9132781
9418993 811462 6613300 1817912 7452835 1554020
2863012 4312878 3656516 8339430 5312200 5000736
2857296 4850336 3868947 1599396 2803835 6427981
5602161 6835070 5953608 2393261 7134381 1058027
6840870 862322 9683281 2352763 3402223 2028233
2461999 5927183 7893143 7633546 4075781 8530298
1408528 5382311 8697150 663508 5871170 4079242
9386297 3233168 7109284 3990147 8963770 2211321
8949398 8674813 506278 8348739 1720241 7763726
6058942 5314015 3842427 2046276 6778996 2884438
2125332 5805103 2397206 3373556 7240712 8592053
3860556 8383183 4423230 5442689 6356764 5810665
9753554 3193736 2873204 3192018 994783 6102932
4497181 797465 9524723 3884382 7889459 200919
1360094 1437300 8240162 1423682 1572742 8354923
7279102 7290098 3177354 5930686 3386537 4881569
7183502 1998211 6872927 1340901 3792760 2183995
8069601 6425747 8301491 7833339 9473027 6959668
7513718 8976283 816253 6817069 7397132 992971
9683347 1845721 6606485 349245 5935246 7410284
2041907 5116468 9661459 4448317 5256740 513286
7880060 9515597 8296757 2867693 9147657 6668634
2922371 8761893 1430750 5262986 6219698 7019145
7501100 5694427 2074330 1650727 2140927 6037882
5782090 3424277 6112197 7945136 5309633 3107097
8216176 3336257 6157869 6301100 6852222 5853421
577817 235957 4078848 1344525 9214670 1478502
8817662 1016035 9175469 1797424 4772347 761236
6881168 2097301 4465053 659070 2906905 4025044
9435495 4105258 4950468 6187081 2491783 978098
9626609 8771806 5531678 946356 5112687 8861958
1139133 2566528 868928 2581908 9297416 4049748
9487471 8757416 2688489 3904157 3602801 6996961
8585343 5337253 2265779 5798076 7852284 4173102
8472304 7031641 1071316 6760226 6371477 7159634
9594124 3397617 2813324 4776129 220176 7996020
3585565 2934022 5342420 9118518 1592250 6013480
7424765 2564219 7930657 9962395 8017055 8327489
3666808 7283995 6073609 2770544 358629 4939599
3500505 9806029 8652306 6926986 1824880 6364838
3972959 5613440 2534416 3511925 7332979 5546134
9302758 8154009 5538173 1869468 5713036 593688
585721 323491 3114295 3457870 3195574 8877540
7462785 3852029 3473832 3168926 4448782 742286
1157588 8539662 4375317 8277424 8872984 5076130
472341 4269370 6468824 4708605 8981115 4683061
1989979 2357032 3224979 8933275 5394673 4856352
5316402 1208049 6132657 7063980 9843073 451336
7355423 6235278 3714324 8209761 1289412 1806780
7557012 3804390 5710981 250615 414163 919539
7766436 941506 328106 4121673 4508980 2221656
7814802 903588 5502489 5873585 1381820 6708612
2825435 6517157 7587787 6441508 4768290 2799711
8601696 4157671 1005850 7107893 2818624 8662932
2648685 4974932 6623182 4786298 6735556 9226683
9585813 3834288 8327954 9491177 1034680 1325191
9225158 6044576 9603482 8362006 6011244 1274447
4248876 5950353 8048237 9476038 7510914 2439172
4649892 347789 6543264 9339246 2409522 4434351
9904086 7495898 6143583 460939 9732349 2027896
5294557 5095618 9119237 2627251 400538 501433
6661749 9129850 7632120 9957687 6656933 4597552
859109 4606108 1768923 5561420 6037334 9737384
281270 3122305 3709513 2159238 9599029 7095053
7350217 9187894 5261587 1577690 4917050 3853027
3886620 7381754 9515620 7302501 754479 59789
9731858 5479833 9537586 2068838 9129354 2590057
3463781 1296534 1272667 7950999 3707091 4383759
5076710 1573551 3646828 9374817 5371780 9012765
7279941 3399224 5306538 1377013 3594299 4703235
6825322 3114674 879973 6024483 2514978 1572718
3398764 7682319 7376822 6932392 9610494 5733776
41843 6608643 7647787 7593467 6004644 2459694
3733502 4629382 6885463 7236709 8887740 7303511
9624770 6289323 3209133 4503875 6101007 3761944
2751569 9978599 4903150 2402236 1555374 4570658
8906911 6627377 9511859 1621247 6970000 8797461
8011570 9208050 6714770 8857920 7164401 9953396
1221605 2775224 1333094 8484084 4228559 2639187
4208269 9022184 3393072 1054894 4889971 9127431
2175 9264022 3488765 8116030 2473401 476243
6599727 4805129 5267931 5481999 5374708 3140011
2797825 7729279 2137547 8849607 4966269 3121259
2645643 7238909 1994013 2744016 4294327 7204373
6623754 814560 8758650 3243924 9435767 9254268
4467849 24639 8922287 5541183 4381453 2952680
3779581 1424157 5944113 1753999 9972767 1196635
9067420 6891959 2776353 8552659 1234061 2759648
981915 4232415 416470 7156737 8430812 6527517
8246872 2455166 5404382 5424874 2125018 5639733
6626471 1068590 3348650 5333259 6785490 1199106
5633984 8914043 2347255 5715902 3122414 992581
7710911 7311687 9026403 4703313 3977575 1806857
8244868 8878928 1892257 2905130 5939418 4173655
1135708 7917546 5101473 4869087 8185440 4365555
5632474 1365925 8528373 9000145 2201557 9250657
8311124 7054732 1266334 3745926 9563868 3677061
5053981 1931333 5259361 9384144 7542464 4692953
2821451 7141636 7160129 7912775 7011953 9579856
1729974 1936488 8479090 3042126 7521947 5028967
3629497 1507769 9222261 5949387 5967441 9159077
6612613 359687 7954328 7769697 3431430 5953690
3541313 3086352 4472323 4538678 1068582 3705959
8989556 6596154 1486739 5419743 1349441 7277116
2010198 3861430 8027103 930269 7402671 7749562
928459 7504729 6487005 9100431 5900368 1996331
5275206 5199344 7179729 9986970 7315996 9459197
1133173 5608624 2975194 4740131 9719313 3591673
7953301 2279068 5540231 5597756 1071851 6437246
3152478 1849906 5805955 2298813 9106564 7984984
9830190 4073952 3883411 1475586 2853596 6649380
2762765 1955735 9195850 7916136 7833315 5946254
2785331 3781493 5294820 6623890 9015542 6234739
5435009 420018 499293 1960741 9563703 1349860
1930888 7117272 6464226 7485216 8058876 2809073
8744083 7779217 5405493 7064769 8147594 1300272
5931798 6404266 5654137 6301239 2520481 7268476
3310924 3304490 998048 3284454 7283774 1808251
5251882 2761936 7047524 9167403 6261770 2428538
8741316 2935322 385834 2310079 1561733 9873705
9533990 8957218 829925 9435576 6533744 3612495
4563505 9970105 7078983 1938843 2797956 2885258
4164071 3172169 9215447 5510441 6606703 798344
184667 304810 9058491 5571207 4334498 3923848
8077008 5115776 4457916 830501 1971348 2297826
8512485 3030946 4723347 193506 2302776 7346770
9344334 5976339 7660432 3831305 5543091 9309580
3529735 5689986 882103 1720867 394651 134915
4750788 6395653 3936835 6549452 8676394 2535940
5762811 3790517 7541116 5240607 6938473 9012871
9726805 4756141 66100 7905063 5178374 8752711
7095002 4207285 9669647 9050640 173950 1988367
3978750 8546868 6958906 5808635 672538 6863419
6906721 3663044 4589337 7380306 8911797 8212571
8530569 669387 3126942 5012843 7761360 2182197
6235860 2364448 4460296 5211293 9366165 4589249
7593924 941380 4766915 378156 6879714 8170094
9541246 8930084 4172533 971253 9687794 8894693
2641850 9275220 6836206 9438192 6598131 4101018
3657259 9561776 1526672 9689278 9017426 2505985
7382861 3584738 9878850 9036199 6527729 115021
2365757 1873333 889643 9939497 7605155 743372
7816726 2491246 8449439 3955274 37858 2209565
2742035 388379 8487369 3872877 862570 2677523
7469840 702351 1602096 1148307 2127705 4871315
8602801 7183453 4761189 6159609 6923645 83795
4631806 4708404 6313 9797872 848621 9062639
8100146 2316159 4065159 253045 7942453 5603829
1657596 268264 4838810 6591057 9714346 6438878
165812 987945 6502700 9948250 4570191 7921019
8129165 6526979 6543469 2461380 45873 3928699
1274562 4412981 818738 4431469 3031010 8476551
424091 8608246 704546 7170552 1779103 625428
6906587 331821 1736335 335011 4398259 1626158
7459305 2554747 6188934 8109738 4507697 1312397
2904437 9280027 2638728 6801205 5927218 3565780
9308128 8242390 8650877 4296856 7176952 7515504
5396307 8018885 7570733 9524563 8674084 4721282
4956634 8681344 1893048 7201628 8920102 8300404
5894549 3096513 2321637 7834630 2922331 8892083
5379193 4629851 5188683 1403263 5501655 7360645
8689548 3831690 8743637 9467794 5350007 2031431
9792120 9592718 8669707 5678209 4183266 5571422
5003806 8164286 2065918 2525127 5591733 3341406
6207088 3554486 2381106 5401661 7706173 4769524
7776214 1086165 9116419 5002187 2225458 8478670
3797649 1200585 1460569 7819519 4560036 9070137
3742171 4292151 1701570 6445823 6820456 3088244
9920201 3831568 8394266 6003333 2468675 7698079
9707950 5551600 521386 2405098 469990 7088738
2248505 4710332 6102557 3584982 7957848 7000383
7782441 8717320 6443567 5422085 5067697 4985152
5303846 4886065 7772542 702545 2049958 2291602
7965478 7744898 7315138 754014 3083292 6007290
7091841 4811463 7170584 1620732 5641524 5514210
5393890 5480281 5660933 3607109 3838750 9854400
4643129 8380647 6486223 9577144 1938659 4106653
9870051 2183446 6253145 663640 1679190 8649345
8883972 133216 3715317 3006038 5012250 3478984
9685971 3399166 6993925 4256430 9328760 6438139
1281644 1520627 166760 3674446 649978 4593280
5342124 2833133 3897859 5082044 6021281 6056861
8277775 3593587 7110597 4482670 571693 639452
5073477 9642046 2467342 493009 676420 5159730
5540709 3597225 8801776 3342001 5549466 2478849
2512179 2022858 65270 1695811 4459720 4269098
7255053 9532476 3921396 2472076 8072556 778234
9803828 4524096 9693891 6609303 5539431 3483733
3303643 2239271 8512300 7691807 7730805 8611764
776145 7207522 1777073 7063497 7320351 9825437
1052759 9503810 1713642 337898 9984544 6803081
4935824 394310 8154826 5973755 3780598 2000542
422557 6343945 879519 2535530 36280 6984338
1954188 7355873 4423224 8478397 7100558 340824
5533617 4949599 7691572 6588169 4690710 4474962
152005 9060701 1609684 8344057 9254253 7535204
6011096 2356572 5105999 8966700 8344397 5376630
5427868 867192 2290903 1919897 6487699 551827
7369882 4900220 2176596 364085 9483087 9715777
2347414 1670058 1391844 2288968 3839985 4334014
576436 3149123 6129031 9546924 4594882 4032986
8017064 9701299 8859339 7532910 3593009 5737662
6972640 5416743 75917 1685379 4939333 3214644
3913222 589475 8336262 7570077 9405875 1044073
6252827 5492564 6457470 1860085 6946638 3406004
8482861 2726126 9814037 8046247 5383470 7149282
2327320 3290105 6160660 5373845 509770 4213966
8986113 234922 4682361 5062916 5243802 9102965
3781381 7805258 6901845 8141146 5194026 2541534
4173263 8113373 8715713 2285771 4820106 7943788
3662778 7635218 7007687 9529617 7999553 4742844
1015175 5405122 690347 1990016 9943713 4114046
4029249 1266799 4930956 588703 4776450 2611542
2186830 7075402 7137532 6271257 5060687 2142521
5113630 7692213 9024102 7424841 2440122 3729876
7100056 8686086 5654821 3158931 5579081 3802143
2870989 2603768 7140254 8890999 4782644 436424
5799774 8981069 9196130 5044087 3333993 8693430
8270462 3536782 9802659 3309509 8442339 1963697
4250476 1794764 3812872 5238593 7209394 5673875
8870534 1517975 8880131 5120421 2222404 7303050
3238919 3314376 4766559 1794400 8596656 2102225
1195699 9613593 1973084 3171496 2639596 4056771
4576954 507208 6756845 3646012 754821 1488794
8776158 7217295 9560356 1284339 1108883 9418255
8042773 8927531 7702723 7111905 5019952 7819499
9903916 6710416 5246726 943993 44827 3986453
6030618 1288079 8461829 2539465 8386225 1388898
8808331 6754548 7753952 2918451 7138759 4381392
9691240 2922574 6261807 3162464 1197812 8206216
8106369 6290592 9193465 5151141 4038100 7393753
9789195 3032915 6692804 9517407 2112836 7639654
1321634 9373963 1887339 9032341 6506423 1465557
7511715 1680755 3659659 2709889 6621790 1035034
8638552 4872893 4411915 5682557 6810003 8995678
1463924 2416602 7352412 624786 7916086 3501628
1485288 7953754 9409519 4586102 129492 5545764
3360823 7347742 3254821 834465 1872276 6786492
4995435 9995375 3047173 5942623 2497037 5071623
7937048 2208726 5919486 7694538 9419972 2909392
4926472 1144875 31357 3753401 9286378 411754
1849169 4764291 6882269 198959 8804722 8595164
1325870 7784996 8619733 3746144 3925070 6579553
6870628 4676808 6406181 7513856 5770805 5503116
136715 9618105 7086315 2271387 3463041 921880
3546207 7371446 6449225 1176996 7008941 348262
9908504 5261542 7396823 1987229 9266012 7969571
8027686 4442647 3609391 5822210 6333685 6600811
889293 217030 7450292 8639739 3367538 8363152
8537230 4699145 5878329 5413396 2237743 3772964
3244377 1048384 4024602 5578709 2316361 289585
3735448 3187587 9334105 4761529 6507186 6807615
4295582 175589 7844230 3050562 5739099 405536
7058732 6330540 368846 4227645 2186229 7084020
8135373 1868593 2853631 3331504 2189250 3814850
3328540 9435240 6199080 7395661 7784920 9599864
7961430 488741 2456141 8987300 9481721 6393865
1355142 3313764 9154415 6506717 222300 2095365
9468295 6769497 1727944 3638331 9266605 4585458
1584809 3589680 3091631 5542187 93500 7880234
2364482 4573225 8249426 770130 8224147 7244372
7886822 7080847 8138646 706318 9648211 7750947
5148542 9489336 2888359 5885130 4121680 5125801
9390194 9891843 3580701 6455445 4320252 9158378
9243405 6870335 4970819 2510072 115240 7668084
2743814 72701 2464925 2931286 7802008 3347509
4909996 2906017 2469386 2357218 4030655 8627358
3921294 8785861 5535286 4395752 9076041 5893559
6972912 1068777 6398291 1332297 451657 3125235
5431190 6665338 1964438 7763109 2733416 6150419
8907154 6439229 3794926 8262622 7646227 9910504
1897189 3271603 7523285 6908769 9033899 6032776
2298045 4740829 7479893 4264824 7582379 6554675
3187705 8224646 3447960 6617536 4215405 3383772
1129923 3820946 9791598 9038546 1084456 5911620
4444595 192064 5535442 9915499 3691474 1584809
3708404 1155815 2686967 290263 5090082 6729991
5969218 9402560 6143027 3047219 7359909 3844784
3248171 4092263 2756280 7030998 5352339 9288384
2297684 928571 5135733 3340871 7151826 5260254
859076 7206233 2607052 8354184 6431028 7154870
8306048 554702 569625 6896680 5974204 6277883
5859180 8218406 9383521 6935223 4626864 3453757
106366 9485829 1150892 7524645 7605623 5061096
8784323 5228881 4489937 1009586 7188317 8105973
5787021 2809635 3235787 6980195 4257372 9354264
4638285 6138350 6299511 8012693 8192970 9879358
4243382 596063 1657759 8681578 5193394 4608100
6837415 508115 5721556 6486490 9143285 4533975
569951 2474164 2809512 8653424 2837021 2525936
3039989 4911959 3877452 3088091 7874203 1459997
276784 9975671 6054134 6619194 5023297 7511439
9203162 6927836 5725603 6319125 7497078 2151000
9268315 4903146 3706505 5998765 5332338 9383912
8195074 4088975 9258007 1261290 1090211 145522
8232622 6931438 2145647 3480819 6354148 5242275
3813472 7428243 1279466 414843 6422256 2411128
1755376 9073032 937660 9929771 340455 2644756
3572822 7701960 9831479 7419821 5919231 2886381
2938040 7197545 6666765 8664904 7245849 2785558
312584 4045085 4126594 1178326 2087334 1635985
3248042 5031988 4642726 630824 5174935 4949535
6937591 447530 3633319 2471778 9745468 7398272
7349113 8613153 322345 4538138 2199640 7162386
1410504 8464241 1136833 6705039 3982185 7984389
517596 9876567 43564 5256636 561797 5881907
6673733 4888160 8207507 3244613 3476750 8519689
7909697 8470037 5648616 171854 8289427 2357310
6060326 9579869 6860404 5570252 5887885 2585993
1929074 643677 6456512 8775166 1992609 2288402
8343892 9540002 6458551 6204780 845044 133765
7337104 3205285 5111572 447351 3714432 4136145
8787400 4342975 6563486 799925 7856404 8720697
741758 2935423 8336724 6529245 1582402 3482037
9927879 1574214 7164475 6790794 1944175 4299809
7912101 8045968 7649208 9903430 3189209 7761237
7990562 8280674 1883199 3209677 2832553 6943875
5140162 4520472 3964169 8784593 7688532 9166576
8377434 1639005 2804790 4859239 7499940 9540580
1382007 5166806 1915447 1120845 8187153 7625946
9424779 8632122 6977457 4057191 704483 5034471
3100314 7146227 3228264 6556395 7849232 3017927
3354596 3740801 75070 2556000 7666740 765217
2627847 7747270 9942166 2948400 6904950 8854871
2599568 2177294 9830016 6592668 4948178 6860438
7150766 8781913 5694246 8214706 4972732 6930605
5695858 9068612 4066134 257140 286528 6331941
2066574 5656080 4548073 5208279 9111641 2791778
2645623 5588767 2592595 3532471 152095 1176022
9696926 65892 4871796 3174747 609328 1532843
9114685 3774723 4495010 2820083 3888389 6948218
4961107 7262379 2104115 8669991 906998 7552159
2202878 7141782 2972982 649624 7478 8756712
7978940 3602861 5282045 3075612 817868 1535957
8857853 9117608 6897771 9083745 8061649 4505298
2434441 5494191 1153901 8088737 8408843 1241036
7649214 4842284 415155 1499831 7638833 1061993
8074816 728299 1992669 6446449 6509728 3861026
5218547 6894047 7173868 8230147 749628 76204
8335868 8655346 2547032 3261696 6103419 2243517
1454004 4807876 8618335 9813358 3329342 110675
8285446 5140956 4601245 5100949 1364816 3676811
9499072 6412466 8673750 6577318 4856843 9704298
3728455 983505 3039926 1736692 2786198 445273
9042039 1834830 407048 1937891 596953 5418925
4067572 3097168 7187196 7085776 7988935 5693209
7648184 8378060 9691320 9333261 9700143 4968214
429833 9079655 9940372 5286748 975554 2822073
5799139 7839990 962290 8410674 6117107 7688663
2966879 921179 5977702 1169078 4442272 8975840
3581922 3524825 708533 871832 6951764 5451382
3499876 2518368 6498867 9621313 3939219 8250341
1690839 809311 257375 8454013 8536567 6415083
2568145 7157296 3660171 4488736 3695486 1656357
1979131 2742563 5791216 5001068 7884188 5263444
9701052 4365866 247475 7234424 1191419 9851607
4145565 3644324 2727165 8312208 9074357 4552186
4949931 2939001 3349923 4735351 552996 6351091
5665788 4538887 636495 1975345 3808911 6769502
1748085 9767963 5066266 2889488 575424 5554655
8191770 9662881 389845 1476385 6960629 7916409
8672914 8867305 949308 4441869 4423222 2938143
8579964 3296138 8694511 3485432 8621338 8858917
5062176 6775551 1167527 5057433 1812218 1151008
6304049 2003485 1798711 764324 5358186 6556856
425588 7820202 156931 5079337 4376633 668396
9166557 19538 241315 7457762 8260189 7047086
8586717 3803780 1931961 614166 6587784 7073082
9269865 2613442 1421027 236488 7685841 9001215
3806990 2393001 8013331 9923941 4383010 492387
8202114 5238022 544927 7520298 7942083 5691976
2207130 1563001 9117288 5000520 5244590 7359003
3913807 1672106 6106188 6181389 2598476 8563106
53509 6561461 8229613 4062639 8705652 3948397
3535133 8099237 9465093 2657165 4471635 5725581
5346584 4941982 7275085 3160297 3441057 5998468
6589150 6016478 670926 7248689 1198029 8114808
906565 1836927 9027062 7282647 6359288 7499649
1707207 502042 9788618 3895727 6016183 427885
6135236 7190038 2141866 4625688 1121671 4253006
9884458 9019663 6777558 628192 2160366 4026951
9744439 3629936 4824663 4822083 7051971 8251309
1636706 3449614 7828226 7320436 7004353 750758
5479173 8544717 1783259 2135172 7487958 7307079
113710 8913921 9412722 5160623 2346942 3312315
3672438 5382603 241493 5665693 7654628 9206140
5581607 6637988 1250957 2440212 4280368 5170243
1879400 4630126 6048839 3271770 5683495 3397771
9524628 1242510 2084347 8069400 3908874 3294759
8320583 275448 3482989 3947159 9356903 6882859
1185824 4229322 9205700 219620 6258242 9551760
7908918 8303245 8491146 9753887 7997341 4931963
9808481 2528823 7013141 4989121 4879705 5508830
5001633 8880256 3198861 2552564 5332290 6576066
7262117 6307088 116039 6272997 2743087 9950764
2207181 5923912 549974 8561845 917464 1948356
2123243 454342 3052330 7855163 8984738 3241720
9637291 5659971 5783472 7385112 7283065 8720315
2868494 374545 522985 21823 5086145 3558576
6120578 395584 9306238 3286074 1199020 4922221
9030804 8132205 989170 8596350 2655103 1096423
4711073 7525919 6926982 7634298 5528400 2372745
5077792 9266107 4899030 6968093 1855684 5823895
8486895 7943679 5672084 2840087 4897781 3742356
5293961 5839812 3390879 9670625 5438973 8721940
5062777 6549928 8863406 8149504 8040324 9857371
1312698 4907913 1419792 2430322 4302551 8642575
5782118 4275492 9983423 5069060 5162972 1218409
7032518 185404 5635067 6514397 5620467 7335839
8068764 3872326 3125585 3930127 9171736 3146397
9949434 6157543 789283 6841909 4734590 8300071
2091470 7270400 9581198 2763879 8163355 5655908
7301444 5900262 3826220 7737001 6763185 8270144
3115809 7521393 2902967 9632628 9439508 7014498
5891062 6317449 9525687 2558623 9374598 7228682
2187049 801265 6166049 9815620 1226060 9731804
4323667 1473252 658285 2069309 3482582 1391378
1020706 2375409 2101364 9972241 3245463 819542
4307772 9360290 6643370 5220031 8256935 9046000
9494837 6861065 9801941 5084036 9669420 6698001
2607704 6521693 1214576 2533561 1807426 8541369
3573411 8517659 9082286 8437246 4584894 8857051
1231458 5571662 7970988 3524725 6445954 1983025
2203448 5843707 102119 2313887 3756856 4342171
5554042 1500972 1455284 3399867 4889957 3578004
3695704 4913757 8387432 2331960 501767 3365735
9755667 9649523 7166402 541735 9951955 3760562
8150448 8419547 5972420 6397528 4501801 5490412
9729743 6484517 721754 2775210 1993688 4644795
3832911 7626879 3755028 7033851 2206613 5932838
2643819 4033962 5244896 3926480 2665076 5875604
6027624 5004992 7374246 5284062 1364962 1207848
959492 7308126 3489689 4193204 6174364 6684368
1740661 2332066 4621416 7536121 2963988 277965
861838 3467687 3121796 7036356 4108125 8780565
5654537 1628471 2992552 1502682 391352 7095256
2860305 5323453 190887 7675545 2452888 4979379
2448699 9000767 9653173 3453605 9951666 574969
5075173 3584630 7071210 992992 1338823 3069734
999923 3288356 7882047 3026011 4949342 3985552
7142005 9474868 716929 7475016 1607326 4392948
1857966 4447397 5110956 6960470 9616603 9545107
4297125 5725946 5497399 389905 2384848 4523889
7000868 9239074 5434626 5988137 5198782 6509849
4557597 9171848 7908009 289245 9532416 4694676
7912314 3363693 923534 2211562 4087740 4933960
1557133 7957720 2268877 3731327 1968909 9086200
6810361 4356016 9728517 3894067 9302591 6618310
7943798 9613498 2384435 6160355 5336207 9528341
5882928 9537001 9992734 8020662 6614338 9234613
3228409 9688451 347737 8251495 4629358 4641728
6434682 6760386 5347415 1172098 1380579 944663
8453274 7635035 4531206 3439477 9854444 2901514
2533265 5176919 5754972 8946293 121563 5946608
211564 5824534 8613183 610387 79141 8886379
3985148 1903252 2733980 6152688 218484 2081210
3383536 8186518 9854322 5636823 1170281 379991
5323431 4009506 665214 2249188 1880934 9161334
324467 5156275 8264816 4998222 685589 2085019
6330875 7283973 2014139 9830381 2771379 2386906
2538116 6697352 6416624 9830412 4044914 1481839
2597099 9913324 9422281 9179905 5909870 5854852
5132341 8487333 679256 3995714 9438684 5075049
4750344 825989 4703781 8526274 8235108 6230044
5343485 9527951 8584061 9590089 5640860 1740924
9370945 3753297 1892357 7816551 5648700 7914912
81322 5181685 6454320 1225465 6739637 3003605
610239 2402488 5626859 4916310 3035289 6613700
6396457 5442329 9836351 3230077 4104907 3105863
3147832 3391059 7050854 4247883 6742491 8396807
4491724 295335 9819671 7036715 5003877 2991336
2249129 1044216 8968302 6412106 7594118 1596178
7131682 524931 3177938 1271755 3007625 6536438
938362 8095759 8802480 2602086 733684 9430557
7734274 7529185 728193 4640990 9293246 1043179
7998026 2090914 5096193 1674936 8083973 982172
3951442 3073834 5694415 2303729 1267279 152587
327499 6999579 7132031 1973164 8999178 4347447
6453064 9079401 506806 1332357 5788610 4778028
1426247 4795977 9339524 9509036 5254659 1431005
5974579 4178134 9968807 4812244 6625318 2312771
6209443 841728 7093913 8768159 396245 2650233
6468866 8436469 9104531 2490402 1387097 3498155
975900 997811 9073552 8360261 1015782 3612935
2317983 6456752 2650383 9374032 7264125 600033
12279 7743277 5935060 7573292 8449635 9305389
9616387 2859644 3449729 9620978 3776299 8279187
7822330 1649152 5467563 8136984 2011310 8526818
7091623 1283679 6175926 1618986 9500430 5758291
770371 7654701 2044032 4469993 6211130 8407854
1030552 8394162 1815687 9607874 1116522 9000485
3936836 4406793 3011980 8455096 3426530 4249892
8600551 2208608 6087990 8625708 7788866 7428738
1146662 4294594 4209654 6517425 2225391 9676478
3488619 456747 8505615 7569781 4073998 6908535
9210736 8972792 9423954 2177157 4450252 8425169
1236880 7019079 2281909 8674866 5284731 2465926
392333 5852862 5109862 9564423 9599042 3021482
3146788 1031494 3270326 3178300 7798111 3480838
2188298 9105067 6417223 7310467 56205 2092573
78262 9632575 9891747 734908 3782423 8153000
9211307 253323 1514400 950660 1518083 5936502
8768518 5241734 6830427 9352471 8432059 183775
3372234 7201298 4155898 2035892 6096619 8866291
5529226 4509428 9650044 1148335 3875924 792401
633598 5343749 6190833 8369200 6924484 6210545
4134680 4725146 6742023 8176160 8876951 6414943
9936194 6727812 400662 3919438 7473932 9268582
4646208 6503372 6823227 4490892 4648963 7503698
8208776 3920195 802211 6471299 8525177 4054321
3771814 4988428 5733110 1132300 6769836 8011210
366101 3627413 5165634 8840970 2176082 9397208
9238822 1295781 7464043 8308477 9661297 1374042
2405434 790113 4188932 5652600 1670984 1493702
5418901 3251218 9434939 2604845 5696198 1463805
567319 9017893 1198116 9791160 2821898 8549918
1810993 3929429 8440349 3672040 7835784 1821055
1617038 9361515 5910079 3646144 4402065 4986517
4513530 5586756 1610093 4430186 8843847 2398484
31171 7515216 2809671 5550380 4221305 1596380
8130898 2466537 8464670 5425633 2984658 4965580
1998258 742312 3202597 3161045 6003548 1459552
110401 6464428 3408779 7855762 712427 8745097
1163575 9180767 2050038 1814326 2165024 5297255
4020220 8346875 7659045 7516070 603464 8799710
5465754 476917 5817874 1256475 7132842 6350705
4505000 6928198 6306593 1722156 8019288 508264
970814 5445905 9297880 1924577 8161852 1960000
6473563 8879681 9474535 3027207 1526447 5951769
9479668 9076244 4663443 5471645 7225218 7321193
2584131 6984162 7503542 6302952 3727322 4935052
7298756 396650 6417230 7723958 6891868 8579851
6962255 8223910 706488 8851342 1607953 6401120
479846 5366837 3547621 6064193 2172812 2137597
6999496 6359761 1768883 3984870 9418206 3638653
6151548 674210 5132358 3959189 2979456 4745040
9270362 2640071 7920133 6865168 1813926 3507195
5968652 9297985 5005157 5141097 2600399 3030361
4645154 9749501 5063035 8544433 262180 3221387
140372 7444893 4840900 198900 5292914 2386941
944977 3681284 4424598 5244936 2032694 7977017
8609397 8065991 8744198 6047536 4689102 5194812
9489265 305654 9295063 7979237 6675318 6751913
1597459 8620885 9738124 5815343 9327279 9758640
62858 8226719 6918172 7424919 2007234 9740780
2531366 455484 7590325 4209653 5393592 5469720
4910700 2893042 6602285 5103137 3511747 8581733
9468779 6840501 14361 761468 2003592 7316726
217516 5657136 2301059 2136443 3368194 2746862
399115 5776474 2218390 272746 4164766 2506917
3451129 9893792 7485994 7190624 5744709 1063614
1489432 8902561 6863647 2744196 3872785 4814549
8688047 8749643 990359 9499182 3767752 3257761
5252089 1438675 2176968 4349092 1684736 2581295
8273036 10644 7436394 5802601 2045566 2829233
1782611 7436804 2529176 387985 123030 9571212
5880992 6512618 8548090 1707940 3434470 9975324
2173448 593631 3935481 1865719 2273795 6327490
2819962 1132297 6380144 8710194 1905478 3060706
6987738 1492891 222671 1252298 6031679 9942688
1759231 4200482 5351877 8973763 6427502 6387198
8658389 6988280 605932 3172314 5491150 2349073
7947439 3859047 9003820 8392318 2580559 6347263
4304006 6775304 2513876 8144397 7641431 59994
8031948 8583436 1876205 4524476 2377290 851162
1383878 1406648 1009154 2551687 5264661 7621118
8354495 8467305 8889854 2922848 6175606 6287958
3966358 1912648 5955555 4765174 1649338 9876775
4276895 6297395 2832673 7834472 9712699 7279069
3680382 4491978 2754108 1453762 5811874 7503579
6722375 5321180 3970429 9279292 3142290 9481644
6333653 9457509 8150452 1937784 152479 1604476
8232884 6658592 9968316 9798355 6792649 1066473
5804793 2019653 834039 2721072 2650848 1523012
3602179 4334644 7803715 7287192 1774208 5373422
9659400 7124353 2693895 3782976 3101009 9087994
1497461 6488110 518981 3749889 1553704 9335229
4389685 8588740 7207865 3797833 1542961 8846397
2424265 9273428 5854768 593180 325183 7012407
6667738 3725485 1170880 6756854 8856646 9511711
5859149 1042841 2065120 9179956 1288907 354189
3456571 6528173 7392799 8810600 9597917 1371332
4273669 215253 4167529 8875332 1155361 9881155
868806 8008252 9685798 8363664 2883901 2855
8597099 1076862 5617358 5601249 7363812 6294539
1188604 9467371 5025316 1650799 8843437 6099011
3983745 2095058 8836227 1843580 6143616 6776088
9771922 2865183 527450 1710537 4308277 6452661
6601751 4862282 9210165 4682104 8022692 3473201
6427194 6290767 7015552 171348 1470364 6425146
8189342 6295290 4826396 8624015 7438286 4499542
8226822 4962077 8680870 6398239 2111060 4250973
7203971 6316559 9961873 4093255 5760002 4867888
4186776 2670605 3127280 2354630 8375938 6216052
1059262 8894774 8990862 9262098 1024906 4740886
9751013 8006273 5704901 2122644 4864575 9728540
7549045 8722462 8147398 6992998 8087188 5219441
9464523 8639563 7367314 6014329 1539116 9968955
4618601 1632746 327673 9920061 5513725 3069047
9780657 4020881 8525858 5103864 9919142 5319352
3133246 1599637 4214797 8064116 3046817 1285627
9726464 5903818 8552639 6294806 9458070 330763
5347905 2763498 6839410 8490262 760570 2357556
9471935 1038605 6175553 3188296 9405730 5352723
8387211 3523183 5329877 3299263 9473384 1582982
804869 3623853 9187874 2766898 7069148 7460967
1999460 3448786 9368269 8506441 4513981 9891222
4430536 1944876 381553 5271953 7351833 7096960
1371265 7039774 9090498 908459 305610 4825577
9660066 2016118 439997 4904765 4261568 5177011
6825072 2922520 2277533 366687 8165993 1081470
4918274 2563370 8393516 1368782 6861399 6643888
7230989 5416543 6285412 1694208 2041243 3601865
112079 4283750 1038603 8045337 7122182 2458886
3226186 5417699 8918754 7762958 8582414 9318057
6717603 1152758 5024778 9062935 9155258 8234636
3535888 6483032 7317678 1775839 9151372 4516630
9425479 5761507 4991940 8024775 6979585 7724797
5264675 9419238 929213 4080877 692763 2606408
8333244 9192565 1175017 3584556 6749049 8603245
1869176 9946709 6895665 6835802 6230920 7927691
7540202 1415576 2688643 847076 3573953 3252725
3504452 4804544 8754629 7386023 6982134 7651697
4424095 7886499 7302374 4842538 2058370 111313
6222524 6852303 3760628 28277 5062384 8590747
1477070 3100399 5667503 6952106 7788322 4212848
7251844 7610881 6243241 8231950 2918624 5064270
9433585 2658696 9027126 3034818 3529820 3336487
2716038 510529 8839421 33448 2812847 2100049
9564890 8138142 1810966 3835316 9189389 5105598
730695 2122388 7955682 7793433 7934825 9567540
8426895 1223938 8373007 1736687 3664136 3223443
4892425 2876882 6328404 193662 2094963 1855886
5347708 5854332 7869210 140171 8968500 5806243
4807095 1774479 6484523 614635 7103026 5544489
5287571 1956715 1801206 5578288 2708521 566899
1983604 2685208 2086452 2652604 4275332 8577811
9962686 9141082 2627289 1585823 324935 2652352
3595454 1095984 3690094 9980512 3428878 4473765
1331746 7468233 411610 4861283 3945372 2071342
4901932 9765720 7458550 6592690 5830323 3854736
3190066 8252148 4910702 6708135 5038185 33989
9417239 8524940 1224220 2896198 6441185 689537
3089529 2763143 3810833 7709653 6410488 1805041
7690684 1260653 2677208 6206513 6560771 9518303
3580413 3066394 5950141 7483933 2801220 9344466
8732053 6852733 3023721 4926733 8734799 5143077
7059538 391985 1164670 8340110 2667060 3394650
2082059 490843 2526503 1645474 8860435 3477067
8501174 7435274 7468721 478356 2235819 1644808
6489328 8172814 4563841 5866166 5361442 8019095
3123277 1390500 8779601 3452839 8794650 8608172
575206 9526919 8496663 3323566 2096011 3437758
5967202 9979882 1071217 1887482 3757909 6899877
8075060 5478666 8094569 6563234 110131 7869116
5247583 1349450 634613 528459 6714258 1959853
6631451 1759461 7632086 11534 7834857 6562061
2965183 5929044 3110352 1981007 9376019 2060773
4180708 1567498 9582077 9887992 4169489 6855088
583376 9186133 4830247 977810 8812396 4947634
9373747 1922308 868835 5237685 5653710 5559410
472441 8690694 1991675 2662680 9498980 2173130
4371271 6137560 3666921 1492627 8799365 5908359
9259667 9094553 6876346 3127345 3988308 2212860
8936291 7949459 9278981 410275 347008 1252800
2696410 6148758 686244 8604152 5274221 101806
2317755 4850877 944949 127428 1039441 987938
6620840 6183690 9093943 2311284 7951405 3819555
6844990 922273 8995505 4306266 1084822 361135
2202031 2890599 1248801 5188420 5040170 4696324
4649023 4421083 7925952 2050862 7341432 7501438
661583 9061979 3237056 8818713 2622970 5147165
1615164 5163972 6874776 900134 2860237 2295454
6897730 2542316 3515904 5443050 415175 765431
1205895 8414031 9870044 9591729 3922823 6867403
9647784 6160404 6889205 9923767 8793348 7682630
8958579 6455888 357756 596912 3636535 4870551
6634139 3822886 5899305 9419013 3602925 8135388
8231702 7169218 7155245 9013982 6732539 7609680
3574863 2860740 6585167 898433 6416092 5535053
8655999 4250235 6198515 6600396 8758835 9964773
3924953 9949137 295593 1876441 1816563 2661781
4697564 9127884 6859117 4088771 3104411 8025220
2430605 7582350 9748595 2318102 8070133 3730106
7299202 3577709 8880595 4464849 6810158 7901214
3399077 7896153 8960118 3756921 413527 6483299
1174062 71600 7403877 7510229 4740653 9644192
471068 1848989 42792 1222094 7976243 4835206
9389990 9422915 5345014 1016043 5912528 3139727
9280379 3604456 1488171 3157318 7661963 5685370
9628860 4655139 1056139 3106699 8427327 919965
1723890 5201471 6897863 5063226 4009182 146692
2583218 7173410 5669881 2771917 1961991 6127020
4425088 1519823 1596008 7462049 7029084 3865114
3182831 878708 8777533 210689 3326870 6480771
6043509 6605852 5721932 5424401 5109083 9275696
1242490 7003849 5479519 6340455 634867 2547526
5252590 7675564 362647 6895309 6760408 5158093
3462485 9540919 9225355 4446286 5242919 922513
9137502 2526119 3455553 2659748 693732 1848220
1004159 1298371 4238432 1987836 9507635 3507968
42243 9954186 7542950 6466057 1713938 8585345
7031971 6572577 9099647 3581306 806030 2952661
6544555 2795833 6085388 6701225 6809233 9658938
3813064 754775 3799155 4007027 2003412 5840535
6760882 1875194 5183504 233104 7263207 5647155
2450131 8326739 3723239 6396067 9547795 2897068
8096520 924798 409244 6408034 2508707 2668080
2792888 4185124 1788285 4867399 853672 4978148
7774512 2934963 211302 4232482 9860375 4611814
4853392 9409380 2956235 8019813 6686644 5544531
3841672 704929 1352946 2361251 1187276 2002299
1293115 8980887 6891528 7363243 920290 7945597
4662429 8272389 1395595 4411301 4305562 3826468
6651543 3273069 4298280 3930584 5118771 2009102
7303440 1303473 9942308 4675439 4152367 790108
8052973 4022174 9520366 3701603 5297009 2425236
2448341 7958091 5499282 8816006 4125682 3639731
499752 5591122 1496801 4971650 1026238 9299254
3954593 5278130 8129088 4530639 9211023 5403030
7025681 1121417 6429348 8052766 4741742 9481339
6638094 1749970 25764 9772705 113084 2114422
442561 2611429 2773571 6842321 7229053 845487
9697099 48275 4508616 9548281 764143 3713805
559577 9288441 5314724 6133214 1289284 7502751
7567855 3267098 2434146 4073214 6250211 8639524
8326533 6098001 8985736 7715732 4829289 4367736
3781358 4104512 5784876 4011332 7451894 9739695
4560974 8745188 7961690 2385073 5569005 1336329
9395543 3576132 7292798 9336039 8835095 3833030
4306436 873677 4262492 353516 8261782 3356232
8347889 4942337 6071706 1908905 1611081 6957315
8563567 3373319 6601836 1424432 1869716 8207705
4768516 6655030 1914602 8038092 1210425 2062774
3966720 8889135 5375081 8801197 3060070 6124327
7490946 5904407 9028198 9208895 7880782 1724159
9093530 5090434 7834374 5308206 9117094 1256987
6059449 1114418 3117453 1792668 6282471 8025274
5524001 15620 8503285 2819926 5752719 7076270
6357071 4072352 3888514 7040680 4109737 5515335
1034777 986083 197656 145526 3615517 7351755
1735481 7923583 8147794 2707856 9634448 7902722
8492838 2048565 589347 878056 6842239 8316910
1008256 8140598 663528 6356240 8198093 9814132
7841864 3013054 3430241 2445733 6143379 4856296
7789224 7982082 4009610 3547976 2894020 3583246
3530579 2878708 3598917 1152702 8079826 5968884
7848081 1593674 7026542 8740746 5360748 5624426
4495029 8591267 545328 6619725 706448 4520491
2595421 4047573 1526029 2500393 2225206 7271412
5126603 6999783 7591858 2824918 5733277 281690
8444288 7139215 8695894 5285275 4050699 7296084
2107632 3634527 1109908 7608953 8894646 3411406
3793072 8117987 9275070 7134638 2655743 4785222
7099720 3381764 9239016 1804875 3323438 7166420
9192910 4757387 3041113 1785678 6722619 4885810
3739339 7198418 2753838 5813090 2021775 804263
1833788 4407588 3516063 9795599 4553839 2954983
5228325 6054769 5428570 2195126 1392145 7858513
1164459 9058704 9928983 1013160 289636 7788890
1994953 1984658 8527037 6377693 3018456 7881435
3130522 3088445 5437402 9477826 1526163 5726487
1560575 4813907 4014131 5053830 7270029 2078131
1006783 5920084 4177030 5297247 9358858 8859293
3210492 6906979 8289042 7151113 2066233 154377
3011057 2822919 7808727 574673 2578941 9885301
4196863 2894395 2275606 127944 3196851 142319
8078308 7809025 7492430 6310261 3424089 2088190
9564316 4550105 7076973 1747696 9206129 5229775
3601422 5250020 3465267 5110971 486024 3708311
4737933 925646 2705330 8318549 7597006 1580975
6367760 5114452 2046962 2066205 3384005 8648982
913552 1820580 1210688 1440946 2019675 359843
3551305 5509546 7929620 7320455 5138315 1447234
9051906 7668803 5876257 4333361 2096286 2324046
4054424 708897 7455473 4849021 9260786 1022911
2626659 8056731 7656627 4966476 7065688 2418494
275023 9551421 5676138 2221260 9767490 2411035
5899135 6311993 907096 1058727 9578423 281966
1171085 9091461 2466209 2024118 6695809 3909448
6989269 4483629 9092129 278393 3901245 8794203
7836243 3496648 6951866 6284860 2818972 4340295
5031224 9513613 4060573 4484037 5580600 3599371
1982794 2431523 4351841 3667431 9861510 3739701
5550306 9493623 9629926 7573324 5924278 1645155
8509184 5047080 1801354 166783 6283020 3663144
8518017 306493 5685593 4426294 3168119 3062604
4733947 9532153 4697171 7363572 5301099 2205982
7963589 8933702 3031950 8041292 5760188 8830678
6556340 5259711 4193854 3537740 1303329 5988288
8401140 1644178 9766879 9045953 5549906 7125050
7834848 1996434 7623219 2030371 5609370 5412863
498020 447647 6865948 4419472 1267302 6080007
6144511 4376467 7294779 9593657 2498737 3924608
6407280 4837201 8850916 8899156 9579088 1384617
8069233 8140041 5863934 5685093 6924153 7013288
3187281 4565375 1481856 8525156 4839487 2609568
4301298 5637889 5354183 9229494 7394612 6369218
8508938 7865201 1044776 4857962 9342075 9841420
1617846 2626926 797986 2347301 4145569 686621
2306073 9837438 1961230 534987 4725006 3597717
7772516 211154 699066 9179628 6297450 9978723
2129528 3299300 2669627 779384 3103469 2909929
2716879 3474163 1967977 1097651 5849763 4192093
1444784 7093292 3733247 1654207 5677715 2399723
2075536 259159 4132968 3099614 3407490 1007101
1498955 9653046 5867905 5808458 4025469 5836261
4811375 7508661 8367153 1731449 1444570 2359681
972519 7048023 4926500 2449639 6537371 3638629
9496219 187388 1394315 4500207 812649 122948
4398139 1172999 4634736 6822906 7485435 4630890
6791458 6514303 1986705 6681126 4391537 5384984
8289265 6677789 6871556 5024335 4921683 2548644
518698 3997176 4048912 1671691 546592 8049583
4497028 606173 637583 8020001 6665486 5137618
5655600 8834173 2969603 2261629 6566102 3968384
1644213 9521784 409645 5745286 1317616 1414138
9689070 7725157 207101 2561468 8532812 2408860
1102513 4535582 9176583 1758484 3025755 8407681
7605804 658811 711440 6673164 1568279 5891915
5243414 1118135 9221316 1047259 3408725 560156
3336706 7576528 8596596 3835474 237564 9458402
5628152 9868057 4868310 4901467 5716383 9834094
6945593 8475916 6300684 8250540 9779875 447405
8588551 2576694 3477010 342814 7655949 3961695
8685542 8558727 7878408 9633973 3407527 688320
7174517 4585935 5259784 3571514 1115559 3289167
4917123 4273406 7784746 3010329 5951574 4151860
8752160 3542813 8341981 4573970 8073592 1207619
9057889 1745955 7941909 2534904 4775460 5569570
3419897 1278377 9906244 7243435 2412492 5156018
489401 9712580 3102846 2146777 3425370 1511149
4304549 7712887 2159874 6913593 9296374 6865974
2507358 1171717 7168638 8940416 8844508 3664677
9611058 7592310 5386150 2509584 6516462 6721759
9199094 6613691 4184960 3027595 2169327 8370706
9872544 6401476 3913997 8929789 6657956 7338755
6296016 4008663 9888134 7422793 6358003 3397562
2543437 42959 2809831 4495728 4707893 1605223
5112775 4585406 5033897 8542277 1585999 5739612
9786088 9402769 9248217 8268700 8113704 6042455
5581269 1386186 8196441 3520845 5471796 7042911
4530344 4809073 9584515 3925212 2914857 5686457
8899514 2693382 8820543 4256447 7636152 2001352
4720621 242748 1456720 505687 2206340 6036454
9108750 585971 6922678 558497 2869250 9890804
6580325 8546854 7687671 8194422 766343 1920887
3412966 600984 672357 4317165 9934638 8768247
7465055 5872653 1650369 1065967 4846090 7804194
2438369 8810723 3385676 6741648 4999353 9031452
485007 53533 9015353 7403484 3460355 5214917
3911229 5335813 3755135 1191381 4982109 6140542
2436575 1620960 1952193 9674667 8904472 4184117
9820276 4005225 1918650 1903037 7834211 7305360
8716836 5281951 5724512 5459591 9555629 1163379
3885842 4937734 4452550 7927632 9845854 9960722
5588749 8812197 2100344 292353 9836832 7988506
1898305 3512378 7573956 4119622 3283843 2359400
3602148 6664697 7711511 3961827 5311981 5004416
7906419 6841175 5290373 465320 4831512 2190516
5799495 1613832 2295540 4927086 6614823 4230992
4736718 5898944 6904497 3243888 6219002 6025486
712341 3673759 7833021 7223399 3258059 1392232
749206 806522 8431791 364493 124779 7874487
6343812 5908170 6393236 4137133 8681376 8249365
277411 1961448 9979939 5159888 7067016 8501355
9710248 207318 4282341 4364021 1257299 6716569
6644214 7813825 282791 9547977 4039056 2469116
7964559 8198916 570799 6885548 1394204 2730185
531128 8232702 2302458 6733343 510405 147651
8225619 4651396 6305087 3453834 8981099 2125113
1279016 1358331 1355237 9139545 4772972 532764
4120699 4521901 234589 6883867 3044636 5897982
8449622 3117756 6113944 4437099 108966 9730637
4044536 3825465 3764346 2117609 9356828 9928776
310383 9093514 114638 4314360 4828076 8105114
4033131 4769736 2102867 5999128 7778406 8996791
106604 2178272 9267864 7906403 8184365 9997523
8921546 8836396 915157 7235425 7266828 2007047
2716470 7255408 9171426 8078059 1046304 4510360
5020649 186498 9627635 9683509 8533259 6876262
227982 9530297 3953597 9986232 3385629 7651801
2490713 1053369 277369 3602105 8621054 9559557
6772343 894168 3952723 5294401 2907098 4143039
8233506 9140040 9458270 3294643 493264 3921398
459319 776795 9259147 6317252 3188313 4798730
7199587 4157920 3970524 8124111 7664260 6141238
9450504 589234 8091895 3364528 2274611 6220198
1455450 9028594 1111387 8326272 2227908 4430167
9326321 6015702 4146521 9368907 7727096 9606038
6680100 9818457 6298975 7323834 4567939 3868139
4977731 8231205 996776 2714975 5585201 4863327
5336134 4387844 4667731 6352389 225977 2041890
1282249 4140052 918577 7972417 407178 1276932
9671035 3485372 6059755 1519011 8688866 3452481
8929892 6457036 5008018 2936965 3037627 5360316
7144290 8982062 1096031 1050596 827697 1210212
2388666 5800802 8771000 3134448 9737334 2354184
2067719 4814840 6710727 7521271 5036423 3806611
3308055 7578987 6000189 2295561 2213378 7045133
3916143 5361548 9223196 2298658 2221448 61314
1526859 7324659 8947283 502399 7975339 2106181
824879 3548127 8162045 2899535 2581469 374051
9640129 6784086 729212 7225311 5083995 2435943
9227108 1306456 1493214 9100854 8926798 7886658
9305366 1365202 1111274 2887930 8837000 1925699
8011574 8347835 7596390 6171732 7312820 8237329
1445164 5392146 1923735 1267780 9914208 9309091
9105122 9272674 915103 801874 4260017 767036
6172376 6812922 5482579 5425708 625145 2047427
2588774 9182417 9078499 1058505 387081 6308085
5552402 9323989 1663791 266260 6505132 1949852
1188256 7901063 2495072 8815305 8364200 7617246
7292720 1708723 7791325 3372915 8816874 2756826
4547287 6907639 8242008 1483412 52735 5587151
4932118 4643897 8396441 753697 1075475 6974466
2828314 1438288 6673064 1188408 3125590 5617462
8020423 5037338 2289215 1076255 1259815 6010728
7818482 4350836 1330595 9551383 9013899 5220735
8851754 6179459 7895182 9684193 9952205 3465137
6647688 7160064 521981 8386150 3609268 9500379
6052895 2905000 6537701 1638497 6763823 2474571
4167258 125957 6934962 5085736 8476027 7629201
1739333 4209695 5750520 5412892 6159297 7390554
6672846 346469 5012111 7626201 7763143 4452644
9446465 5899344 5227153 9813515 7551623 8885365
9191539 6736188 9077650 3793751 1528055 5633605
7750280 303823 8643728 4504806 9812916 6443796
8175071 4462436 2922252 6851395 1488478 9608938
5602481 2096460 2276428 4469507 2932418 1945969
5022735 964410 4180927 4901265 2842764 7014557
5889 6507864 2548508 5908916 2327327 8398104
7495608 1204772 3680888 4287266 744207 7377478
4253433 4114426 5914682 1935268 4951200 5425881
777662 1570866 4234015 2491389 2959374 1599905
7325346 2269256 7407287 6762794 9229656 3533625
5028506 5432030 3056628 800917 8658238 859150
4705196 2056661 7261152 7778017 3284641 3046189
862118 3789044 2947012 5171494 2777444 7021612
4531954 1216650 7860088 5383630 7544734 3346803
2256583 668169 8075870 1755853 4796350 4291868
6909942 5483210 9973245 6821346 5478439 4755558
5001442 1619181 1079663 6288449 303322 8717404
7203876 3974388 6824268 4783980 3572308 4938175
1872536 687976 2380132 1758826 2293037 3635014
7278254 2170747 1834262 9772250 2724818 7199671
2023353 8409114 2737989 6815881 4428125 949499
1914931 5252583 6587928 5734403 7191990 7773123
8098633 6133318 6596142 6263666 1426953 1808898
9975740 7430934 4031948 3765525 7030638 8235286
9660166 3142124 2253940 8065262 2218613 9293737
5974229 1346879 4801898 2527523 2961617 2019392
3701119 6063095 8564810 9505567 5440293 9205892
2248062 8125496 4841278 2711079 8044243 9912026
1431964 9762265 522227 1134236 8672053 5392018
5693049 5427686 9462829 4377594 5640389 7148184
3318426 5739223 8572650 5373181 4775183 9290447
5861110 4694728 7168041 1469562 6903441 9979729
91464 1559542 2865580 539764 9007013 1937263
9192257 6384257 9186458 1482798 4014111 4057712
7757253 9556863 1799860 2854289 1077429 3855062
3092621 7861250 5693540 2908578 8650552 3388570
6899545 5575633 4603447 2872938 7109062 5398350
3051642 9426534 7289133 4163895 3191059 7542699
2154623 1717122 5604681 9678688 7154640 1510315
3410231 9186315 7847364 7930030 2439944 5397941
8592112 460983 789490 4310385 6290799 2839945
9172626 52281 9365007 7137432 4864421 8385117
4532978 7059687 288072 3314294 9749715 8591800
9630670 7495584 1601516 8673518 7536296 4829397
943418 5162443 7181597 2544692 4752626 727021
9931177 6927330 2527226 8990457 9091859 1792873
3539822 3540410 908388 8276093 2696736 2147152
2651029 8560646 4132078 9815498 3321926 3061286
9403038 3764700 8043207 7301017 602785 141899
4994982 9506313 8071034 6333169 3908025 75088
9043985 5161324 8895215 7437907 7222043 9277221
3926920 6838350 4540370 7878451 7668666 6337574
1464401 6062568 6715352 2099564 9831638 8400428
8168313 6789128 9518897 2432386 2294333 1873866
4968750 4174809 1569530 754594 1491003 8236837
4227780 8388570 5820192 7224101 8920189 8795783
5983637 5521347 328885 8204454 5754095 9585477
534907 6269790 5109136 5796421 9736749 1007917
8362230 5940567 2779961 9459900 2131204 8263481
9267046 6701924 358432 5302648 8934749 7760073
9660914 7450195 496610 9929653 9203702 2755006
8657129 6141137 8156362 5381042 7995753 7284411
3273404 8333092 4019026 8803934 9942563 7737379
3253975 5045417 4657495 6371325 4600749 4453010
2045984 7106758 9281573 4184054 1577263 3281171
6158378 7881177 5507080 7569266 3609040 6848629
8218598 3583838 3586087 9634957 5415019 76892
8667943 2541129 6331725 4380050 3484096 1132385
7846718 4635035 247291 7080650 2626889 4778740
3912862 9908503 3051496 1235805 9856927 5058711
7619208 4629973 4282813 5397153 1645985 2816361
2991489 560067 8504931 9397540 555671 4539783
3456494 6656625 6117653 7268708 8974046 4036864
7896876 2340298 1728063 2713002 4763484 1486691
2073199 5725596 2643795 2751433 936826 1990862
5116699 1663799 3012649 5388518 8900489 4453160
8184062 5383572 5211332 6360439 5150002 6351554
4123940 2429149 9450716 6025203 8336726 7155371
3819192 5979413 8050461 7659428 1907067 3243701
6640415 2684738 2320331 8356868 8390884 2121702
4529870 6267648 9935026 5712390 1729718 7332141
7618217 6083474 5079189 1777243 4858961 1603975
9987662 9416351 3790232 1042462 5966504 2738710
618431 1497244 6898455 5414529 6621950 8013248
9739041 7477535 4655664 5996487 993360 3386787
5035514 246078 7867569 6057621 3683376 667081
6428063 2349900 7862076 7127911 4550045 8517742
5369457 170147 8066978 6701520 4914442 4697378
6603650 6456809 3901878 7479957 2011228 242268
1609896 1370611 1412566 1106808 2792709 206612
6526391 6023306 8584605 9709890 7661662 8105178
7306138 9395551 5668894 3064252 3171563 7136880
8566834 1206707 9939356 1971858 2207202 3805914
309309 7877964 3465921 3042978 6247861 6620822
1947547 152508 8845140 8334177 9511063 2360967
9179913 1567199 1562867 1730733 7547646 7212253
3006370 1534886 2809818 4683199 7054897 5521136
2038067 6011620 7205889 7261381 2870878 1948401
3468830 6588918 7793267 6924009 5244055 4694579
5897083 9785194 8864147 6297092 409017 307619
1515221 5056392 8915540 1568332 2774993 9881879
5366427 4896416 9153905 9294610 565437 9085710
4132293 4840038 8234917 7810969 8822462 3190930
7764908 6063752 8740505 8622905 6699982 395669
5251885 9943749 4026768 6465511 4147562 7372627
9833186 1118631 6054578 6999410 1083197 7938342
6454735 2720413 6110387 6081228 5040995 5833046
4114214 4624034 8916941 6604840 6128529 5565786
1632263 3535239 5028081 455183 1268840 5976379
7094107 7293185 2284514 5795622 3003652 210960
6548471 4049426 3089999 3130030 3122896 411147
2871914 8636540 1507366 8152201 763787 4315783
5063707 3703752 1425655 7027303 3308561 3289798
9553287 7793626 8415214 7275781 9175766 4912836
7249381 6126451 624619 7000207 8398105 6188607
1438719 857344 6005544 2007876 8997688 5848144
9679342 8697895 2933508 9413202 9567245 4576800
2806865 6108138 4416151 6858903 6106240 5289608
5336428 6001761 1390418 1156265 1292214 7631311
3263876 8394482 2860599 3448046 7415442 4048311
4097211 6464161 9463907 5529044 571656 3780011
3212191 2808827 4037868 4445251 6943023 6915862
4564249 6863228 839895 9827124 1803863 4174567
5856786 5487333 6439317 3014290 5736707 5626342
816764 5568877 8714034 3996130 7792106 2228683
5932259 7372340 8114744 6157967 7594139 9327958
8469864 829628 951036 8319786 6630235 1096244
5624024 6470038 4657318 7886195 6591721 4634845
538270 8782508 8382704 7678364 7896548 3703641
6535655 8301955 4279870 1947468 822640 5487386
4091213 4968811 2501838 8500943 1930722 7221756
7476926 1946871 9299794 7366814 147255 4468225
9785647 7274527 1863239 9477424 3490007 9790307
1703492 6748168 8963180 2562473 3329444 6054299
9495243 8502031 5032183 3668567 2431538 3388722
6467688 3934348 5044858 6455786 8773520 8977861
8191323 6217501 375613 1071516 1966672 3427250
8902636 5283870 3357724 9488690 1846871 2815089
3158736 9844351 1803988 120674 8056298 8158422
1814632 2494927 1739337 9440268 6484717 9231465
9072419 391200 7930419 3852858 1237945 5618719
9761538 73173 9383481 4363405 6667181 3500990
2585954 5166160 1390963 8269563 8629947 9039793
4866416 4437089 2205787 1188603 4597691 1025423
278009 4634419 6192422 9117728 1867156 3676649
5715752 3562690 3285191 6389748 1168324 6615000
5244940 9080427 3809123 7210394 6586371 1938104
4469559 5148597 8097824 4720898 3935498 1826756
9558161 9474780 5723837 8413037 5576995 4096920
6904920 7802444 4636546 1069785 6080911 4214108
510919 3390166 2830819 2771419 9762873 1640736
4108900 9023141 4470451 5740903 8032793 2818993
5163109 5802654 7509891 2920266 7835605 392646
2656597 7256037 6316859 3745872 4488418 9822822
6310873 7928290 6326474 1063287 8262838 4774251
253258 7096374 2972641 40481 2386283 2983564
4313180 2570191 7376517 5586145 1120047 7999455
4426628 7076203 1941193 8466682 2093521 5306324
3761822 9899351 1214686 1201758 3610580 4846321
9018607 2274793 3923246 7350536 8125198 2620449
3320254 137302 1265493 7663915 7402094 1097394
6738558 8983886 8934477 5843988 3525669 7659168
7250519 3163036 5390119 9783325 1006258 1635857
6768045 8911257 3960579 6633816 8159299 7185440
899691 4220769 8409339 8497787 136832 5973261
3390047 4217511 4041589 9461176 6931708 1250119
7074909 3644903 6624897 7712164 8381439 934610
3804 7360983 720338 8751471 2829593 3732142
684222 5076656 5652762 585721 5386771 153336
210068 5381150 2393476 5788311 2250816 9087388
1696163 9858354 8344771 2838590 83251 625275
3370598 3125402 32080 7555464 3407819 5326500
9484841 7974231 661863 7402973 2172426 4915590
95522 3407391 1871953 6590635 1583445 1632639
5540241 7946392 8783880 9368635 2262999 3413960
1352115 7826833 5126174 6864149 1380959 9078372
7577417 1210081 4252654 5606418 5223257 8632106
230565 4567650 549887 1503183 9189746 6879153
8491988 6430315 3876381 6754325 1824814 5938351
