16000
3085489 6026785 6168133 9875525 787452 5240970
5287773 9759808 3889182 9702249 5504966 1197001
8321060 7484914 9414549 3272221 5268760 9429290
8842711 3202690 2453387 5814255 3263973 2138102
337675 6597956 3706522 7027327 6925066 9566566
1616687 5520468 6273807 3405328 7982520 6855636
8311221 2880701 2824276 2458671 9837362 8720276
9100158 1113349 9637368 5518554 6870621 9470682
8159684 8601622 5885761 1685610 208426 2440722
8627538 1094564 2243579 409999 6929114 6449100
2343854 5241237 3596689 582659 9057963 6876734
6531517 554721 8238648 6007820 8539404 2192213
9389264 9619496 7485657 8847406 1124186 9211814
1384908 972166 6825049 537794 5268254 5461417
8546276 7919223 4219088 1469623 1920471 1142225
4459296 8462464 9831875 8678224 2853825 5116176
5941866 2128344 4547755 3976463 1980434 1169552
792274 262426 1863652 3384074 6377568 6883810
1431619 6753987 7428289 9462071 4273597 7052371
7051519 4478371 3307338 9209234 9244123 2968850
5499187 9861598 2828281 8528292 1134152 4065944
2875983 7087154 4686334 2976446 2586521 9982728
1213057 228742 2440918 4764100 539198 4742618
260718 9044588 1258441 1643247 5268387 5500617
5678075 6823392 32795 7481782 3062974 8770345
8862974 224889 9648020 7357579 1884082 9819932
2311031 799458 6975595 2424949 5967398 3813901
5107754 6386143 6809812 8356961 3457010 4760913
5492473 4176542 7188134 9130525 4094735 7686154
8602104 8684647 5137794 8058929 8271809 1474595
8052983 9887223 6068190 3719217 651806 6174283
7109087 2235138 9742361 1169004 6603571 7764440
730438 59117 6430313 1084402 4819794 7447254
8752840 2790050 7912009 942898 9767485 15505
3163147 7616416 4317942 7494282 583529 3709332
5459243 5206486 406278 833588 9178936 5268210
111777 2505943 3449233 3194677 4511369 7128981
6755463 2169406 8459924 8811216 2768630 1351362
5654324 2194600 3215684 7007302 8939981 3638921
7819681 1456617 3483653 8360716 3533289 5161904
943702 8104032 6912943 6701793 7661975 1794770
4909551 2763922 632018 1201947 1752935 5396259
4264884 1916724 8776577 3046175 3513339 5615318
5952378 1664822 3365306 7986134 8547336 9598793
2983622 6520170 8197698 737908 5609236 5715898
3788783 448032 8264391 2742877 1622829 8385016
8088078 9334800 5493789 480256 2270367 9040367
9784554 1596693 2579965 6686113 9710548 6374149
9424943 9853772 4284996 8780230 7843950 4908196
7170158 8419169 4994048 6383022 6057122 8171826
2373173 4014509 9819372 7349473 6674206 8007136
7624183 7808664 4605434 3432820 8901119 9138308
9739176 9484604 1423641 6451194 6933895 6952174
6220359 9572653 351046 312973 7859319 4570150
3461672 5533005 8125401 1710845 3530107 9742939
6201021 3523683 9800705 4792578 6180480 2965645
415349 6089649 4253507 425545 1166449 2847831
5131991 4210777 2276879 4652934 5445506 5004306
5083067 4526310 7602828 7872455 5490916 6322956
5768022 6216559 7452047 6368329 9698954 4384408
5386947 7706600 9384722 7498184 7143922 7023639
2679996 91465 5863686 3639276 8027059 6367563
9538388 5256042 4144891 3392599 742810 7615252
8617632 7261802 646147 9677561 820088 8251181
825738 4384690 7185183 6214371 566803 8396695
344674 9267235 721262 8245402 4440553 2331185
7983136 8960752 8073104 9128476 1912394 2690273
401258 1021014 1824976 7905625 9665570 6800408
2890509 4585056 8505607 355753 9392484 7949803
4224050 5578113 4120152 561548 1517419 7024743
4434946 7961506 9281432 7571129 2131076 4440290
3753668 8432558 7113125 7089246 3137547 3175990
61226 3799418 126343 6625816 1773447 6953345
8362920 4096820 8768492 2328496 6356842 2624503
9128648 2191908 4459470 2605231 1404482 6123898
5275534 3984035 2552682 2806203 2178796 4347399
3858322 3258561 9871629 6257114 538421 24821
6548309 8260544 943783 5701915 9709281 519551
3680261 3903886 5096446 4710129 9529192 7074072
6666720 1930452 2054201 2704250 5467213 9826210
6176092 8075495 4295588 6513380 333099 2084909
903027 4883407 2697872 6688090 2268267 5289196
7034001 583303 4422315 4194954 9241536 5283158
4129511 1993073 9800807 4283334 9817714 3287302
2686113 3517690 1651781 2992584 539970 2931953
3498774 9041127 3983488 4482682 6802188 7320685
1173901 257102 5598060 1419266 349099 2507363
8452185 4537918 6250795 7360590 4122291 7890010
1020378 4001585 5016192 3295822 5406993 6073429
7793243 3145791 6708788 4373500 9488822 8279064
3102272 3762062 1069945 681477 8783440 899370
1759851 2881486 7620212 7723088 2993262 8348983
3688745 1175551 3905164 1892756 2266648 3307440
4698478 9188594 5641340 1397887 1983047 9468595
8891955 1088546 9374591 9019754 5035411 6032986
4004270 263486 8708158 6990317 3727866 7760929
7792128 571465 8451850 267103 8577726 4067336
9538265 4379523 9342564 9160610 1017528 8770370
5563886 5904184 5067915 7960138 9974012 8733352
7103702 2510449 1361990 4670242 3050917 1735218
4181324 7053194 3464590 6993482 6559274 9324175
856857 7173855 2038108 161894 208298 8694533
8971353 2133609 3742561 519373 6526031 2337737
9160782 6271817 1722612 535250 9792870 6703101
5283213 5157402 1986173 9238182 4500023 3288446
1117585 5981546 1873128 8955002 3870647 7060461
951295 6663805 2351704 7099545 8004632 3796501
2393402 617393 2481510 298293 8261454 1744826
7363559 2515594 3388310 2476615 9585080 9988108
4916010 5160228 108135 2558830 3566909 7592379
1004154 1115308 223014 9918679 7818268 950716
9640748 8224593 5239349 3581445 4955131 9912297
5211748 6737682 1178338 9417609 9139408 8793204
191194 488818 98951 6978924 9438822 7593128
4391175 675910 1510160 7877786 9680810 1480205
9367638 8642059 2308347 6499723 7005750 4714062
7709927 3438280 7234322 1207379 1992359 6328839
709397 7317835 747667 2861605 3047626 3001777
8646361 6101949 4379771 973902 5027261 4806013
7247896 9494201 423389 8281971 930622 2405593
7662831 4114538 9642310 9199025 387768 7476888
4135532 3280277 5618948 1742057 8889310 2853326
7442972 8268444 5287009 1518664 3221435 167853
214900 2733084 3370408 6641473 4291951 2207028
5297161 6924312 8951437 1170902 2486240 9486320
4287441 5553052 7467457 7310234 371453 9515442
2651751 3134736 3593655 4046704 7000304 1245283
6752636 238614 3090736 2903 4598670 8456004
5170652 5526644 7210343 1874174 5777721 1314761
8323190 3362977 893792 5323655 1044541 6881726
4103386 2076923 9840801 5752265 50942 8751235
8713691 2034950 5835148 9610026 6893928 3449431
1922704 9294341 7103661 7204201 6870772 5277659
1417481 767529 4980546 5029038 8925814 4475337
3986493 1824390 7077098 1491704 9882681 1950098
5428131 8378347 2476174 4849843 8738751 7571459
511022 7036564 4540637 1989245 7936924 561477
2109863 9794231 7342716 1170891 7707584 4804498
9446432 3688423 2446682 5737255 7933118 137438
4966315 8529254 3354221 9416417 5963802 4810176
8615120 5970824 4015290 8060851 5019332 6479381
520819 5456710 5653497 1569026 2850360 7987050
7644357 8345761 5792000 843048 9726603 5290911
1415484 8987383 6060090 9814471 8365924 5667901
2523636 3490080 3428301 8524367 4416666 2489809
6615641 2676652 8131951 1601831 7656606 8045467
4233893 9595883 768594 1043414 7425110 9591974
7289736 4441162 1872330 7528542 1343509 9470172
8497846 8392403 383891 6924154 9969717 6634691
5584891 6327611 5044398 5655384 1906908 2947376
5992254 5960866 9163801 826618 6434352 4658239
4329521 6961906 648717 8748910 6765448 984855
2790977 106169 5802887 8053437 1462743 2544334
7495407 7211683 3939432 6545674 9913600 454352
8118705 1125930 8507291 9727511 8970924 6548137
338718 518364 8535408 8209863 4233380 3553092
6095691 3187326 1712163 705629 2382495 4995921
7137029 100241 6286956 648617 2756878 4577454
5859461 1480314 7492609 7905870 4032110 1364174
5302917 6713598 1087198 2110255 8631672 1082265
4936184 8806477 406549 1047774 4499217 9749386
301698 316604 4677490 1278864 6892441 444809
8686379 738178 5788996 6895066 1095278 1455627
191239 5092870 310408 9929619 813066 4526601
6261335 2990712 3775010 2365771 7668351 452442
6060503 2437616 4579620 1670721 2641638 8708096
9830094 9283080 6506344 1536230 7670938 1860734
4579136 9818829 9669911 8864000 2142814 2958120
3224925 9854992 625421 4119319 9041376 5734632
78700 5259281 7320465 4107308 1916644 1678171
3431058 7995103 584746 9635433 1855358 9707967
5524552 2049 6963369 1428151 5832867 6174703
5134450 3907123 39089 781021 3961035 3959095
5520765 1383963 2640241 5308253 8064695 7079329
3540772 8130295 619209 8589356 3136678 4424201
7287153 1728218 9155448 2053806 8467783 1116549
7523052 6877177 8116101 2221717 7111035 3600504
6420225 7595458 8655834 3537978 2882745 4765535
680718 9239583 6330256 1921358 570989 5407007
9596926 7805999 6055663 4787132 2727295 7621612
3298460 6772991 6700765 8184270 665457 8684988
7427108 5079382 2028075 6324202 5200865 6094936
9276358 2156313 7747891 1190353 4863825 9685110
9059639 2108743 259146 1620886 6741291 6578942
5565072 3414152 6937502 8202931 3156148 9568291
7526015 7265574 2349682 9742607 5260029 3027349
9112058 1379618 8003008 6232696 58888 6484685
6424448 461295 3075333 6858612 9280423 7231644
2213552 2157550 6449238 8960748 8340710 6708730
9940261 5366612 1102558 7161897 1996112 7825257
3361158 942863 5587825 7050648 9223104 7130828
395649 9419287 6098212 8091355 9463603 56817
8392460 8337222 4554072 8841667 7064354 8086283
1185727 5627862 302467 3860045 7068779 9551513
1092491 4748474 194561 2307107 356825 2023423
4180374 7979275 6294905 4287990 1281856 4333927
4701103 2519312 3832027 427444 9676903 5159274
3164379 5563857 2775468 591751 3335645 9887153
4605286 9472263 8277076 6994991 9095704 8659396
980831 4129619 961928 6860424 203884 661134
8269998 349589 2141961 9580801 4657077 8545200
2866722 4471391 4329645 2055706 8487293 2117378
7868258 6902403 1265949 3773093 3917251 6320700
6758329 5916547 605537 5330639 8237297 6409879
4777968 3197847 2655632 6860732 597998 511577
7913062 916218 7086649 1256625 4862395 8889651
1666085 2582366 9919300 8503622 4548438 6440625
7543602 9725050 9583186 5547411 6451125 6479379
148310 9567894 5745094 5667260 3233273 6637562
5727103 8453091 8006644 2392167 1306030 9049109
8054488 5345310 736220 2520620 4427564 6762940
596138 6600044 8062961 1976380 1422937 628866
7806268 648106 3475252 4617760 1491862 8892949
7048022 6907671 5566627 2349654 7084819 1600282
3248154 6412309 4154070 2326608 7890050 4332330
6865735 7631082 8178530 4007537 2221818 5781515
5336495 3258643 4382653 7930340 5573897 9939057
9045876 6425618 452857 8581304 9475711 8428568
5275114 4672636 243708 5007062 3512922 4975135
3218868 5304864 5875464 8638086 9000637 6550935
6185256 2139904 8 6574935 2026513 7941161
2862088 7074580 9756107 4607842 7413523 8481230
4452613 4743722 4077106 7889347 9898860 1793336
4000880 8336303 8051448 4444501 3945253 78817
2202077 2448511 4736999 5345583 6186762 4143774
2502632 952633 1096878 8431395 775750 329449
3872696 4899172 8584667 1208920 9297320 5230553
545603 3673183 698064 4886964 3088285 8896425
2442855 5250233 5924772 2435246 2604202 688636
5402749 6479109 9122210 4285006 3728438 999933
8337480 6506894 2839881 3579771 3897752 9709240
5398133 1748304 9173354 6795484 3233280 1114371
9423289 3355396 938873 7986285 6222629 902605
3192707 1722029 7029030 8435371 6167825 6942044
8294232 6790920 2843640 295991 5160892 8615435
8225930 6034864 9533358 2229411 2265005 349133
9967039 984967 3598430 2977828 4278693 2336534
2945545 7955418 9507108 2906168 3674672 6795913
1700287 4418485 1717114 465229 5741241 1498386
7170329 4290305 2137253 8129655 5093119 8690086
7425955 9048628 9815922 2728730 9619314 6016816
2581653 9271948 6638318 8112990 5844843 3459690
7018100 65680 3646789 8966284 9922006 9471003
3682932 3967382 7150260 6949065 9885424 9892026
680215 2318625 2440101 97677 1439166 6433378
3178142 5584275 1849311 9845675 6870357 4330603
243923 8602803 3589965 7650517 4087224 8990320
85169 368630 4578235 8117681 8765245 5879199
9886856 4954472 1936620 4619990 3610350 8143081
3856628 5626039 7760463 3874174 5417255 8383617
475134 3291678 9375828 7354179 7673661 8266942
6371307 591980 1794443 1974823 5492522 481261
6847329 2077385 1256770 3391027 8462669 5306888
2566575 5265164 674946 1502472 2556139 9091362
8629694 4664761 9023129 463912 7703576 3811712
4609940 4863607 6113157 3458103 9544799 9243015
4283118 3387333 7706761 9312667 4654740 9290670
5034816 6313247 3839755 8690307 7825024 3215393
2306470 5028358 8068553 5406546 686263 4582750
9846523 1970675 4215659 6449991 4791184 9955926
3881849 5613493 5866509 6085366 1734901 5167063
3935122 9117532 1967095 88796 5560151 3039261
438137 4883458 8119478 3137187 3684087 4301024
4206408 8948786 7719256 5924599 8983825 6878643
2823579 7083404 5376801 7004478 2741510 3163664
1867832 2749694 2770232 4742707 8620935 6234333
5462503 1353120 8104876 2431720 2881514 1376664
6938948 459626 2760884 1298436 207883 950958
7454773 8679371 1041772 2476640 3734370 5470356
577676 280964 8066711 1224653 9946045 2997624
3693123 8986068 2275926 6151544 339941 3566379
5633881 6450776 953401 270515 2166356 4124128
5824217 1747984 4252685 8970489 7561674 2789688
3940039 7152564 7286109 1868839 7286928 964963
6247050 5870854 3193684 6740970 7878429 2856033
9353538 5088737 9734949 4322158 3581537 4258933
2975453 2863467 3214143 3733631 7493014 6604363
3397893 4073469 5976207 1547966 4649569 9317819
5074978 270585 2829811 7592337 2171527 2709719
7384252 7215348 4756544 375954 1217001 1087918
1283558 9560858 7228657 3725934 9794145 8445426
8408734 9148674 4280653 5673958 523364 5129599
4931182 3883924 605712 860262 3813618 8126923
1197877 755252 681784 5437654 7732610 1976464
6062560 5474524 8547098 6265911 5332042 6363595
1893633 7631566 8932232 1980591 4834181 6861441
8243226 8101941 7694999 437359 4833323 7461069
463786 4302380 5905910 8998905 565949 2899720
1435094 1606424 2508268 9314472 7739343 7591645
7390658 7879491 6568272 369591 7812906 3378847
367889 6373423 738231 2712211 9120928 7104952
6297575 1939913 8766386 9902418 8101992 3295107
2413527 6118714 7260956 670448 9672480 2176723
1104805 7676946 3926289 3322769 242567 7991250
4374327 573545 6895267 3468666 4960459 5219320
7153968 9112172 6901551 3951003 8669635 5483992
7771365 1638211 3912502 4555711 1532453 7777210
9992878 7074698 265820 9560802 5298722 2238172
5012844 4251366 2474823 6258544 5790133 6695441
4815327 7133587 6054538 8720890 7885584 3908357
6155290 7861312 9371076 1122808 1037744 1431315
5205608 9985117 2470264 1794567 2109248 5075651
8885711 3551303 6461286 6842127 6556846 5865532
5689362 7483509 5876516 4370465 4353611 5523719
1059210 1779591 7156226 6989214 2853558 4137942
4744289 8836637 5019539 8818760 4563660 1579558
6528718 5808179 5062995 3772431 5694300 2298428
3485058 9935259 1106064 2966738 4252166 6948172
1850819 5268185 8977237 6896852 2021779 4644077
267824 5887994 1189346 8644201 9156526 4001373
8437494 5316595 2549085 3149441 9212091 83349
2409031 651160 674504 6837178 1867892 7531741
2954772 603331 5288261 9125437 2672732 9254637
7062303 227568 2476676 833016 8017183 6087242
5024500 7163180 8648713 8397930 1045744 496797
3689005 6134662 7235808 5837588 274214 4618500
6086488 5761428 1862885 2626384 1492031 8195726
3729152 8676577 758281 1376816 3685828 4161116
7346936 7860590 1729003 3134228 941525 9008288
9867059 1582265 1002651 2381568 708267 7525270
9258968 3806640 6632769 3259136 2547735 8296979
5868493 1962787 7603830 1498869 2042772 6207999
2049652 5836379 7863043 5877810 331800 7352205
4107238 152355 7475576 2168902 648414 7650527
8478388 3500365 7510040 3944627 78546 1804175
4980251 8800716 8453881 6055652 1355089 8788361
996522 7758624 4722939 2881996 5303208 8915818
2283259 7489237 505171 6958831 7172696 2858775
8748329 8999187 2134934 5262243 644572 6070571
1401222 3824984 3709917 4504004 7393646 2193864
3511709 1683523 9582329 284689 141417 4576972
9547346 9310809 879287 8404270 3295823 9120390
8615608 9241273 6952589 969906 3740681 2056623
7327329 5593263 3275127 4584037 6996979 2988441
4166328 5756235 2022594 3692973 3731451 4485112
2890031 213448 6729814 5829161 5753681 5282177
1826697 6986198 521253 7720147 1521003 2726137
9711990 4575463 8927679 5146901 3389784 9306989
6017816 9974148 5902874 5316951 8756574 3017594
2097530 9427516 5765648 8099706 3968504 7656773
8259148 1712133 7071912 423812 4964728 4907379
2699350 767433 9298536 7176054 6467790 8268932
7638715 7963630 5755045 2382158 6969217 8488858
2216638 1172759 4513159 5456819 5930317 2849633
7332800 907706 8468035 2582331 1977446 6253616
2564141 1813084 4097384 9910106 2468682 6133403
3457556 1458980 5668041 1506543 7645328 8709779
1842439 2317378 7561352 8150603 621392 5832396
3274812 4713625 4900310 9950088 904268 4798104
5122222 100122 9940937 8567949 2830383 9990359
8446349 4472816 3577525 6709047 3986147 105702
4021007 9785447 5247287 5588286 2331986 6022531
6051339 8465407 6368671 6455680 5279325 9455789
5299691 648583 3671523 4868936 9419690 5454758
4429309 2127467 9082717 5415412 2533026 3450039
3693158 9617383 6074450 6279296 2496964 33263
6252383 1003571 2107042 3226897 8359931 6053872
5006426 6091958 6237758 8945869 3150680 247455
4449772 5725678 1683514 2112728 9902007 2415150
6847767 6348330 7125915 2123388 9250564 734459
558877 324352 8835376 4676633 9055850 8079676
3460745 5297858 4867239 9092952 9806861 6914371
7726261 1546281 4623466 6780513 8681979 1189055
1677276 2314755 3492896 8283282 406097 6514417
9732217 3835269 3254672 1522739 9334744 956523
335453 2000185 3604424 1365482 6040527 6719742
2275533 1211836 5833786 3898179 6641175 857277
8237873 9231449 6685476 2290913 4242463 3096713
1026445 5329650 885285 7181960 6230414 8785358
9792639 7754212 9783190 6011846 1079565 7678842
9326129 3673127 289370 8553073 7014557 3653809
1373770 5852309 2671579 2061260 9143284 1953535
2901880 2456852 4142320 3007472 4433964 6040113
6110100 2241492 8228660 1528558 8312022 2500731
6992586 8977290 6165727 8600796 7564846 6981863
8735826 6505244 2137760 1074883 201668 9772992
4539730 7697797 6382858 4800813 8548067 7662387
4004878 4850036 1320219 4262865 496946 7540832
42599 534629 635029 1750129 13841 150011
3614592 6534378 5703247 4569996 553567 5292304
9908312 6100648 3824932 2330634 1541454 5935332
8548213 4960546 2485394 5633194 6243615 8976632
3071353 6893484 5010213 4867856 2605759 2234748
4703120 4175287 680556 2640076 9976284 5313675
2639629 2669859 479427 2109727 4965094 4406391
4024528 6499384 3719935 9292814 7890168 86964
6301971 7581630 4258366 1740039 7438930 1086994
7456239 5755973 9575929 3448235 7278694 8594862
9499315 2556811 3578871 6029141 8789748 4817221
3825734 5332712 4445537 8746964 3881579 2877031
1824593 5084239 5518782 6219149 5187878 4316245
6356668 3887494 6926785 1931538 6915400 7600907
8315340 5976824 2041657 8586049 3081664 6932828
2467705 3613000 5672721 634696 7937971 1699695
8409752 942413 6455462 7636145 4595001 8176972
1966341 6090884 5454732 642789 6171505 6648244
6776214 6193446 8414788 1884085 5225587 9893182
146345 6071224 107770 5359507 748211 4621077
1414783 7157463 433726 4162095 662417 2521658
4789038 5635199 3236821 5778434 3518629 3734365
8359034 9356770 1221565 5857572 956592 9706567
7789304 8468346 8211791 1057129 9418404 1636082
8646143 5991297 9173724 3258554 3838303 3785143
6606020 5540079 9547233 6545638 2719984 1946584
4901434 1971419 9165639 7484166 8939584 7024713
4808904 3700524 4351987 7684819 6405646 2303729
5301666 7369567 7266737 5907315 8991874 2382169
9187594 5164772 1185044 6509036 5748317 8549061
2649176 2410403 8072230 9787532 4153665 6746779
4651350 6054569 5593381 5221237 8810679 6908570
5114313 7561709 239710 3584923 2465376 1472899
9893782 4875875 9921822 9346143 6681753 109301
354782 3488083 7705905 4187180 2028135 4599646
9051087 2889240 6218560 1673497 9991437 4039827
7363003 4970251 1206286 5561351 394501 3727348
4866548 3558365 9171111 4414628 8084917 5503391
5138533 6063323 5810446 1094920 9918638 4080361
9617800 1188743 7670715 3071626 5019928 2442864
9974323 5239639 2780936 3002686 476885 7366899
2846208 3526328 8932665 7047631 941296 9382574
4819434 8126974 5985832 8327729 4879870 9726466
3695220 4375961 8115683 6303313 6712506 3549057
7460175 3499221 2196528 5854524 9160996 6753657
5916943 2418333 8444428 1924643 1025179 6239861
2081931 548034 1509922 9874170 1843098 7500116
3362555 5751342 7169724 1779948 977984 7884978
6079219 6242439 1390910 2330631 700162 9133792
1761876 8654238 8774632 7985907 4626094 6424772
8579144 1039534 2525285 4783320 2934306 7072158
6275918 2099912 7094202 4277090 492075 6991793
941536 3042976 7431789 3667970 4972819 9837583
3747660 6215772 3061463 649924 6010410 8057044
8239145 8375201 1716458 195673 3204064 7450028
6619994 6573207 5656695 4765684 8798455 5946512
9606687 3181019 3370840 7081723 5373756 239792
2709868 9151591 2392665 1684410 1677515 3586598
3620327 6904410 8410110 2804588 7647612 6623054
5896619 6053206 4342744 1212297 1861542 7254712
5767312 6980263 7456928 9974943 8962131 5416359
3356395 8793616 3455365 6342905 1885864 4762828
2282225 9963308 2813072 6289486 6224809 2746295
5877048 7597934 6684577 3814473 4245115 6425302
1468017 8962930 9808907 8417333 5009425 9053847
3505886 3746185 8354680 2985759 8933240 7641285
2564560 4093203 9918534 4073143 7375864 1315763
8773756 9591836 6260562 3717481 1597853 7334560
2376580 8104159 2820596 2251611 6326251 3561101
37114 3767098 1154396 8934755 1383783 5276116
4746377 6269462 1210506 5223560 7097042 3619451
8954396 9696595 6135581 9947663 452947 2236130
2806276 3823894 5833618 6555416 7679049 8261591
6165408 2268067 4746084 222743 3490683 3125768
9901734 9051840 9016259 5324492 5096225 3135503
4758057 3507163 3801616 4897398 2053500 3270611
990670 1853863 3114899 3894450 6848426 2696356
9553182 5676253 1824717 1080591 2307250 5952849
615277 6853651 2319250 7321018 2263895 6715469
8766098 461142 2674159 9621261 5798484 3693726
9273489 3631151 4307072 62030 1246195 5240618
2322297 2167603 8515898 2429742 7748927 9725523
8414961 909465 6292830 4532771 4815611 4417160
7734512 4254633 6742415 6954937 7848277 6080735
5596492 4291281 5925213 4367042 2584349 8670584
4527101 3911893 9259216 791065 4626967 4145447
9999535 5124225 8914705 6590475 7333513 3877241
4297729 7914371 9972855 5866137 9400873 273508
5445443 9228191 916151 2005827 9324932 9863252
9987572 240995 2667332 5011705 4371946 1004472
1023906 8054478 874074 7678336 6065272 497368
9650622 6180050 1831810 3959937 1383108 3649096
563630 6296989 3770482 4261516 1947766 1365341
6166899 8730926 2468480 8758237 459413 1037651
646131 4055382 498289 2420246 2081128 3034607
9623500 5352289 5745998 7629201 422125 7438419
7864757 1307748 3814178 1987379 3268342 5828199
9571159 941996 5274949 3724529 3649058 6606235
8291428 1676642 8600410 4897684 7140445 2198457
4691363 8946014 4400956 2491494 1997533 5457418
253110 1640809 8281581 507669 4335012 9588178
8081765 3953136 3334787 9968534 5123457 7552632
5499318 9089112 6855301 2799184 4987701 8862245
8186288 2681841 9521326 8151292 2732666 8096242
9686751 6603353 2884666 9070752 3552698 3228597
1337771 322939 5317354 3139062 2360259 1323402
1964622 8499187 3768097 4847539 8435861 213347
9954373 7159036 1310427 4726750 4174554 8839877
5121642 6141060 3383399 6729788 6292042 9338056
3936861 4118847 6661580 972324 4150411 9825350
3222427 9084117 5544135 8310287 2115911 3394991
975093 1127422 8906232 3022102 4600477 4685184
863096 9808722 9388697 1664172 8078049 7861775
5599723 2987042 4292318 4250600 6159289 3709567
1256791 1531998 3794213 5336754 5067933 2051494
8300434 5604174 7446261 8660919 1620757 9410254
7420 3487993 7802333 5165295 8623235 7938627
1957260 8049031 259145 5612257 5873047 3343961
7373594 8088403 5195414 5540229 5975254 7152834
8876085 3404591 5772544 2680674 5468093 7797465
7294403 6819171 6983160 5551396 2074597 4173341
1927429 6443987 3998987 2880775 1034223 6081529
4061888 3729573 4467171 2029541 2193458 1673589
3182586 1885524 9705259 8132931 1127351 8459822
8103022 4030733 550273 5523620 7536088 4939659
2450760 5636062 7778401 4309095 3342909 7810487
5823904 2927935 3644394 5435440 1924596 9084742
9487043 5737494 9492976 8156730 7927932 5614028
6876161 8481018 947090 5086277 7524469 5495576
72003 8681137 5271313 6180442 9838538 2946571
1128164 769717 9618901 7398069 6517785 6989977
2373138 7360089 3377706 759027 5614149 7325748
4076340 5897315 4993363 2010928 8684924 9285336
6187089 486781 9888549 6339643 8436994 7549501
898575 1724798 2006837 7057784 9416055 3433483
4671986 7863362 9017148 2999364 6673885 1832969
9932228 8564792 2153040 3591474 6209539 9250864
1572826 3467669 8019568 4309680 8477631 957443
3236328 3286274 5395303 5998467 7776908 9212071
1003782 5089080 1600725 7311622 7441077 4506287
4926561 3447340 5116114 7007086 2869812 9843966
8566648 5246411 9895268 330932 7487828 2573779
6052075 5277657 7733233 5092339 3540703 8110954
2414189 3643890 1082728 601216 5832944 3457582
1122069 5174669 4663663 3920286 8329865 5170512
7800295 2096959 2794295 2300611 5339540 4924064
1562826 566709 1784362 8445047 4230839 9029824
900296 1225570 182318 327115 9852236 743780
166082 3833313 5398623 2395802 1552217 2843115
2918493 6979681 9873239 9699944 6749836 336974
5775039 4901079 9859182 2742984 886342 589562
2684880 105054 3421262 2837333 4589403 1500390
502654 3482039 5483951 3324975 6483029 5108204
5485099 6688407 5126418 9073385 1580894 1323008
6356920 9540394 6171036 4822081 8209254 3704218
2537756 546955 571369 1320216 5013592 1864112
8443942 2884824 6219454 6271376 5097001 863095
4169257 6783969 7164250 6897418 8478278 5838728
7708400 8938893 6987267 1317697 598508 7375773
2798094 4775304 7065015 4398705 1850235 2179074
242006 2956636 8853642 9980417 3377002 5738272
3761061 5510973 149343 640564 8098406 1333783
8332873 509384 4542903 4160841 9856713 2763570
5853305 8348386 6807916 6128945 823513 1173227
4108597 7337400 7830614 2923573 4037240 3138050
951515 8515062 2919078 8997548 7558456 9995718
519102 8415158 7458171 8008106 3135160 8670211
7943237 218160 1680267 3631833 2319272 1236939
1760446 6042818 6453250 8127349 6764532 3586552
4645938 6293190 2084957 3118124 8553533 3106908
4404253 3424490 917121 2748868 1004412 8356804
7679319 6618372 7911252 7311026 2136386 2928667
7298063 3175917 4045189 9474867 1926117 9207180
2799108 6266128 7873879 329223 3301222 4901363
310686 956728 6344439 9715833 7096906 1296557
5073988 203802 2990583 5701358 6858273 1421413
6392513 7306804 2227754 6190323 9023888 7973578
4969936 8379491 1647476 2969581 3162870 6223205
7030855 9278162 9346860 4398405 3669753 1777476
9332288 8556802 1804209 6983641 5969786 4445579
8961758 7705846 6932922 2334916 9139181 1809045
3622770 2040016 4971719 579270 7967960 3220005
321397 5164106 133617 2816223 7752224 6613387
5168151 4913409 6400109 7291753 8165427 2999932
401599 9914287 7613808 2910143 4876823 120061
318591 4706089 2399163 589323 4616454 2985097
6916434 6930914 433517 2262624 5295897 5727833
233573 4513484 8749766 2652601 2621781 2015461
5565977 9504315 7153366 9504940 9443350 3841070
2927814 4710281 3514022 4663156 1892762 3880679
3035979 1681154 267885 8234419 1751963 5295408
8082176 2539534 376151 4968594 4620316 9106395
7161648 7716769 1687275 6638222 4577280 3161594
4548009 1540845 4745849 8797100 4920298 5137477
7599160 8435675 9142106 8277494 678347 1618621
5230541 3811894 8565473 3106565 2588010 9035571
7341843 9060260 3976556 123606 2039954 3438622
4524360 2878261 3942395 3975173 676635 3425601
2020112 9861298 9096853 2042574 7007831 6633068
1605795 272032 8039828 2335578 1884096 8534872
4308478 2150083 4728876 1304672 2109554 8884043
8038441 4006005 4976235 1266586 8002246 6671415
9542551 6872337 6539739 981769 7255470 1256654
1298949 7163914 1323602 8162836 3549463 7550554
7901178 4172424 3994913 9817336 6415047 121923
1153784 1822176 9553863 9362535 1022752 1028299
905184 2706121 3757177 3834628 2329466 7170890
9825959 9672749 3225732 8422459 3008911 1403242
9960405 2429629 3690929 3735083 7910596 3555108
6328361 4462094 5303358 5592874 4896403 3044392
3895793 7769900 4873088 5491725 6384533 8729696
1883552 7825568 3289832 8154303 8057897 2531917
3432343 9920622 4295408 9399404 7674025 2369545
4578037 4850988 5747706 2387047 9054626 1354064
633298 2213157 5948309 3972325 6737121 9519004
2933261 9045751 6095367 6557931 8528303 6694522
9180618 3485436 1013451 3613152 4919219 5490308
8363691 8116390 4805776 5698234 1036266 3724637
1533813 3032066 3978822 2032298 9498330 3676441
6196415 1451573 3593200 8368693 9557000 5147437
5776857 875905 4042494 7759458 9398431 5752581
5632442 363120 7402799 3527580 5983094 2113666
8709 5355282 1971192 8958321 8992890 4154131
7233432 3980791 9102985 8338165 9997837 4215639
6964370 2016645 6868472 6127342 2395664 2208190
3049546 1392117 312967 1303570 5563775 2631651
1185444 1297539 5919332 3439269 4719423 8279593
6625704 4247527 8942726 7559621 5436968 5305333
3319001 6246460 674013 3621790 8567085 5591893
7708071 4135516 3324442 5734675 3728768 2719846
5613277 2378624 7172970 3458783 3673654 1549460
7502583 178589 1650947 2269471 5164402 1415789
215388 6429442 3472673 1129739 7414738 4404040
5927461 2842497 5701223 6875052 6530925 1618630
1048800 9293508 4171633 2672802 7572619 5806862
2191192 2985492 3009872 4869362 2611490 5623036
4861038 254307 3260905 4887898 1872499 937680
9794035 11035 2699589 5496325 2012970 9421961
4907686 6165271 1196745 5457619 6192093 6618263
909037 2265264 8162619 757307 6272835 6397441
9149205 7629403 7208951 3959235 6740011 1274577
7486394 6806479 8512486 9791051 4237156 4143226
9705748 9680489 3201050 6373803 3979307 4128707
7577135 56028 7907052 5717016 7139957 7695927
9461258 5833883 7354222 9588880 994181 7857387
9735229 4657493 5165849 1616080 1387952 9576385
9520991 8523333 2479146 6273340 165915 2682806
1581781 4437930 1192002 4102815 2419406 9493599
2007043 6585159 7774822 5060201 2168960 6912200
9656224 1793559 8583563 7800042 9391045 9860443
9518103 5206200 424520 6540203 4027903 682658
991302 2829370 3606811 7669286 2897525 284808
3649728 1079233 4079218 9840816 6188285 8214821
2148002 7527023 4306811 8084375 263441 6797243
9850611 2265342 4008743 5361540 1392269 2738897
356672 5109048 928423 1247261 2009006 8206919
337140 6896375 1595374 3442370 7541411 7457300
8583593 5718015 3633623 7062745 3113602 8086202
5062859 5135262 9112868 8665378 6818094 3198503
2523503 3484731 9053739 1974234 3808235 800139
154659 2284305 3555952 4823087 3607561 4593825
294908 7289358 2284969 9313670 9923484 7272038
3395902 6191471 1910991 6518331 1002958 7964187
8191033 4036683 7504469 3934250 6929851 1673118
8063054 2376278 3471582 4884801 5262000 6499872
6103439 7934243 4865917 5221201 6154056 9044031
7102707 7618767 5024239 7284091 3931229 364043
7234327 4032382 1782592 9118651 819655 2550509
7247371 3263428 9974969 4936103 8017376 4729657
2373166 1879017 4993868 5866476 3242968 815603
3164139 4006444 7758019 7987948 7405588 3992551
4015464 8052537 9182522 7422731 4245006 2124500
1922494 5607680 9355085 3376765 7471519 931528
7699882 4693905 3114934 6047603 6293499 3788699
2809821 8157420 920984 4598053 8909329 8907744
2340414 7727029 4224642 2397350 9749496 8285647
3948709 3118754 5593498 744813 2527876 1305806
8805741 3979089 8139386 1744713 8969484 1834062
5225126 5239551 7121155 4782931 2642554 8487811
6160490 6612135 290229 9039911 7233033 1327013
2407729 9900799 6832857 9227551 8249692 742633
5467150 9847806 4360786 8747977 7261813 8756263
6550613 8273640 453146 4055773 2176491 4073158
8756535 1068302 5066968 1451913 3978211 3410830
3245520 7557116 2257696 5290704 6545155 5806514
4333768 136265 2220821 2222741 8533292 4129031
9162409 2821108 9034511 5635448 8655662 9792227
5759660 8672958 7707467 133290 6073617 7821153
8032401 3526006 2224246 9099542 733479 7737015
4562743 1771171 9549501 8758326 2843008 5009321
5591920 6859408 9917791 9537068 2661490 2817077
9263341 3210232 8557100 6107811 9015709 6355435
7184740 9995033 9504544 8069120 4525151 1809229
3259652 7290337 5579763 5225917 9249543 5757758
596075 3535822 2472119 7041116 6293881 938690
7732039 6914389 6523158 9263543 8248269 4181191
3104413 3710376 2537371 2378629 2094327 4818305
2442325 3186973 4165879 9253758 1437647 4615933
7352558 3660976 6030174 5885645 487682 8896947
1260139 2818369 5101620 5511536 6015337 7760539
8198393 8852025 9208011 7371179 5208563 6219874
8495163 5590044 3223107 9007313 7463602 9226539
3401016 4049224 8745400 1870640 7520900 3537672
6680042 7501245 4581800 2950771 3506331 7523412
8732538 9406162 2682621 1679245 1273025 7700258
6930473 5294952 1505223 9338620 9176730 1675508
9496301 3195567 5287834 4225606 5977562 7293833
9799622 7168913 7796322 2886839 792986 8888816
9592776 3036064 767975 1011457 6639354 9743753
2078356 8195933 5457057 2016232 9502989 7580774
5334528 7449296 2001364 746906 5302969 9451960
5248976 7136263 8405733 4575582 9043853 4657453
7278405 8067012 115702 3793602 3565044 1504827
4907214 8870991 7150084 8982640 8787682 1239596
213165 9623139 2769532 2954344 547679 1460955
9943742 3677141 7862519 8880505 6167603 6315060
3402206 7838434 5184498 5003205 5177250 9227804
2822454 9877181 919959 2115270 8923984 4695330
9368212 8037074 8429310 3882930 3949046 7086040
790195 8125590 6123056 1916780 8282055 3502618
4500459 9302293 6126468 3556747 4290192 6680986
4325062 9358761 1572805 9888550 4314747 3831798
4129397 3025684 7776662 8930016 7861238 591522
2699463 5359102 4640027 4817329 7090833 1129392
1062009 8093185 4587122 6788697 8528532 6901850
4882172 8174886 4345441 6737789 3055552 6094792
4951377 4477664 9740287 542846 9292397 5846531
4565831 7290527 2761106 6161910 436612 9496259
6155463 4906258 3682256 2983565 4419557 4359979
5428019 592039 5771937 9138127 808090 4677140
9975191 2367384 310406 7625194 567113 8979251
7763130 2967402 6499491 6420047 9519223 5093067
5856561 6679946 1001971 9103894 1303641 3963654
3714163 9030966 3005317 8283676 7670614 6471619
5253952 5042884 9656089 7265756 6089765 1874589
4493611 4536873 3892306 1509913 5486185 6545430
1586143 283300 3459488 6360475 5197155 3525367
5578415 1605872 4966582 1216962 3232914 3441027
1916296 6691601 1297681 2701203 6340509 9405112
7481641 4034292 9126557 6300734 7624465 1366763
7808044 5900077 954742 5632200 5528508 8822315
3145389 8023627 3577331 6954378 9675192 1692078
6863873 7546624 3236783 8846717 9255280 3351074
6845459 7512575 4731651 7427996 4979293 3830015
4107516 9697093 2792307 5330645 5209930 9966409
8932408 7347855 8913155 2596887 4292742 5877124
6317067 3021441 3813660 1577966 9651724 8428472
2824418 7920970 6489291 9192713 5450603 1367723
6628423 876489 4554267 6038437 2786930 5660479
8670601 7569456 230486 9501124 6454379 4978181
4670044 6511287 2075175 2870443 3266423 4365728
1414696 3160816 4046344 5519241 4762962 5681375
3198414 3819169 5045806 3742674 448020 2080112
5017550 480289 326666 2402395 9593672 3301660
5070076 8251414 7177148 8390382 9046494 1055658
2253946 348567 3161726 1410048 5089154 5238913
2939649 8663674 8633065 2765335 5823114 9358486
2266862 2738539 7929084 7012602 9874482 6318319
4823585 4402589 9339981 8502386 2230801 2531244
8875420 3283389 4252899 6303314 5661941 8135092
6923874 6708166 5183653 653304 9666825 6951306
616643 2354750 2251579 4196492 3540318 9661750
1636441 896517 8869932 7280568 2205124 1250252
6890510 5973410 1589734 978589 4575302 6414845
8901458 3516670 338528 2399944 2705862 4621199
4077194 5080285 2647167 3272511 7110475 7439534
8481158 20132 7301902 3221289 7949327 4794472
6827394 7911866 6701559 9458478 6503645 6648504
9092316 8762054 5696778 674394 8988895 279409
1210169 5381979 3624223 9506736 7515669 1146157
1003385 7195939 7287980 5473393 1558407 3647055
8281188 8091302 7616786 1950424 2632459 1573116
8811267 9616650 7508664 2478734 3385432 705944
6199608 1691898 833498 3984274 8977423 1126042
6510560 5201180 1404759 4502820 6760854 6406446
9432664 5990391 5824646 5324036 4737537 513367
5593218 5139616 4754228 3161863 2065222 6447277
5973575 9785408 5398413 9698804 1933647 5153009
6658954 5654731 3493655 3020042 1398023 973408
9211877 7621090 5151411 8136023 4141422 5198770
3765574 7349339 2914757 5452691 3838132 8643597
6324168 2072271 9685809 5052639 9426290 4712789
2287106 5513680 4015637 7669194 7585151 8983178
5560790 6975379 2719078 1894001 1521982 2622334
3599035 9025117 1505289 70499 4494257 1790753
6654573 5197020 9808541 7102508 8644931 3556445
2831808 3848431 6094133 4468099 9241555 4516570
5759133 9306000 4384488 9714749 1481481 8933885
102552 9986807 3666247 7808451 3766278 5436967
9491880 8606002 506852 6610635 8200301 7686932
7882371 333922 9529803 9340872 6624877 1682585
2531818 7413467 3283955 6429207 9485493 5692007
6068651 9477381 5922283 6131145 5005968 9470796
275118 2564398 1992281 99431 3497321 3801173
1230583 4372849 1037520 6687733 8365155 1638184
8976365 8251209 4808468 4376463 6496472 5940821
4676719 3993708 1290118 48869 5951119 5055175
8144696 5904523 6304750 1002459 8689067 5080265
4422392 3148158 5096495 26141 8371903 42187
692446 8945012 4817157 5781255 7459238 4256034
8218072 1752883 3242230 1895105 3603410 3984218
2509007 4188384 7062894 3341998 3357605 3668547
3160383 3213392 1480805 7455262 7443829 7235563
9827319 5973007 4200472 4950952 9678684 8414966
2237190 8385655 1362259 1313789 6484343 6173162
5298979 199845 3181084 5487497 3359463 9904165
476539 9533965 9888088 3544022 1165347 6690578
6843952 9674900 3747378 616702 554282 6381811
459508 830141 7321864 3359714 8171113 7764785
8253582 37111 3671311 9052729 5816883 3645356
2685646 6539728 1872191 4218102 5400897 5135201
703478 3030008 8270592 149958 2235174 6259490
443910 262893 3747633 8220519 5573121 9252723
5838377 4697287 9025043 1137094 3384055 2987158
4400911 5049417 3872911 6184320 9788043 1335941
4414883 732543 4297813 8712546 8282409 6831289
7372300 2730126 662934 9875543 3551965 1378677
6081433 8304710 8724864 8707035 6887487 3267561
8522335 7603397 2231028 5365006 7989317 1389658
8139379 2787400 6451883 9946813 4197558 9199486
5411102 1680123 4521780 630155 4435473 8359121
8684884 5238460 9128626 1141520 7794978 8763441
1207807 9470010 4254888 8972503 5146275 3972398
4319746 3246147 1339625 346533 5525892 9970467
73461 9073671 2248551 4743003 2738792 6537794
7356286 6464399 7449120 4921094 646830 3723744
8676092 2836966 9979430 3174500 3807231 5728891
1884279 5513842 8521800 8466716 3019670 2387391
5117131 3013010 8286659 7068039 2840279 4335347
809635 3772589 7705886 9725827 6622658 9443016
1925704 6033180 5300958 8835440 905964 9557717
2420543 4986409 5279412 3493759 7451702 129890
4334593 8423189 3952518 7868509 5718870 6276996
6828496 3409043 5011252 1537050 2016038 4958001
205765 2318761 1753920 3890652 7698935 8935825
4924279 292349 1431953 6121541 2153957 6660063
341339 9852310 4302152 4557136 459819 4604769
3888197 3409699 4074242 8124476 3452073 1347841
2794981 880155 248065 1910700 7815434 9635205
3637960 5001132 8009917 2402123 232409 4261068
3881304 1387895 5293086 6620085 7641941 4293130
5353789 7601776 8925623 1004062 9646981 3989103
5591257 8818016 763822 1140578 2922098 6602230
5827146 8855308 1063210 6658292 9011281 9239178
3710468 2258577 7718372 2068309 9277838 9744657
2604729 8960013 4700208 3644733 2970487 5458352
9698241 3714102 5223051 1391113 6756558 3213938
7248135 4807036 1945701 805196 8862130 3061413
2379846 7741213 8770682 415551 3364794 2016566
3723614 8424981 9180405 6797478 2993839 1773104
8581802 5963095 7513852 1569741 2243593 3155998
1513176 9032794 4953118 971496 2079029 3000253
8664390 6936840 9852946 9648400 1827325 4889606
1120155 585494 6479652 6999556 2733351 6727704
9242468 7942955 6442766 6747537 410684 9074238
2982953 6591227 1987048 8140618 1206785 1228431
3254042 2877123 6748372 830596 1521941 85074
1014945 9740989 2961433 9367464 56119 9825690
7120950 1647669 8121789 3153814 8022485 2781544
2066671 9799694 3950421 4800010 4630381 3674904
8296617 6213849 8787513 4550503 4711563 1125889
1338039 6033410 3033193 2469467 3592324 4911995
7321803 2351222 4767786 3471357 9305835 798036
1984357 6993466 2244273 5692486 179098 4868190
1666068 441264 75032 255073 7946110 2912193
2164950 8293557 4364684 8314436 6857635 9206675
7753256 6418312 1842846 3444270 2217449 3821964
3316859 3355674 7147011 7745582 3441898 4986413
6575163 5112129 327956 9071948 2566187 75669
125856 950242 8098639 7193593 6081572 4852286
6127881 4978687 4444767 2033009 5253322 5006013
3696761 5048220 1709615 5244260 1881913 6067334
1436694 1027614 4634437 8114101 4896281 3715799
6114563 2661375 2128993 6086698 3199139 6166971
1648430 4446630 9657365 5187949 3908069 6662988
7568980 9350776 4555110 9050663 407777 3039447
6182181 5580006 689177 6741604 7330921 200395
9838694 231075 1351835 223286 3611958 1023743
1255114 2897619 4366825 9260481 4570642 4925888
1128403 1943924 7987527 405527 4406735 8059126
5266121 9021315 1916738 5877205 1533618 7302339
7552634 8965030 8774964 852857 1078737 2814856
3687847 938558 1738360 1910566 4296049 6413249
1228334 9861188 4704766 9878097 4268256 8614255
8445605 3322229 2200156 6791008 6334240 9092044
2084099 6200455 7874549 7944598 1778387 3719235
673780 8973491 1664969 7261537 1099560 1169948
8784084 8261637 1674960 6064912 1355698 4428003
4066259 2844427 4447671 5597865 9432248 8080817
8377077 3676654 1935859 7188617 8513598 5321683
8194637 3749627 7805375 2789619 5229746 9950981
1745651 8664182 7923063 2155637 1075276 4796791
9370832 7868759 1436062 9633445 3279183 1672313
8893873 9362007 3344064 6516717 4524855 8548744
7110978 4510817 7226505 9379399 2009027 7043758
2820607 5030874 1643705 2984886 2523401 7166767
576443 5035771 2702539 821869 3066918 7701254
8764450 5320128 4268922 1461191 7251361 8869541
8152871 7629061 7254317 245905 8752709 9535978
6069334 2665890 4439478 9642991 891094 6570516
5801369 9885716 1095290 6205470 742501 585343
7072495 8628222 6717077 2623672 2885096 8812920
7850338 1268498 7835281 4905653 7817835 5332436
5181273 218326 4877906 1689009 7089123 4303625
8829917 7087676 9280305 4540597 9809461 5393005
687271 9709721 1710453 5456662 6205672 7996623
384315 407532 4145611 3554391 837991 7571463
1736086 7108015 369754 3804603 1286093 4633462
4262096 912466 6571093 1351586 4224497 1422249
169548 4173095 9339880 7249426 6688271 3733114
724528 644226 9912681 3548049 7310811 8654671
2968189 5061196 6764644 2200835 1786294 4687476
388374 5084700 6837827 6370641 5463111 5348541
9165039 2487782 9015121 367264 1207979 6158810
413482 3217898 6855333 1326123 2685925 5740383
1226979 6431283 4576586 9980497 1674642 5379434
8859470 1339984 5442611 9812909 7546980 6998006
9686952 658485 6832013 5398984 6660711 6367075
7792288 5375420 4471177 6304088 702819 4290995
6227507 9746444 128859 3950580 5522345 3438027
5357229 216599 4852040 8314216 5909966 896733
7984739 9886317 6161175 1272291 354012 3450260
8362959 8022411 4460092 9861505 8166631 2037907
8726112 9390511 8189951 3181162 6581977 6289573
6217558 6767849 5658043 9228612 4543991 1881589
9831616 1456299 945240 2643838 806005 4927789
1759454 7373601 9025477 5230075 7094373 2469397
4895607 1543730 7762748 4608515 3681039 8773425
7532914 4585042 6203146 5258563 6664410 8250253
7396664 7953399 7022532 7287024 5099108 7392160
4688029 7585504 773063 8443842 788793 9763919
9335386 4997605 3405658 9843414 8271540 6958855
291254 1927068 3545293 2711742 7119537 147809
8628685 3369513 3027047 8162842 9578170 8042995
2186983 9458473 7948050 2573391 5473879 4833008
1658269 8370668 8196512 242159 5688539 9809055
9100704 9199574 9665578 2459158 4507326 4586005
8784850 653075 4010013 582553 8124097 5303081
3745852 2423452 8495960 5191971 540493 5667397
7011240 7553116 6698926 2627042 9334571 941232
5040950 1683321 1378218 1389784 2254799 7680301
7939737 2847290 7659979 8310651 3938804 1635197
1901200 4866984 2337196 8310193 9162437 8236814
8714933 9476304 9822446 1435806 532526 4441850
7821740 1750668 9061849 1331088 3251873 6079608
4956923 1363972 8438776 3684363 6364137 1823723
3406208 3527369 5291766 9833288 3841830 2680736
8205778 8986065 4753344 1508468 657871 2135204
354571 4687558 8997307 4984406 2573936 8749569
8735382 4175619 9482850 6575786 225548 7445047
4966840 422545 2642801 4928458 3636690 6374760
6602023 5506146 1620735 8290906 286001 8418348
4226935 1534266 2512070 6735368 4969895 4540944
5350567 7949462 8583477 9421926 6778353 7517932
5725937 1926197 8120386 6219964 3261307 4796333
7218402 2714260 3012126 7380348 2388881 3188312
3750371 5033986 9144342 1450389 3037748 2810280
1400489 2553027 957612 788611 8728986 7915130
4559004 5180525 7131836 9880315 5653650 3329255
2380386 6867126 8880567 5113661 3536693 6006630
5988168 2256797 7462437 5159847 3883688 3297583
4971375 1998619 1872939 7000627 8743807 9961719
6500229 3914839 5042167 5352882 5731127 5256635
4770444 459343 1248948 8515147 9765322 6787093
8265459 746801 101752 2828459 3542443 5896830
3310097 5689047 8280165 9243917 8430363 3340422
1580300 6148067 5470021 6061278 8366899 1304314
7603824 3307973 4794731 3823996 5720481 1710741
1978520 2304242 8559325 3223224 2940238 9923874
8475198 5204307 5009351 1480317 8120829 7835403
320129 611690 1314644 724773 7395786 4832523
8433768 5177619 6000819 2225295 5645259 6282779
2600802 8547930 2496010 8187009 3590625 9781139
3333387 8037315 325358 5141572 492892 3503310
9671058 6748681 5370189 3032063 8023031 6873411
1401468 1576510 961104 9350958 691017 8383323
1864948 7602839 6973613 7803294 123243 1302919
2534036 3115301 6272782 1027805 9500635 5290828
8988256 3301215 2692118 7122882 1869994 3268388
9741593 6023328 4569158 4988403 6385201 8588783
5349764 2411363 5824874 9769898 5626205 5980585
919641 7658630 6552633 2072927 9554388 2853711
945145 3949015 7101858 665373 6917385 8811188
2498861 1654527 9285468 9685227 5555966 2692583
4627319 3244419 5864042 8207830 4960648 2821342
5842913 567345 5569930 4145386 2471868 8313478
1681753 4169876 6534028 3593766 392057 1536921
8860336 1980479 6473346 9988455 3180949 3272647
1643434 6571448 2090066 7165709 1975310 4647521
564652 2509557 2582375 9741951 1764624 9616978
4595199 4025504 4087516 4566463 632627 7220545
1458067 9016426 6868808 7501992 5711201 2400524
6904309 4266279 3678107 2430731 2252095 648522
759264 8759948 3484671 2174300 9212614 875918
4040412 4314030 3226812 9890283 8710190 2405838
6620525 8036883 9082357 6738184 9549481 203308
9638366 3442562 6624790 9747114 1568721 6567061
372512 7128754 9775827 9561432 1737965 3880556
3523658 411229 75425 5337231 7260941 8913912
4165059 6758431 3527456 9010692 5389839 3024160
5900507 9600393 8662637 3886468 8258110 40897
9549808 8347065 6320248 6918766 733926 8361715
8910178 3765036 4048922 1015497 3772582 4938288
2731922 8485155 6428819 2024864 503098 6104622
6856295 3670460 3524480 5791953 9075882 1223169
6909746 5296778 2738351 4262882 8740639 1554120
1722019 2824480 3793828 7514655 6943301 1519069
9868857 8917216 2495135 7841257 4786121 5233493
7884617 5132004 7455102 4617602 8100364 8138561
7139702 9446928 696025 2247209 1448644 4097260
5280528 6406901 2999003 3543105 904195 9280492
8871738 4240318 9174113 3016522 1218950 3270846
1304263 1013914 4351523 1702512 1702383 7738525
3584650 6539794 7263319 8093676 7921849 2573744
3547049 9172765 9320787 4009304 1535899 2242598
1077529 1243555 5873467 7565331 6319279 4826314
4206937 7907191 3278521 706006 1315721 3979958
6801095 2404206 1027748 2081364 1734654 829052
7911175 8073387 5305013 8525545 1193933 3149162
1038539 4810372 5309887 5597612 3017503 4151449
5554847 197807 5627457 9044258 8123675 4930017
7956321 6927670 9297667 3404057 4470742 9649492
9290580 2672368 54632 6263731 6226563 4255057
3612648 5723533 6867966 3190300 2324483 3812325
7273146 861206 7245849 7203294 1806204 5928214
5956271 257656 4137158 7717307 4805854 5488430
1791667 7726680 9528040 7464405 2979574 8742963
3785637 9890625 6507811 9414244 2369604 9865541
5841728 1153668 9392536 8787727 1946225 2731100
8261353 5624074 6361960 1859164 9482663 3740038
4684830 973941 8863109 9868606 2091533 8718240
5272494 6174168 6605208 2391747 4066122 6397571
6351100 8317012 3941590 5612678 9998234 8624275
7162256 9298691 6163469 268628 4782418 5531777
3738243 1348278 8526209 6443558 4850299 2050929
6313823 9580293 7810487 7433138 4996942 4816366
9126581 3037431 594889 8541375 3339365 2673100
3412999 1453078 6314549 8929742 4464468 6024143
5902235 2972516 7033902 1533890 1788059 1528129
5890823 2573290 2895824 5281088 5960375 6960130
3774785 530654 3925329 1670010 7609613 5070565
9656158 6652271 6843613 1135449 3228202 1696291
9204864 8632568 5135291 494413 2761244 7569151
1505077 2834674 4856633 8295954 2807564 3848460
8521667 3130713 6245406 2751519 311235 9606371
3712123 8749729 2452771 3883061 104355 5683296
3284502 9924362 1122635 1995677 1583836 6667529
6288775 7666876 179108 1261911 2264906 9875957
7606711 6383590 928430 3317683 9815152 1684464
4630738 5639455 5880034 6893858 3108509 4502259
9850878 1998546 1485829 8829708 6103267 6247697
5878425 1619502 8537927 853961 2810591 5067521
9709013 6159256 3578882 4506104 2956955 6837379
8355631 6788870 6123841 9524306 339260 6017999
2724681 7269705 2835635 7310731 7196759 5191251
9099197 6598813 4808073 1020531 6409025 7277833
2713299 7145620 6683969 6086639 3790731 1044673
9777496 1159768 870026 3878184 8270632 7499178
757577 3068488 3695207 9482963 124197 6270031
8866942 5384130 7953746 9913824 8874922 4231915
8981578 9305868 7165001 1885307 625380 2874758
3822277 5933816 8731855 9511116 3832035 3293252
9245708 2460228 7426373 4986182 809067 2302979
6451012 8154675 90092 9722390 9516372 350309
9893074 8661420 1694528 5787018 4544144 8107655
242156 7671189 1745481 1692703 9240723 4345637
508358 6063621 3643702 9884086 5538515 9042278
7914649 3200347 1990474 6626673 5530204 3906313
2342855 4859238 2040586 269977 6754227 8353394
8701007 7723715 5730532 9881644 9637037 6276021
1667490 1686895 1590597 8877774 5529233 3567285
1172746 5114371 3532754 5738373 9979560 887338
1250571 6352159 9026392 5636353 8093731 4688617
6043668 4079994 3269404 2437216 1386213 1932005
7731261 1600020 5394197 894388 484255 7326916
2599721 7622908 570421 5917523 5163635 7858454
2425556 4691066 2014133 8663185 460284 1637196
3498586 8348398 6976296 3479656 6448933 7638456
1164998 8262477 6828104 6125447 3414755 7389278
8644068 9132120 2871490 1216088 906422 2522132
6157097 3903348 1430665 8299244 6616785 823230
7454777 5913696 8586187 6132900 402565 3883747
5680250 1941031 8571126 6658293 5384412 1213720
7406229 222868 2472397 2897497 4231833 2069302
6308708 8610046 575857 8956585 6169239 3921829
3925475 1067749 2632720 6014552 62341 4813220
1126013 9552855 8703610 461390 4562651 4735921
3795038 664496 9714246 2082951 2697335 3363097
4072781 1811496 762367 5861909 9358195 2627070
4523164 2610861 7472487 6873444 928123 1524982
4223627 7839825 4809738 5933518 3311765 4352352
6809246 4716891 1722443 4838503 1116519 9394647
2387215 6379469 9331753 3142584 9391343 2658657
6226659 7514063 8566247 5906453 7313380 5308441
7548167 7781553 954924 5088634 5230779 7286419
310114 7494146 3532427 1810667 3859046 1706700
9987293 2000287 1272315 8674855 3713831 206620
5432997 8564142 4091527 414182 9945015 1547989
9839679 1598376 2543538 2480936 713053 5946809
5369294 4671288 6635711 3780798 5220622 7533022
5459510 5927839 6607294 237783 3568474 6819839
7464301 4646989 9671012 3666793 13647 509781
9290898 4353757 4207268 9828864 1361883 7906628
4509515 1699662 9883866 2190290 1598249 1851753
1388163 7673203 3772068 2251139 7258679 9274626
292250 8093591 6173325 2739325 5521330 6302700
7282174 3740408 7046256 4755295 9067442 1824912
9657705 1346531 3818305 545385 5286646 5614658
156517 304414 2644270 8126742 5759671 7560611
703714 1856606 3200401 9887388 9543827 3804490
5923049 8389356 5137467 9974329 3657743 4042107
5960530 9073485 6029762 6481768 5539380 9903384
3559568 3725986 3648981 3275740 6170784 3048331
8163435 7271061 680184 1714794 1749493 6894773
8488808 3824836 976345 9380957 6812012 9030200
2949483 1943241 2113671 8900985 7479265 8143067
9099325 935382 876883 6263488 6510265 6739413
8708412 7328868 3992785 7160533 2353592 8493729
8984389 5733576 8518026 4904997 3838958 8130528
5093990 8083136 19645 8645784 2197 9484456
2431340 19300 7098478 3469736 6697607 1092030
7514768 5504483 9353796 8274945 5622941 9504195
8433727 3392046 6738708 9038791 4525241 9463264
4942853 3903818 9458173 336714 2564975 764024
8167133 3422509 4970702 8169558 3638554 3659452
2548611 4079609 8146118 6101930 2878689 543149
4717305 527005 8583691 3442334 6020480 1844189
2973629 3803217 7165290 4728201 78135 6779391
9033114 1673959 9438676 3590681 9723647 1125158
1400044 9512059 7131890 1632030 2263846 1425797
9887185 6729627 8117828 8816326 4737807 3886062
3997263 4468156 6942214 2714459 7003403 3505357
5033674 6188165 4676840 2382031 1450808 8710012
7716203 3519622 1215927 3333412 1896435 4394679
2157003 4703108 683950 8624485 4881726 6309536
7291053 5020952 3529026 5198607 589998 5936403
6780073 3924118 5990929 4821816 9208765 6081313
1720038 285280 5761842 5875858 434633 513923
4306327 6606953 7790585 3696869 7589280 3510294
5416865 6540234 1568170 859112 6339257 3400232
5700079 8923072 6601649 9242393 2052138 6665991
6619253 8647735 5220944 4884184 1391497 8368828
7032914 2172731 7230620 4357967 7537709 3607978
6784898 233545 3754997 8931848 4998360 7634291
2248507 9610177 202584 1133539 783541 7532639
9261112 9741729 1350478 4160353 2510795 9339423
6764919 8685107 8819150 537633 5095192 3631407
6405193 2215368 8415067 5930350 9653718 2534313
5155131 7926619 6087975 6905762 2835220 1596644
5091924 4856005 7141299 7701237 8198363 3067889
2173732 8302804 3936601 1005441 708243 290878
705878 794060 3866070 2361677 8809337 1543383
7858169 6133557 8766526 8520094 6655873 2908948
2851664 2958200 7799080 6565969 8900494 5356634
3128363 5100236 3070769 4339649 1735013 7106920
5622664 1068136 8150636 5597764 6979092 6065329
83886 766486 9266588 8968286 5000340 8004108
5183846 2071102 5631038 5812759 2692090 1505010
1221968 8143881 6625402 4679045 3654047 7468632
1334617 4377388 2479185 8012457 8488925 8370529
9293255 168558 2181492 6122332 99281 3719901
5954068 8382573 6153071 3665184 5076853 7038812
2213195 6591714 7789251 9095980 9932662 5794419
324215 2934878 2099775 548512 9928446 7310756
8380703 8004194 2749158 7525866 405168 3353008
2781617 231564 1585075 7507001 6692767 9078485
2613158 1503877 4483351 5786739 9473632 8726859
5288155 5656095 742004 3413381 5953609 2302353
7732235 1415893 9154195 2172124 9147209 9487977
3643221 6865179 6765564 9372959 3004820 376074
2393772 9554544 6069274 4825774 6932552 5969993
6963549 491936 3842958 2205748 5807187 9669021
2968240 7445732 2366402 4888898 9071920 9755545
5460237 7940556 7394124 2973045 6009036 5475479
4233762 5623993 3482368 5999024 30541 6638836
8317883 2268577 5920778 3375923 2349478 7664967
8586774 9010860 7606917 5627830 4716693 8635493
501851 2314831 2699955 6093226 9780799 7175759
8919857 526229 2885446 1011061 8262582 5806184
5220264 2477131 8731014 7678099 920218 9558619
4963718 5605714 7522970 6072486 8739595 1738768
3266955 2316703 4395329 5280884 3056668 5774695
3424922 6676680 8099636 5361117 4100988 4448452
1474857 4816599 4601188 1415409 1821719 298011
209499 8941115 9400751 9931996 4253181 4412356
603401 5416099 7286274 2830650 5776250 5235608
7446724 3293629 99662 9637359 7916696 3845714
9897045 8773310 4965373 8719105 7094474 2046833
9895637 4095827 242453 8354445 4474003 2075630
372412 7167239 8371594 6784793 1226095 8335907
26276 6703480 5800759 3730103 226321 5734483
5937357 1654264 4253016 9767943 6820114 84626
5213642 9588835 7146961 4857153 1296341 8900415
8125930 8077985 2911441 2092525 2631111 6290550
6006030 507654 8224390 4458287 8126556 6401412
5138924 7212678 4849571 8449388 6919996 2879284
7056519 5342499 1082800 6297750 2156570 1200488
2335907 140382 803832 9718699 1207151 6441690
8382031 8655418 9064749 5199582 386493 7393557
7735786 199111 7503601 5620452 9406140 8198029
6872651 9901280 7186043 1884561 3308833 822867
1603912 7493184 1865453 4782819 4892856 9342725
6545723 7567811 1777331 9030500 9599398 9631182
2558971 421265 1547272 598025 4214716 2689932
6815758 1545519 740945 3562349 2638978 7798138
6026547 5377167 3467121 7657385 7282770 510907
7775505 9272754 5751525 176890 5498393 7270644
8108771 7952305 6774950 293881 9339024 5624231
945714 9924746 1465436 376431 2369556 5698079
7638720 1120594 9953497 2959532 7380307 5861517
5037182 8569873 738865 1408681 6103661 3281111
1964730 6563522 1682182 4774537 1884476 2478733
5168263 8822231 4789064 5385342 4677832 3901399
7054312 5523062 2682367 6819198 9055480 2908249
2128418 9148222 6126394 8792733 8629021 4246998
1411440 7216092 1761381 1678566 7342947 4479935
8676758 7625501 5549015 4315192 8923075 4225282
664611 4299999 8927173 9594887 8320303 8307783
4818998 598851 5621040 9322357 2288903 8715179
185591 6236549 3215494 3061822 600035 7000254
1666787 9524161 8628272 8739061 212453 8694553
4033837 3549540 18821 8248483 9621278 9698063
2582931 4565332 8973386 1963402 2493167 4452496
7772423 8713552 4285553 4026737 370515 5902358
4246142 5023389 8785013 1221009 680846 6309035
4807739 4700478 7732142 2779856 387927 6372282
9480405 5961556 6493261 1270322 1326311 895426
2134071 2053538 9492128 7657491 1842544 1544039
9274789 5835656 1479589 2093483 9588452 3931658
1543245 251899 6509635 2552475 6558666 4878441
6613077 8739523 9432490 3368979 605063 197339
2186252 2703965 5848475 1475050 363879 9983775
8268209 6308408 8822431 1912788 702724 8914402
9754879 955794 6921087 6951748 8152094 1667985
3468573 1842999 6641645 356843 2717695 8504567
4037537 2074534 9703833 3369418 5965179 9660359
6168762 9043847 9619024 1001086 973626 7951625
4380834 7963012 6517440 4155173 7724211 5684906
8279776 6915982 4846193 1666276 5931388 1807208
1382106 2777095 9574326 1760824 6366341 9573380
7283829 8677352 4817150 2862319 7607402 4273033
1226812 4632467 3809934 778627 7018669 8029075
1135158 1490553 4167158 9620352 2973098 1081394
630301 3964935 1575828 1971594 9796754 1909745
9954555 766165 652517 2694012 8062414 4940399
5143737 7643460 4446796 6003278 5022531 1795967
5898069 6167744 8998987 1078682 2325682 6350791
4222722 4270065 8153408 6057436 4084298 6306736
9872602 1845751 7776414 3249999 6025509 9463327
4625203 8927332 3933198 1813068 8124299 2719351
5651414 8394820 5854927 3173790 1735184 2783647
2294666 3830562 9461704 2253412 543379 9485489
3075482 1729819 822448 8565360 4048365 6983488
6717786 1907723 4986360 5091560 3984861 8198300
1857412 8165485 2661860 9564545 28937 3119515
6653998 5950199 9201011 4477769 9929006 219541
5160161 6559266 7708531 5310738 1817329 3812469
3233284 5196765 3351585 8662504 9691392 6320774
3734807 7499529 6348470 9598461 8192061 409326
3423666 3250901 1177974 1927222 2172382 3350353
9977255 8709466 4666435 9086997 8729700 608338
1122591 7549332 1842324 2456932 9742225 7098607
77875 1907265 2037027 414808 7713760 8200708
8949774 6833585 6541310 1571623 2420541 7374064
7408462 7532363 5006926 9273502 5497007 1580397
5097936 534112 5322159 2051043 5078898 6160214
633165 3673471 3486814 6860097 6877710 3373026
3116484 1051926 3320430 9214093 1397987 1187780
5763383 1927020 1517975 1212189 5454825 8986087
1573005 5701248 4559038 8202446 5689537 3553765
2785722 6038127 6760993 5519012 5626748 9569700
9095669 4821966 3620630 2847778 3455837 7701345
1377276 368567 1159982 1827615 888870 4099449
6664463 1926526 602068 4858780 4711575 6326605
1747808 6115359 9367409 1897800 2458043 4629340
2989675 3714004 9798703 9279562 7469380 2087879
3668784 7027213 3331997 5275566 3360174 1290171
4296687 3302178 8079215 7417099 6354621 1868539
9418155 4280322 8837297 4918073 336625 6065410
5650357 2469714 7218261 9210696 7107820 244034
1678084 4499417 9973326 3646891 6833236 6147490
6160981 2184460 182146 7152858 3774729 483458
4327387 2654186 6719186 1300083 4400390 446029
9046551 7246951 6939320 2670609 1863371 5473451
9945584 8308679 5719917 6177300 9334799 403345
3839136 322530 360141 5931606 9886237 3721199
5523794 3932294 4388995 6814545 9521670 3100597
4956322 2132061 8363937 5782314 3052731 5289454
9993005 9652225 1761974 3657149 1412446 5733561
1529625 1231471 8810444 1518704 2368571 7657309
131788 7991538 6123446 8207930 8075693 8418541
8381945 800398 1417245 8567213 4815890 4880622
5353166 7023763 7772867 7428033 7893273 1161613
8580349 1921957 2144057 3801305 7995158 1483166
8285240 2478562 5540911 4372026 8726391 8218760
1708502 143994 5281117 8671447 2726614 5838259
8363576 9673548 7022926 2649888 8528757 4845798
6074163 3355949 5083325 3996944 4371894 1019628
9570360 877610 4824679 8715711 7701418 9554731
2977924 1837752 2712179 9818210 7389504 2060738
6489394 6844059 7807639 8890074 675592 881884
9110651 607009 9961993 1323251 5758208 2220695
820457 4998666 501498 6413905 9578616 1511342
7766816 1018296 8976558 4304722 2900639 6987632
5309505 2429480 3176602 3404403 9661448 6389516
8742915 314689 4945069 500024 739123 9569946
8834634 3438955 1000261 7235801 9463090 7055099
6498840 1839151 7683260 1364171 2044620 8652369
2363493 4348550 363296 3990890 5618088 7344470
903321 3149253 4023404 1806681 115132 4608309
1925506 5409771 39110 6690308 6846105 6359205
6505599 5691165 2799913 1543295 390355 437114
7488712 8008279 4107213 7370517 1564963 1693446
2884619 3152548 5195881 1657447 7740229 9332900
5260658 2171381 5513925 9008381 8590172 2977487
3433788 7201264 1550716 6000149 5569604 1454303
7240245 1511752 7812312 140485 1056247 5838766
6435456 7850841 214426 7264109 9661229 2626269
6609664 2417074 4175068 7436951 9918092 7419617
4783160 3734992 2733213 5639019 9703855 7782904
1622496 478494 525609 2748558 5130188 3710330
2316355 1862102 2969492 1428559 3277378 6177361
7319660 4448634 8532468 880849 8384633 8201645
6351537 4891597 8245117 5498795 1344719 2999390
912746 5412619 1398495 3837799 2537209 3569641
5712353 2073545 4571460 8526231 6770934 5432407
7488806 6527481 8334527 4788890 4751358 4415889
5783423 7205400 4917895 2461594 73961 6996580
5452373 5482663 468459 4691762 2676639 573516
3131029 1087323 1927801 6866591 8908405 1965931
1006353 9568515 1711602 1597484 8556689 7584387
4392870 6163411 6048573 5234996 6321723 9559944
3621721 3853051 1259914 6684886 5973354 8616124
7170050 4221094 9435238 4834022 7705195 9167394
764320 6751778 2254060 3242306 3018316 9470265
3871760 621142 1883353 9025113 353103 5466857
3706403 7948429 863748 4708548 2870460 3391144
6540257 5512444 738684 8833726 5520162 2915215
3340397 8691021 2918968 413011 7857191 7613444
1071928 5330888 8345883 3693699 7120464 6260793
5971198 7810220 4383338 9422180 2205352 655677
8436001 8578550 967296 7101277 3635239 3431934
8921645 585093 295073 6603866 7103312 8731363
5733309 1304997 5402069 4892535 5556422 9882839
9420733 1326458 7625924 8608087 7572271 311271
6164458 655861 7167856 6939901 9154128 3764645
9249668 9868108 6758238 7206945 417115 1132712
7425100 9065666 3036966 3173459 815992 336225
2833149 2498677 6081448 4161231 1525095 1709689
3973694 8361714 1434095 1700799 2417517 5385413
4370282 7553259 7145794 7634351 1379808 5642432
7333868 7934261 8502727 6980204 2246493 8792070
5494361 713051 8911950 882396 8210446 1775967
2402189 8118131 5055018 8388363 8999116 7142859
4351777 5091269 4058934 8302320 103068 600510
5487879 8108735 2021268 210041 2765192 2141095
6079310 9002964 83480 549254 4144344 3978495
3249809 2054893 5835593 9515172 3834847 238367
2918412 9963302 3008626 1190872 8720553 9681177
7109342 9981667 6120078 4213382 9930230 7735415
856744 2740591 797417 2420175 869677 5087291
1001605 5715442 1973729 4610572 9076327 7295819
8074723 3967561 9735966 8016140 6727149 1477722
8038560 2973416 7398668 9802673 2153065 3798436
9862825 6690998 3520484 7367496 5780596 8650464
445888 7667305 9438205 1833372 3962144 2754682
6603212 9670861 6803754 623080 3083082 2765087
9191690 4374076 1156667 2583986 2519285 518086
6439004 6421637 9640599 9789833 1052663 2581906
6451981 5901728 761511 5569400 6169760 4193662
7416788 8354753 8253479 7231591 9751765 1752568
2424931 7011516 3969000 9010911 299079 4722302
2523312 8256831 2598874 6558059 1269919 5860158
2361719 6075931 7160437 5981625 7577302 5056386
9012641 2557058 2266224 1616256 3258644 2529466
401345 6734212 3348152 1670179 352945 3052910
7051670 9528606 9553378 683825 4829871 1522415
8835574 9560291 4772598 3603905 9248557 8849189
9963677 9751589 6039647 3617929 307268 606480
5767493 3979207 5132378 929746 4928200 7632695
6621998 6088858 7119703 5280019 6052845 4211352
2764206 4376968 9325261 777610 4359216 2456490
6913199 7954801 1857113 4583791 1971178 8552091
1354877 7352497 1638906 9053991 6274254 3306670
3724349 9662339 9732120 3007631 7766184 9115404
7987472 3828579 6516129 807101 5655236 8021937
4784842 3142537 9409791 1202203 3896119 8113603
3913550 8839723 2765021 6049717 4445066 2732990
8628085 2946734 3536598 7467470 5696411 2740559
8461887 9407486 602978 9689904 2170644 5358828
3662053 5879371 9041030 3100788 4259873 3222704
2014956 4394274 6188951 4542639 9336636 6038817
2412087 5924823 6336010 4977050 5887384 9841824
4731157 6734478 6181000 3864285 4556163 8063557
3689539 9685009 7380911 896814 5529688 5649995
7378636 31612 4637440 8803826 2256135 2307391
2356760 6112600 3849326 7389134 7760270 9001063
4055164 7499147 1964435 6754737 920783 8956479
6053310 4390795 255886 8770962 5081089 1595966
1456978 1094143 614653 2054390 2497706 3807349
241768 4699452 5799437 739657 8382287 1330397
4846798 8995489 4703412 8666840 2252038 1874781
6920066 8763912 7044581 1285730 7841185 9281672
2748662 1145735 3701030 2677892 6208525 1068392
5462614 4914850 5663504 9233574 7971153 9313191
3403363 2108064 5769905 7532715 3374282 3562056
2572902 470386 1328488 2603322 9369741 9122451
6316225 983842 123042 8192431 1937538 9536896
4429223 4199265 8826273 2959192 7476952 3620376
2015221 5135726 7600212 4318960 5797165 3841922
757829 8665239 7438211 5558865 1282945 6075326
9887930 6073482 9987474 2122714 756628 7820079
2095272 5539115 1224514 243676 7607311 2513884
868945 4644006 9919826 3164201 7536150 4089566
6881378 2240223 7119860 6994733 8777074 566178
4461374 349724 3923703 8233055 401470 7882636
4304949 5567612 727632 7427959 4214791 9893392
7265468 5995579 9011127 4599570 1895678 6119517
3382094 3989905 8372869 2221465 9906212 5994424
3518322 2626626 2099042 297784 7980434 4504246
6877137 6839361 5048104 9485916 2817523 8083215
7998125 9764029 8862235 6715731 988083 4869308
7088566 2731802 8221659 6174042 919497 8980230
6872981 7171476 7757073 7706058 2813287 4727692
7413231 3404024 1783041 8425744 2504414 9799578
3557114 1796325 3305475 7386389 4535125 7877243
9750071 4928533 4185934 4748315 7908022 1989200
7483609 3487515 2778665 9208387 8645565 4487597
574112 3968271 3225525 9799410 4966257 3623601
8905344 6778301 3388629 1039456 9062282 2138154
4909481 4918770 8754160 908906 1795294 5352314
7446664 4249275 1949681 2498704 846825 7939462
9492032 7824558 8458716 1512695 5786310 9704931
742448 6114162 3477683 236601 2646233 8721319
4071463 606373 9842004 1091537 9112358 8706431
9161967 5507931 6850319 8925286 1322127 4558970
9746856 3174365 1545011 4214100 2909802 9886977
6330701 8527549 6222444 9797070 7566248 3759775
4315979 1738098 9798845 2875467 1799588 1683660
754956 3053246 9337257 5820883 1237460 5159282
72375 6863976 2274703 9211984 6430519 2964282
748855 1441300 3650945 9457707 5234794 4170982
8137915 9135610 6266575 7284905 8454620 992784
3005676 4874467 3668120 8927402 9176439 655195
2036480 1617444 6273274 7842111 1278632 4230288
4393967 1044264 1867503 9551143 1868587 3086668
1492391 1282533 9896385 6053932 4120037 5476240
6302949 6834193 4527465 9391600 5984408 6944022
6916905 7606140 4130944 2467690 6675869 7185820
8933774 7303367 5484668 2373349 7013087 3845941
190723 6874477 3268827 2350648 1223499 8971078
6454237 3478474 6929826 9170738 8636286 2808794
8457020 8539915 3294559 6081084 822757 5188029
3391233 7205821 4354554 5777496 3187586 7301709
1027110 4136802 1167356 7153138 8178062 6317664
4390764 2589463 9778042 6321036 373962 1757440
4982539 6706617 1564432 4192961 2492615 5957099
9958589 5131614 2023890 8480096 903688 57532
4075491 5357864 1337476 7633498 4321534 4529127
9525478 7818244 7879250 2052172 4999613 5185112
8453679 4330901 4306997 6717453 7857886 6758593
1719859 1664742 7075069 8135735 5535483 1774965
4333625 4700878 9922236 2291071 8054754 7326330
2778836 9610123 3532629 499937 9195253 602625
4269665 1937819 6512937 8304932 8714155 5696074
3787341 7347338 487125 2884916 3958079 7145378
907158 5114017 6670414 1389195 7253927 7833989
7180146 3961239 5821579 1876657 6214598 1491776
3488525 8602065 8541063 2404679 788910 7802141
7406639 7661760 9861810 7539251 1967039 5364626
1656988 5551955 9323831 2525657 3228703 4021707
9993990 7067722 6204580 2655321 4810210 8126041
6804596 8106577 5361721 7291737 2754558 3532674
4629334 2012994 780700 1849903 7298785 3982027
8667252 7952854 9121218 9879407 7309498 147374
7750681 7910449 7692240 6847512 2908003 2436809
4464768 9973618 9678442 9999131 6773852 5654234
6117557 3188429 7119378 7615810 1990635 4274259
9682122 4708853 5996503 9082180 3703352 359940
9813764 944684 2591562 3768834 5656975 8349775
3023899 6255270 7963891 5361604 4583926 2075197
8772845 1488453 1213843 2292092 1015912 1167530
9483001 1725461 7409506 7615788 4600390 7287766
98558 1934814 3211376 9953819 4090467 9803654
4993104 6852542 1177709 7188675 9315821 5213476
22848 4003032 9389055 9808453 6795927 6148919
6243605 2441888 8218809 3703670 5844399 1764688
9378760 3812458 7135435 1305680 6169854 8299901
707103 8634435 2818674 5146140 9331979 6729340
3617895 5807804 6780239 8274589 2255194 5981521
7505861 4900911 1501658 6582565 7650540 3386134
5033753 6185578 4937721 6511712 4972728 1324068
8733760 7169063 1992010 2670931 5948203 8872165
2821892 8782585 6592521 2795499 6969672 5721307
4781647 1423971 8868009 8332126 1326457 8099625
2604062 9794119 7503535 9345631 5675693 3125821
3375003 1390899 4479787 4558637 898314 4050430
9115880 7972806 387624 2150622 9550320 8640601
3727602 3160791 68208 8232189 9815231 664907
6916395 1742811 3913595 7038360 5451580 9042433
8012784 5834089 55154 8200485 3054411 927362
9793145 8498424 4235568 1152485 9092168 224025
153733 3236764 2959760 3279186 2712315 5181840
1739378 5223762 6102135 6298834 863517 8195344
6400901 9541182 6783234 8609053 3890626 1656823
6861058 9455204 2627343 5977703 7435478 6062343
8036631 3921338 4232154 1309554 9678363 8391904
1852341 1396557 5902868 9846569 8999964 2697642
9718027 7784948 5301785 8729745 712607 1427153
1462918 7198946 9640487 8191727 207577 5944508
6407673 2208920 4821098 4993448 3818462 3827454
4239382 4419009 1934945 5813042 2567802 1449720
6075264 6645597 3466260 6297097 9292244 9281611
8085836 3693062 2465927 9429916 6970315 6976124
5408625 9078113 8934644 9520479 5945070 1604818
3824213 7052254 9039066 3011793 8192120 1121655
6914360 4800465 9465872 4310199 3135177 5117223
3414700 4624645 6288770 5381074 2433032 1878095
3875971 6083518 6211196 5372701 5815892 5053238
7270458 8129584 8737331 9965773 8489687 2147949
5181339 5492610 4874657 4754724 8559721 6441821
3989769 6012489 1666260 4025821 2216581 1806102
5503775 5202232 2262633 8693972 236621 9775550
3392271 4201864 7691008 6279181 1566752 3273256
193878 5398947 8402460 6066844 8414694 3122030
3882316 9927079 7426839 4754274 6057108 832083
9174876 1120879 3242639 9239478 1612390 8235856
5105238 4351103 6752108 6194239 5679663 5943501
230019 6479553 4427043 726875 2682945 2192513
7313645 9111666 1803583 9955137 3786002 4355024
7394201 8614187 9457945 7139107 5618588 2755130
5658923 6754416 1958182 309281 7742926 8125814
9305515 126071 95858 4427484 4981894 4063015
2863247 9420926 6337203 9347953 7645355 199890
7594656 9441152 944426 6394346 3358517 387788
6910266 8212806 5391662 1185986 4568486 3842454
5382623 2220169 7210917 7831861 3466121 619755
9937899 9849528 3929952 1805053 2420054 1685471
7589471 8601902 2554373 3902042 8894318 5781962
1032765 3219181 2812664 2609437 7198955 853362
5977798 7606475 5724410 7465546 2124459 9127311
4476489 6383925 4626366 4780520 4225924 1842976
4761322 8231872 1621633 3609388 6512186 1938969
7091783 3823610 1467824 7275620 7833545 6408237
6702824 6088890 1752327 8755180 5170838 2973924
5126686 9237405 5647879 6198463 2790489 4996266
450488 1458262 1352818 6667558 7627140 2406042
4563524 3091138 5953186 361535 9206086 3614013
6102287 8936282 6000876 9249850 405825 5901232
1024067 2524336 1268533 9384384 7845597 4017965
8157477 3666076 6005108 6643914 8704707 9130849
4920364 2737623 2774876 3228087 3865969 2368307
9365846 5022651 9306587 1817295 9307824 3411834
9682323 4842731 7125473 5085418 1145100 7222809
2807118 4912187 1124955 1848170 2925101 2839677
4648869 1469721 9500750 4036046 7317806 8061372
8003425 6205663 886575 4437083 7647499 4340014
2721191 7891868 6059246 4044625 6717566 446283
9164120 1424713 7440559 6942885 1241638 9350037
3552833 4526435 4799976 8793223 9578119 7789771
4461369 2187998 2322694 3139653 2535670 1810220
6402931 5294288 9870516 6076698 6852874 5476479
4632463 33655 3266896 7210890 332684 7531327
2499853 7872301 8322449 6792417 9993582 3836267
7435352 924521 7863222 4301655 3217817 3735856
2791905 3724715 5087257 1352652 918776 5475884
1973088 6431467 1783651 7480479 4224854 4443091
2288657 5230112 6939056 3380587 4512175 8288748
7371390 7798269 9483979 3253019 3635420 3935865
8281734 5347786 645785 93808 1266022 1025847
3117658 7271913 5292905 1952212 879212 3326951
7584654 1305192 8912663 1445703 1072126 1969577
4925016 2878301 413672 6965928 9985046 625715
6195960 9197979 8667051 3237179 6619042 1171170
972456 349395 8175346 9674688 4545281 6984126
2626981 2627295 1579749 6974165 7795713 468010
3770652 1304287 2445893 5981963 8605814 1008141
4660088 7470212 6540097 5704815 4800749 3664492
5837945 8225844 1404761 9488293 6880825 8697151
8235149 7695737 7950534 4427311 9061788 2158020
4020855 5412168 1957250 5153736 455344 5224233
1329385 5617658 5218740 5447177 5758614 7379930
904874 482942 4204517 8749825 794765 60172
8750235 897514 427553 4275860 8553375 7389547
5185446 8685822 5280798 7594864 4704347 1792106
6641247 9282063 1755316 2647380 2168274 1852991
6633393 3317895 6830153 7088269 9284823 8369253
3300622 3931375 2860088 8300820 5037026 323944
8650667 9873599 6975237 1307446 9193582 3468875
3842149 7609649 6166587 9031505 9200833 2198654
6606261 9482567 2278014 1810547 3943576 8700937
8999422 9108983 676060 6996044 8737692 9754438
2843676 2545112 6900934 3896674 9457600 8083995
6977307 2950112 7728339 3057849 2117954 141113
7122729 6119614 7509293 9275848 2884808 730348
7374567 8383897 3706480 4822967 7392077 9202393
4278597 4089890 9435029 3300617 9854548 7409238
9774514 4586713 8116934 7013331 5109473 3700113
3587890 2123216 1521631 5496199 3785955 9753386
3881173 7061841 6287051 3652988 7973227 5139105
4470446 2103522 4205073 8582936 9966288 2259969
8962156 7949806 1724218 3748134 7471672 8886061
875646 4196168 582438 2483384 6192020 5149047
3544987 11599 3263723 8054181 9079533 7091238
9523118 9078254 1674328 2941484 8591530 2669246
498193 51528 9844546 8677995 2402067 6978122
6958946 9249496 1671612 3443566 6913014 6857275
7736647 4220990 1516000 1829589 1298067 1718055
3193429 2779262 1366584 8502900 3497027 357264
9981834 8860882 7506410 3030569 5484325 7775002
4764621 3217140 8203260 5877986 6316102 2161881
2493791 944256 5480757 4943154 8245022 4640104
5033358 497633 9987207 9846107 1585497 7822096
9687209 9759529 7207456 1704209 3261549 8928717
3781872 9098531 5104347 8364053 5538721 987685
8947530 5961856 1933720 6472331 2166295 8983183
6551255 1456717 3915469 7937818 3404605 5714340
3499898 2881273 3757871 4379456 2334719 8546521
6249488 4987384 8335398 8007359 4865355 8954957
5367406 1989019 5643971 2360434 119711 6826147
9996458 2642533 806837 7256369 9177892 9894068
7267066 9426613 2020528 4553343 2487104 8668802
5075220 5368512 241496 3971829 7076155 9832169
4652907 1060384 5206398 3240997 513739 7167709
9706460 509939 832297 6978332 5084690 1451073
9071247 7348171 1173220 9229533 4849276 467740
6065599 5996623 3059749 3133643 2401168 5653317
2990529 7087634 9173587 1739226 547143 6032554
4855035 7908582 5113532 1297568 6527997 5347761
8623358 4149624 3722711 4029545 8511004 3548164
555283 5751117 953492 6810617 979616 1518699
2677520 3490939 1282768 9023974 5357103 2870495
5766896 6572917 1825484 5202114 6006381 4577355
112389 1519671 7353167 6166236 2897231 1205494
3756427 1766286 7378775 4101962 2508801 135505
2162385 692800 6759622 2630656 8192760 320231
2696533 208540 712320 2152284 4537255 3797538
1832234 5179179 7831417 4292230 5563357 2459027
1436482 3576826 8912317 9326743 5147680 1004880
4871325 3853268 7080367 5723709 294506 1394532
1434975 6623452 5645118 2334936 2971999 4147194
4833874 6026771 811856 3634012 4716581 6441732
5960652 59250 7007025 6522339 9632772 5437661
8176992 1573125 5351126 4519797 116717 1531178
2736968 2262043 6518516 4561050 1680958 6286877
3244682 17749 3319944 8196516 3620294 9253145
724184 1809672 5144059 7630824 7512993 9470855
9295861 1366509 8902198 2705244 3042750 8194594
2725603 632695 520732 9208687 5447870 4642948
2396754 6873115 7961080 1566400 41425 6277495
5545294 6264366 6133483 6574863 2930645 3683970
9044436 9438764 2078214 640554 8045875 2939232
7580426 878560 7947025 7957146 6241559 9825142
2396542 8299849 3201924 6201607 2824790 5052909
3087930 9499975 8194550 1577647 9265424 6821746
7192480 4947706 5293757 531489 9162425 3309061
4595613 4984084 9034970 151777 2249925 1799678
569518 83395 1232117 1058712 9351940 9984833
591772 5011 6529028 3812793 2858708 9908837
191933 1597701 7980668 2870050 8468337 5665704
421665 8297104 545350 6582856 5593777 6633541
9493709 8948251 6030695 2709855 4263765 7453147
977283 7534187 5683534 5261157 8502811 5327193
6409200 5993842 912810 1924652 7889763 5263169
7250726 6354136 1044685 1691073 9671994 9248539
3659610 1856600 5374112 8236648 1219705 835923
1633409 3657295 2435399 6042530 1742048 8341490
9473780 6188244 9416390 2088006 6406240 2457828
8466694 7957697 6399454 3257605 8137084 6662712
5384180 279748 3217980 5938317 6803763 6776957
8217340 3094211 2147286 2313891 7183963 1187297
1427186 2546209 2608351 7925472 8369079 2754598
8529250 4984689 562213 5697538 496658 8188742
9031729 6715488 2603463 4040673 5678973 9507768
5987856 2056723 9148647 7029769 6210365 787254
271952 2284154 5665400 1447728 8903129 7613691
5165733 9537341 414410 934716 322312 4581439
9742849 1815968 8929217 2698475 3046288 1213908
3796672 4031390 1454754 4433795 1047733 6166445
1464342 5479955 7989168 4741170 4907284 3545978
3356878 5739961 8809207 1624689 3443030 2192773
8582707 5887576 3429994 828885 1112915 5226582
3635347 1591773 9833929 3144003 8639362 4593091
4337820 9218301 4562864 3630168 4494161 3655588
9648562 2791480 531269 5420642 8421862 1618238
7343036 9045580 8400611 6616175 968986 1048073
2169559 988452 4040567 2405870 3422874 2932267
8074847 6929059 1989616 8401687 3973879 6090241
6304685 9158153 326256 3807322 5697158 8709618
6379615 6725449 411205 7215191 2728616 9260736
3124165 3874956 49896 7956233 6947974 5944308
9153605 9658970 3725988 1683618 316946 8106474
713059 9429656 2331139 7643843 340349 201632
3800582 652683 5242249 8237141 4377242 9464044
9184496 8188635 7257029 2027604 1685762 2557872
1593026 1665053 3701805 252980 1225369 6677865
3831162 7287866 5791155 2017936 22835 8008048
5642522 1512237 1764408 1428382 7125583 9938736
2517288 4100632 5741968 2702081 6257022 954714
8214251 38943 8857562 5863098 4712159 381798
2562975 5812824 5831687 58913 3436892 6579740
2540555 7892144 5699132 322088 8493051 1537559
5847690 3414041 4121453 6229923 2512465 8131269
3191089 3177228 7073177 8477358 8344554 7095346
8298525 1709491 3468523 2955001 9016959 28354
3998121 8852150 7661514 2354796 1269166 309770
3798102 7537461 8903924 3601415 4899059 2643500
8489044 8289897 1969806 3527589 6161277 7373798
3857862 7112089 8793757 3768634 6477922 1424506
3297251 7120886 6804595 9893020 1824594 677633
985327 6312576 7412810 4304440 2191504 2588049
4939702 5149398 3456141 8712433 9943890 8612321
3057257 7693058 7278729 5750667 3206276 4789023
4102854 495882 8361257 8440522 7272578 3288726
6162008 483497 1559550 480971 9381935 5347883
1648948 9265893 4315 5792431 2740381 2969138
4807556 8063999 9177836 9681340 9128877 4032634
8438828 8986661 965187 4670647 7975081 3375791
3732771 2064161 5619011 5902526 8607237 9312232
8303578 7440232 8856113 2363976 9800963 8774259
3510224 5252429 8221725 3398549 3688628 6926514
7043140 2386425 1839478 2957744 3664206 6853623
9234883 5701418 8615326 3682195 3800544 2565406
3207638 1815553 2989661 6321921 272897 1721595
4139723 6646436 9164846 2417052 3399624 851174
5415472 9862587 2992663 858261 2680962 9815403
4607845 7089267 5003968 3928819 9313183 9282950
3936889 6835126 3461376 5062325 3383814 4418242
4488495 6609476 6298909 3739669 3509859 113288
9242639 200534 9723054 5334502 5829685 2008929
6361888 4896863 980609 681235 8353840 6039706
2682202 9674965 7277472 9753234 2459687 3302936
9257741 8222867 2395737 7326004 7404915 5266540
3857616 3703505 6160224 173287 100488 1867466
2845807 3823734 5919257 4735094 1583617 7952063
8611460 7164461 1301073 5550133 3670552 7498047
1151458 8353734 3508610 2208591 4502550 4979476
9070565 7269756 1202432 2093019 9673349 8336276
5063004 3546843 2723616 2542313 4820525 3639476
1960471 2182557 9844534 8862442 5040519 7546472
6760012 7254131 1568266 4189270 6051555 4339996
5325690 4293382 9855715 1344836 899974 9741496
2099424 6612794 9771882 9591494 9052255 5166811
4856716 9107040 4208335 6314999 2081416 2951072
2752240 4729811 8876625 407890 4829305 3505422
1217368 1419164 6862623 8098139 5644354 1448868
1577060 1716776 5680909 2089594 4559275 1374275
6408764 7068099 4798725 4416559 914881 6498329
6173998 8343730 3168204 7754197 5686491 814754
1310634 6939945 4108871 7722624 6524542 4932353
8842031 9777287 9899348 6631347 6663244 422488
9983456 1329228 5669816 417540 4356650 2673283
5331296 1135970 9882914 8738017 6699432 3497672
5079190 3229455 2274410 7467598 4813366 6044852
4735876 3980928 6688613 8599385 3456585 7757146
8223240 7541760 5590086 3407236 5032529 3254735
4186984 2534942 4923826 1433229 2086581 7118134
7577957 3177429 3731606 9333136 4819335 4868146
5069384 2777777 1073495 8760033 5637200 3601471
6952369 8481679 1742634 6892459 1867627 4250706
3032523 4279834 9621038 4481225 2128532 5284909
8619179 8006937 4766056 5538245 155480 4601211
8723104 4257128 4909339 1014760 409211 6743320
200092 4677388 1843500 928755 5749440 5804484
7736196 2076056 5106811 7617091 3960762 971033
4387827 13755 7097712 6422027 6185273 2924400
6191541 1280433 5885706 5085121 5151108 8370481
6075886 2522277 616081 2056281 9086664 4092740
1321447 7626067 3257871 8297737 2044168 428495
1093994 8889558 3341037 3010755 4666614 3474352
4334311 2933728 7410863 833678 6520039 4096032
4644296 9710683 3015518 3562426 7653755 6641211
3547669 9111010 6845254 4395505 2245995 1017855
8864559 6212260 5640308 7412971 9892408 4274020
5384447 4507339 7164132 3927536 1059367 3630286
7935167 2724413 4469368 591794 9456873 8534189
6910757 1925371 7953643 2416388 1532240 7867363
943472 9061569 4600656 648024 3409087 3444276
5585006 283895 7652122 1991377 3843793 7572783
9887493 1375123 1577039 1785801 2892833 8283135
724402 1766342 4715025 5032830 3526248 9163068
6012100 1641791 9187740 5883726 3558813 5114663
1394703 5338854 3765549 685752 6718598 1177842
2669410 9393675 5196315 2264589 7353516 1879262
6358089 3815210 5035092 1760015 5440956 4381505
401767 7504852 7044833 5777616 487835 7249993
3655980 8188274 551402 6245317 1232353 9155971
8018779 1183 1111862 4734120 1897214 7359723
7379657 2719720 3307639 211947 9262700 5583061
1286295 9559724 3845470 434486 3700138 4384093
1530967 8643785 4194775 4089096 6631732 6745741
1763865 8642251 6602017 7772145 6242074 2619997
9801047 1428421 967261 5268026 9645136 9065337
8117789 4723812 4093820 6548693 3522460 1081001
4648328 7658857 9391115 9168344 1381954 6855343
3124017 5269688 8109082 2020499 7997385 1593282
3758764 6028487 2024947 1989808 1620504 6957200
2297486 3070223 5916351 6324123 3836495 8605242
7787092 7519194 5090692 8236659 8926465 9582819
2595125 896392 5454991 2519544 1186396 662761
6897105 7853012 1172133 3426428 3202292 1873203
6186537 1532726 7099077 4434266 2621174 2887570
9239085 836782 3383254 1838723 5542049 6979483
1600030 4801103 6434556 707784 9285829 2258723
3230881 8344396 3698043 664582 3718742 6791625
8093593 2728402 5042360 649830 1772122 6257572
4161282 4289481 3795896 9840607 8321187 5682530
1993404 635200 2402350 9812227 4896704 8726383
8342164 7027255 5059657 427427 203354 2266343
428497 348243 4849123 6659683 8531802 1877432
6090821 5942774 4025736 7310806 1294348 9895906
3765593 5336112 2953935 7873325 3505233 4241219
1092477 5959761 1612228 3582705 1796569 4974990
4522519 7535483 5832496 8518700 8535132 8530766
4411403 183000 9756691 9460020 2801182 921808
399684 3668427 6310139 3611285 4772387 3328970
9391149 5081225 9035881 9855938 1293948 938135
543111 6035030 6459856 6308855 677946 6551255
7775443 5296151 3880101 604444 4616726 8862567
8930130 4689158 4408924 61042 9743214 3173060
7876409 2962924 4900651 7066900 1946491 9237951
8873197 5069389 7507980 7102717 4681056 8652648
6168632 1112850 9320910 1512874 3255349 6315953
9649907 9988938 1674801 4353109 7578720 2045367
6130750 4581217 7054552 5715200 6089239 730213
8653781 1312204 2288687 9799544 2698667 5564630
9030309 8033066 3661672 9719458 5979127 1822674
3929554 3023347 8261726 852170 3770498 7964839
3790131 6424504 5336292 9072884 6070351 4112212
7790174 9708378 4783865 1025817 9212950 1698068
4657151 4881812 527169 3085861 618144 916518
2427728 741507 8072425 2781406 5348902 4624646
51032 2491628 7334539 1060497 4822022 8082571
569260 4025382 8216147 6383283 3054349 3872805
9255452 8856707 7918294 9689340 9035760 4478134
4610766 7108079 3797137 2019639 9031759 838353
6410729 8751636 3311182 6817062 1541324 6160527
3810967 8340118 9731918 5278013 3283225 9362736
5835116 7646496 2021496 1151885 3538081 5796613
8241257 4037175 920134 5179096 5645311 8071393
1891490 4354034 7026749 4878668 7670222 1968028
4322794 4843570 8146066 3763473 4637914 9039585
4019512 1310143 3910035 9457583 9277808 2646236
1762423 3739235 2962457 2390928 9275833 5923627
9554146 9188973 2400191 1665479 5237305 2702899
1663277 168428 2864478 5647124 4213221 9917894
5147997 7749822 7347470 6117093 2114311 6123408
6588960 2951848 3449360 6387208 2476493 3255372
689838 4666444 9642652 2196503 4263200 7350860
9845918 1574667 1408374 5679247 1296046 2141183
5312773 8215414 2350595 5846780 7994055 2002030
3745722 1691638 8896870 7387468 925812 1558731
1426618 3710852 6253791 5876718 6182455 2682388
5495012 1764954 9581532 4529352 7509048 2447735
1792975 4998039 9791184 5121018 5930660 2159839
5773249 139203 4045194 887706 3766935 8161657
6785036 276999 4083702 1394731 7222824 97047
8762450 2113038 9810713 2657834 7902725 5997740
4312018 6037392 3310801 5592270 7076623 2303189
3777571 7423372 2395463 7524187 2388643 5718422
6684550 1884828 7619433 8649948 9321338 7423872
7737315 803958 9899347 6161395 6250886 1335297
9031818 1500183 8970292 819059 7805763 4628715
1794553 7161732 9816654 7841940 4214829 9789778
9641896 2238030 9221221 6995871 9049044 9507547
702794 6192102 9315258 2293011 9357643 2896225
9253287 8362211 9324389 3148302 5396171 4716677
5888652 9397550 8906127 9910748 1045422 4013030
2468902 3153010 8045986 9754975 2808822 214956
6955637 2017986 2860619 647034 3605480 8828786
7535954 6530974 476704 8878770 8947002 9151307
240863 4225692 2149972 3698594 2337488 9732932
1242586 8629058 794950 8327907 9395320 1915416
3481154 6668689 2807422 9425029 5874203 4634270
5376700 2367590 4832505 8362275 7391201 1803787
2111778 8205326 2342399 3068506 8747776 3099338
7734539 8461551 3064893 5092506 8457047 5356160
2342304 7663379 896492 2131161 8384813 8269299
2734354 5725299 2419444 7415451 7581239 1229489
247056 7821858 9806915 4482454 9879647 2815503
1760453 2550756 1328531 7058509 2403827 7237891
4619435 4412244 2093005 3234728 4708230 3667154
9060398 8002757 7382117 7742776 8898715 9839984
1743744 8888921 1601128 8589714 8391769 2164234
4431893 3569964 3769096 4797384 7950632 3247516
653039 7352642 1982724 6285673 6723382 1871784
1387741 2193352 5069976 5868957 2582461 2504897
4842109 3146725 6161842 4728708 4209566 1115659
6274765 6556689 7104354 2461207 1371869 6329482
1304965 3867703 3346961 3605511 5328490 5396505
1418433 6534130 6008629 6970148 8277388 7164486
1664241 7602454 8596109 7032115 4756863 73566
3625521 7902593 8808489 6171718 1307419 288542
510146 4665895 3671462 6469289 6113411 5729193
5107310 3912071 6598034 1720461 6656867 4050440
3008155 2209799 7977869 1862829 4984490 309217
2735312 5362676 5374562 1907119 7177590 2974606
3224866 3988469 4055022 4610329 5896501 7787743
8348070 4619549 8318622 7449986 1750940 1614202
7494869 6407123 1430055 3073741 6926330 3276995
1611775 6617622 919515 2088355 2274470 3332490
2198286 2135572 2863367 4625764 6065204 5859516
5700486 7062570 9259375 1938517 8901864 4890253
7853658 6163039 219728 3309947 6566588 7894982
2108946 424502 4076161 756862 7855862 8112161
8264029 4814108 7791830 5382366 7593856 4966887
9393969 1158162 521564 2611943 97154 7471319
1107724 5689314 3772232 8324597 3157667 2614567
6017225 2254349 9180640 2721582 3740654 2946879
6321098 6999814 7976322 286070 7271120 4295220
531114 4956221 7100714 9341939 3281941 6920606
7123827 2164824 6124704 1189297 9947564 4060348
2857637 4749588 3503294 8668542 4273258 4882618
1935841 5576345 1244648 5413734 9195225 6035065
8391083 5101119 7290183 8368850 8940127 1705845
7653304 8491388 2603472 461017 73859 6262522
4488953 4257335 4047392 4893139 8795703 3492722
5563665 965567 5558161 6800902 6582469 3541707
8706137 7666935 5128205 4422933 5088627 5073602
8363789 2901219 9033411 1748433 5723627 9985892
4231860 4723787 8253470 7961658 5062669 5611036
8629981 2673730 1563715 3800361 6558129 5168276
8091519 1256943 8438971 9931286 3365800 4761260
8702603 6134772 2945198 7601457 3822929 4295045
4740859 4452046 7316037 1997554 3173146 8154281
8070375 4438763 5731680 1834769 4864832 1310347
236043 3001761 8112752 4023099 1238501 32741
5860612 9210633 9287537 1065023 9480553 4322856
5175471 8113008 7961824 4116653 387489 5924402
2925698 5428439 8026166 1797686 3903122 9039597
6044823 5025074 9471238 8675401 8094095 288327
1490226 5944206 370493 5058549 1543016 1034303
7832870 1163938 4343859 7310877 8812977 7234670
1424321 4116613 2254847 945701 9580122 7279434
8685283 3532082 9417150 2197146 7240843 1977004
2078472 9977275 5199838 3762969 5491931 49381
1694649 4804421 5783927 6483512 1418595 9423876
7878993 315996 6444513 1659967 5922569 8996019
3437146 7153574 6305624 3997269 5011311 3286522
7195335 1420734 3260126 7491477 6685004 6162375
6762189 2407571 5396073 7525751 6716447 9070443
2534389 8096940 2782170 9627757 5380555 3295334
5141399 8364376 6989014 8252758 3004049 6096199
2165596 1326961 8540059 3033655 8909991 1315335
6319547 782148 1181096 8059180 4532619 2003825
996635 466924 2037596 1243460 5649995 9511950
573385 5983333 2506774 4877909 2906702 7143205
8538093 3416302 8170847 4998164 7334119 3155381
7021743 1413149 5680821 4456902 3672660 7334578
6464092 4572434 909416 615468 6786921 2982597
9889378 2255515 8247484 6225087 8518756 6168538
8846679 2088913 3022821 1023201 3918439 2863469
5176417 6091960 9020699 4654369 8345273 9910782
2089543 7064459 8104777 6694704 831776 9888620
7857367 9721075 9780301 7056904 4505142 8344554
7872200 1804167 5955252 891043 4771951 438438
9955248 8783214 2652527 8057987 6917228 4091124
6845524 3041056 2250737 8658652 5175009 122251
3959503 8595155 1701848 7862743 9337441 7637260
5583975 7331169 2583299 6799981 4815142 8511613
2014561 7840951 189733 5457677 3245890 9464117
7514822 1844907 9852708 670851 1808367 8003782
859733 9789264 7719036 2408273 538430 9543852
3507035 4203540 1879663 1681980 5731588 7768843
3435867 4513780 8590258 9069643 5333955 7217271
7358027 2238229 3716463 5486993 7484043 7134273
1839007 8836435 5203370 97478 7924176 646578
4341135 8462465 9762525 1968292 7757445 8133394
2327855 2996253 793064 2991715 4540374 8755417
9242170 4957064 4407287 1115106 7801672 7457070
4940345 1658712 3366941 351409 1278069 6968429
8176808 229927 1417755 2616850 9015634 2512022
3680855 5995455 582575 4885881 2687764 9724708
6634986 6497930 6202138 4925955 4131221 2992039
6726551 1526248 4399477 2129415 3511084 6771492
5144385 4425329 5952207 3927691 2538118 3123256
4395622 9286073 1221719 4153000 3264817 3368111
4227839 4240006 8369553 4392396 2637980 2249811
2928576 997951 8620045 1746003 7753272 4150141
1888188 1621379 343019 6122095 5269088 8047758
6286579 3613816 344066 7205690 3334077 9546911
8422448 1290550 1130309 4679248 4479311 7840731
1542795 5112963 1360384 2849593 8714493 8873630
9891862 886943 7198380 7207113 3834678 5813296
5484805 8130410 4577189 1087382 1862565 8953964
3820747 8136743 4944857 735017 9979351 4097234
4488836 7249660 3928664 9799138 6531744 151860
7024755 6542451 3064676 2938301 3956888 2031013
5113978 5643974 9564750 5249819 9633378 3064680
6495936 2910140 6262641 3872526 1901945 3524116
1555941 7197110 7025063 8351440 4661496 132355
1162367 6408451 3181267 5324986 1074155 644780
6295491 1243696 3566936 5360553 5013765 4605753
1137487 1217784 4382087 1058863 205690 3716158
9748163 6808786 9027134 6779495 6587430 4589929
1056007 1431152 4790156 8277632 1211741 9826699
7436305 5633000 3574805 5207842 6332548 5897425
2725985 8661167 2339553 130198 2685548 7740103
9985330 4330521 3916570 2927996 9738191 1856343
983444 5876786 7972587 7767474 7528471 7865079
7389861 1756513 7575424 2042630 1587558 5996041
2954952 2303141 9203634 9042366 9679082 4219499
2744812 5393523 6596328 3515093 1004541 1411825
6622262 1984719 729689 6404667 808032 4576624
5994546 5387719 8547500 7446590 862041 7998262
1411851 8309457 2390840 5981509 4825986 4038311
2180419 9428039 3054558 9816774 8180548 843669
1110455 1183437 8947914 7282116 3953602 2278988
8049204 2667363 2855690 7659931 2451203 7660343
248709 7410951 8440770 3192580 3865395 1953040
9494793 4388788 4562248 2871046 7486333 4982340
8957544 5310391 6337470 1898874 4170527 8970184
8899187 2935808 6755763 425642 9009533 6214986
5168134 5509319 7456155 7239985 260643 6816111
1948771 7213764 831819 7271618 5674182 3635371
2402006 8898883 901851 7686226 6378075 2937204
2722869 3934240 8454831 4745191 1829691 1499356
5579069 1112462 9637804 2341278 3083455 6960140
2811115 8216576 2882655 5582095 8280811 4444754
287023 2732666 2403070 8707682 605158 4368613
2124708 8059025 5086572 5072593 44143 3172676
6233691 5175433 2441741 9711664 4736924 9582726
3073366 6959575 6805438 4778583 9854135 2695469
5572334 8165611 7128401 7117112 187921 2096833
7623531 4659944 2032077 9046849 8177846 4861900
2427493 4075165 5894544 8146586 4569766 7848101
4469029 9653333 5042384 7091435 4520504 5094123
5443904 5170383 3353333 8613294 694538 6535001
7662530 8561469 8738687 1652462 334945 6393895
5480904 8920777 1484733 9116044 9696016 627538
3018548 6129846 8200622 2480940 6894631 8249261
3861699 4821442 842780 6850308 7457181 9328215
7177060 9845909 8593552 8913437 2030083 3655223
470558 501154 5504168 213596 9722836 3821922
2362621 6859490 9309263 7251099 1081394 5146382
1382702 9577698 2794917 2179425 962358 8300720
1376689 9751710 798028 3916360 6926037 1154336
4014614 794619 619556 7650874 7195982 5730866
3050735 8772357 6451503 4950397 3232230 649868
9237606 4878164 7287156 4023280 6408562 1566451
267924 1782063 2158324 1974427 6843910 5813715
3870443 5709920 6049795 4101284 3442731 2713670
9864155 5796928 6345327 7197198 6830587 5653199
8543642 3038869 5684575 486826 2082023 5876216
5882515 5894333 2556283 6644467 8381034 7370021
4546304 7917761 2002411 1620883 9435235 6025329
5653406 5946470 1397309 8912745 6563066 8833398
880057 3951959 1527240 6086221 1423450 5717295
999851 9004549 6693156 8568911 8644666 7214547
6100384 2691195 7226786 7915469 9067744 2380407
6319683 3713070 7228666 4737690 7558265 3963042
9822713 6267369 6611682 2542764 9925433 8363470
2665545 8390573 8167137 136486 6173535 5341068
52079 6195025 8448869 7972630 7204535 9428296
5369922 4916334 3981521 4016910 357441 694527
1353845 3155387 9369710 1087401 7626668 857654
5549130 8442022 7751069 1461574 9964165 3064160
4148496 209147 8790083 9175571 5000793 300587
9588185 8911740 4591212 741250 8629752 3671034
2544595 5819936 959598 799639 5834823 3194009
2590125 7959830 4192184 9610735 8066078 8751951
1754935 3117256 9641690 3813689 2741427 6403279
341505 7906673 9922395 2673984 1684549 633503
9117607 4008882 2342582 4221999 5708498 2383412
6276619 7889156 9586100 6432218 7867444 4553060
4886267 7564169 4760683 6281144 1823495 1376055
4757078 2587716 449669 3473711 3122962 6200619
3349852 8139063 7884152 3021846 5500827 7404430
2867610 3632927 5569152 2516158 6539432 3502442
4002082 4117322 3036772 6709211 4683561 1561991
4990495 9328329 7358262 8602844 6986456 3453613
5803676 8771663 3055493 1569069 4877255 1839253
9922630 4836735 3677223 978291 3990878 9995558
7683224 3384062 4706890 5440830 2029132 6626843
7896752 7567444 369063 865202 2349665 2621619
2200360 3031621 2652811 6783406 8720716 8323660
1021095 9294306 4806047 5181163 4014196 1786537
4938184 2901446 4562049 9185550 2047031 7214317
1726064 9227420 2703857 1541669 2459742 2183132
153920 6125917 6671177 3863481 6341738 599505
4992292 289512 946130 9440550 6580420 1898378
7319371 1106013 5792052 5138990 4494367 6685006
5072392 8498368 790321 4115923 9976016 7990223
3398544 5790257 4808147 4153687 4926961 4382026
2757321 5516731 4571449 8388377 2954189 3325136
6007191 1187667 627731 6372748 4540050 1219160
2095829 7116567 5256783 5067884 7442913 4757291
3986667 5577086 4432387 4495011 4942628 642816
2890312 5316214 2321790 895353 6065833 8284723
2953051 215035 4172001 11216 5379904 7514550
3520975 2654682 4716173 8565961 3794714 2550962
2049745 2100374 921087 2550251 9342316 4507490
7293777 5737594 1656787 7146094 6037898 8134437
4346568 49285 940142 7717670 5823444 3491275
6638307 5963366 1554511 3661550 3525234 3376166
3873527 824502 3227694 6765460 5785264 5242057
1640709 699295 787959 1941235 492812 2322053
9297752 2741935 9099061 1720137 8508461 7770717
2526469 2210667 9191394 651661 2279418 4221436
1289339 9697477 3739891 3608736 3244370 7607156
9922726 6829639 8697280 8720681 2861237 996819
533353 7231893 7928785 5581787 979476 5844588
2256024 4901211 9360388 6763240 782891 4843309
8007345 8385648 5928360 641010 5363663 3295782
2633775 7053851 5702551 508308 4621305 1241991
4771970 8150129 2519556 5091291 9074765 3798915
4380625 7305772 9039221 8138718 8919734 2108907
5786114 6032185 2751501 3577035 8988370 5326600
5113972 8863217 1193290 7248978 7470067 897981
7840227 7994588 5490172 174303 4358316 1689455
1420576 1878536 4657135 3066213 975755 9664198
734603 2966862 381330 7852860 6838238 108043
5774881 7818617 8178048 6181551 8657529 6607686
507358 3956907 9930634 9931215 461293 8097153
5765187 3659923 2322588 8774995 8655670 2598623
4603130 7578664 8384857 8584962 1107654 2681816
1773110 5870958 2800773 8734225 158737 5509600
4915232 7951922 8626885 2058009 1033811 2500217
9539640 5346923 976641 9470456 8966835 2234873
216889 9678122 9922262 1645309 2366170 3198714
5497096 8290838 4216697 8562625 8672722 8834125
2317066 7628416 9554081 2736970 2115720 4882431
2748463 2614434 7463045 5025129 9778795 215318
8907000 4096952 9399023 7812270 5227151 1345512
8311656 8237945 8140715 9992374 6415127 1343334
8382683 3455109 2981604 7322471 419662 5871435
2090444 9354539 3560009 7884323 7903547 5250958
3284141 1528977 294528 204083 8210337 3218692
9840957 9601078 9119817 1240645 6095358 9726292
9181608 1587575 9026697 2260581 345117 2807834
4142116 8812654 283758 6814361 9517327 2487177
7595324 1728533 5437947 6865059 2869380 8229016
7041974 9086517 2932190 5988336 6950020 7415925
9335162 563015 5152109 465943 1547818 1712517
5710301 5195805 4943209 5292349 398856 1550199
7245566 5839880 6615613 1980239 4901744 1949614
8868550 4941070 5690290 7256599 2920460 3110331
2730664 5593286 3809778 7698069 353278 1705685
8852809 7383478 70895 8266899 385172 3774520
7389415 6686509 7892099 8051018 7257765 4440893
6686459 2461056 7987626 1662339 119089 5799149
1478805 5568653 1636166 4356267 9575091 278455
5971632 5828756 5437306 9979968 1226878 5668032
1521446 2581310 3381462 2088231 4891008 7450482
2045241 3845877 5447854 2141673 292845 3719632
3616760 8698072 2414606 3615521 1525562 3475170
4594374 2870324 3449816 8538768 1722042 5801219
8335147 132165 1251446 7849762 720436 6165672
6250252 6050760 7140860 4489534 5474721 7187631
3776962 7121570 2106765 3004869 1218313 9877494
5489775 744749 9711052 3555669 3976306 8186754
3735925 6990186 8826142 5325270 4187106 6848886
5605804 5188309 1055726 4066673 7839385 8454699
6724097 1137273 7383692 3134266 9862992 4180132
7916824 8768375 847440 6710437 4456078 7829455
4618295 4557654 3252506 241755 2388996 6219618
6875216 5661393 6852263 1325202 6062376 7867013
8046000 6710028 7659573 9034507 2076142 9184092
7311129 8401315 8476598 2927672 4716060 6420046
290839 1188320 854541 5535669 9725028 3549044
3140130 721451 4113071 7636887 6357704 9645831
746091 8946432 1102563 821798 266158 2394001
9709650 39211 4449018 6144032 673895 4433315
2805513 7883507 7323001 7691192 5641553 4355543
4072179 5238578 7402881 6331779 3243106 1504264
9077451 819243 7567128 9885351 4280755 266335
2172641 6312205 5298474 6274150 5861292 7821929
6542987 3952334 6718853 3189917 9791597 743646
2947301 6705108 5698196 6647791 5023302 2401315
2834912 6230324 6547784 5938293 6646785 536991
7469692 1894997 8118160 9366101 8394708 4921496
7592629 3632827 1279321 2841182 9540572 4673309
4854519 1876680 4994118 2304249 6600888 8080716
678493 3720354 504295 6316800 7695578 2314993
9790216 1979594 4966720 2566619 2536960 9947301
9758008 9860348 2684046 5419861 709695 4630282
7900916 4877581 7488398 3297582 9322223 614045
5929122 4702089 4428840 780649 8121876 8217757
5300916 3510397 4384181 9934185 2633132 2213822
1035565 9627398 9453660 7778873 6150258 4661320
9666765 742707 741684 6931461 6206259 1086755
238023 6446538 7336037 6189814 2457935 450602
9940842 4456164 6848880 8789928 2019220 3871480
5653769 9556644 8454520 7528717 5219891 9135298
8136859 9132073 44060 9807341 3930408 1699995
7036369 5205015 4557910 9810189 9894150 653716
6616503 5955588 9656988 4307848 4489871 8268316
2040922 8767507 4631619 5253115 5562837 5473093
1488189 5909126 6473549 4088795 9623694 9300706
4814010 8963061 3885745 4821711 7540082 9021661
9061546 4107696 7891868 2107208 6427722 804483
3422325 8800640 4354820 4407099 8343376 6031167
1159030 924323 3009057 1086421 1660750 7169197
269875 317096 8102965 2187191 5130768 594120
31560 3903396 558849 9229166 1205109 744370
2220996 6381618 5094113 4735930 458563 4794536
7753063 4861799 7754577 7746875 2811271 1981857
695583 1554594 6536516 4051319 2668714 3841693
9457939 6993211 1200437 4040605 2231498 7259883
649209 3546615 5451380 9644369 5678068 2809135
132003 9270672 5231133 3417829 3015548 480835
4141125 5511882 3705917 4658442 3981691 2271578
965069 5292845 4432209 9876323 3245749 8433265
5500077 3777035 1516463 6181089 3021184 1233354
9756576 3619668 574973 5123962 8959863 5524822
5692507 6944490 7327450 73231 6409439 7097227
2684542 9103154 7413520 1329455 612204 4623489
9084779 8062637 116932 5525038 7004319 262703
9305963 7485768 4865881 5335608 1305666 8157953
6899432 5539093 9577900 8828289 7858556 5543692
8215454 1270976 7559345 8266762 3274623 3138424
6841927 9705830 3618048 8112481 8621392 4113964
3277591 954075 9697366 4216634 1982672 4231107
3539622 4939963 2394713 4914024 376616 836599
8474399 993321 9877526 3125078 3511083 1181639
9796048 3538650 6679302 7331339 1564817 7756545
2538725 1910663 1478226 9648669 1066069 5746692
2006293 8292120 4161369 2708895 8852665 1134645
4449544 7836524 5601204 6526299 4894427 101912
1746881 3176007 6883550 8250940 7508855 2913024
268188 4517951 284572 9028122 9040024 7834876
6771255 9360589 1287245 1979909 3560033 6076566
9900386 7550529 9206242 2814681 7380544 3487712
8401451 8333803 4484161 8981532 6492093 3686804
1262900 7642374 1522292 485935 2389681 3516993
209363 8738761 8726136 1998457 1655947 6093458
615062 625422 7099800 3144015 9232619 4632172
8591943 5132178 1119206 7058496 8578309 8333303
3800692 9111123 3740461 2661346 1577292 7031716
7533860 6628179 3581790 5839956 131894 3251738
4849624 6973970 9403131 8772450 1099824 4364256
7334970 9541869 2940773 3120504 7493019 8968098
7837904 3037249 2588590 8234118 1411645 8650778
9752918 3501305 7758496 5584535 8078929 3118036
8129458 6047543 5248008 3269463 9872312 5881728
5118305 1918061 8977087 5328001 4654108 8488922
6292904 2305549 8730820 3904836 8440640 8537888
573494 7233577 3703851 7470863 7608247 528097
1918692 7969654 5052982 6130862 7630459 520405
5915301 9114444 561005 919755 4825427 2090311
7598179 2298157 80128 8952786 1175714 896087
684198 623337 4902056 508126 4074694 1552354
3829196 8826448 7166459 4751163 1951488 3520703
2921862 5215013 1206469 8342810 2405465 1153209
4496405 9620781 6297785 2800806 9505855 8458920
1563200 5139446 2667928 1045798 4377798 9728252
2405527 9307194 7069150 9977711 2988956 6756874
8846953 9243796 719461 647652 8901084 7109261
335529 5983907 6670297 4117153 3117569 5277171
3989135 9707997 888069 6967678 1780865 1221084
4384684 8239666 8286552 7316723 1432448 3397501
9979845 2383196 8634803 1267479 9333382 6508141
4663245 5309386 5674854 1631822 6480043 9353599
1936741 500036 2560452 4908220 6911488 9749454
9665543 4797816 2234980 2073694 5427864 1428296
3234215 7640079 8350359 1097991 4703850 8309262
1302999 6128632 716542 6378296 4012199 7910544
2024456 7815603 6637891 6346865 9996292 3289326
6991859 9362018 6675228 103569 9589720 5796073
1311545 2720288 2302249 1490236 1705226 2245756
9505210 9046296 3088084 7776743 4691593 2480726
6844355 9298398 9890160 1604648 8525186 3004150
3451526 8819428 7928138 6560629 246971 3732874
7635092 4627752 9061184 3065039 745566 8486879
8651599 6295485 855138 7815034 8905574 4900363
2448504 657748 4205082 8194573 9875111 3519921
4436010 8569210 7318880 5784515 7487147 2175557
9203087 4490011 6259464 448072 7082474 4560758
4914268 99716 2907034 5058249 4039924 9413149
3994495 1580559 3264928 1330711 8709463 7410690
2069393 2812184 6199490 2107434 9301142 1676765
8986044 7341346 4619894 4818213 973820 7828589
934589 7074970 973468 6243169 9934685 2557772
4214836 5407407 770709 9992841 2187986 6805235
9029871 2455759 6560745 118146 3131364 677095
3636269 9506319 7864018 5986288 16105 1990240
3581264 1277741 9630241 8095701 6997993 7701606
7177327 1030532 7178399 3689845 5478440 3023269
5492701 8422609 652346 8660421 4007300 3039033
3254077 3205067 1042057 2608250 993853 1228296
3900772 6250598 4234271 6693195 6752524 2801993
4275284 1759060 5183087 2221747 6913260 416995
1559393 6582753 8464718 6810661 1434426 8309062
9435030 9416420 9957360 1545504 1791333 1283365
9351868 9331722 9622020 5073410 8219747 6399791
7158681 6168962 729084 6976851 9524969 3603794
1987979 7392799 6258948 7848475 9561672 1599108
1731218 6608241 6567814 5023162 8854219 8865013
1103343 4798016 2079293 9205656 5889478 9234524
7591512 3721287 1262786 1430481 8294056 2491400
5358468 9892822 5645858 6242537 9172736 2017223
133694 4110178 2780699 8441633 8008915 9832614
8419505 9982864 9552241 2022454 6443119 6417057
3609210 4973521 1759587 3381314 2140000 7633939
4973763 285124 9479412 2380376 9837767 8498777
1581528 4313160 5826565 3274474 4556263 6813673
680079 2157182 8096732 4653694 1627176 5683931
7942181 5898845 9522314 3931257 470794 9665559
4061086 3803780 7187642 7998742 187129 3860341
7244238 9143073 6136457 7067408 3846975 7432316
2179744 8534153 1004672 694469 3849494 5674994
2029940 8486947 266085 7284540 7595297 8920961
5585979 20046 1228390 9673385 5617491 7920266
6970386 2267274 3908920 3539048 3168374 3547549
3905446 1026006 3666201 2547581 1546803 5023369
9828525 6318384 6746187 5020083 8790931 8077578
4489252 8170223 5441892 9511404 5910341 1538399
5001536 5830142 3502580 412587 1680571 9430356
4448662 4034254 5447198 6592393 2869242 847222
7706100 1516613 7841308 7240322 581054 7015621
2337805 1617931 1488021 649601 8869977 5845990
1216901 4398504 5795758 7228174 9436421 9905309
1881625 8995954 9810791 5810388 497456 532699
3973743 7359412 8593050 1921530 6070305 2078383
911223 9131362 2393780 3619556 2869580 7675045
1003580 8628167 9820639 6877933 1526845 589238
6780416 4135264 424197 8560586 5545297 7013222
7016261 6978931 5621916 6812968 6628375 3559572
1218973 5766639 905233 1758983 9639968 3521584
4238313 2317302 1138460 2821136 481661 1620354
5317477 7817526 5906379 9805920 9746005 4774989
1168211 97621 5672267 6625124 7344203 5921024
9529575 9954493 8689229 5712045 7213775 2287572
7754599 8694533 9031607 4863601 6956688 4932811
6433349 7052235 5509218 8427839 2741504 215948
7312925 7307104 279596 5676928 9985237 9457793
6018808 2545636 3480128 873509 889079 4928840
2308274 2822381 422244 7585129 4304214 1212240
8596074 3940023 9683116 5141796 1908098 9903326
9530293 743897 8146320 6203334 3606986 2910076
9549271 3879113 6815461 1930712 7576823 1529059
1179999 5796529 5771825 6003164 545236 5871197
8355449 8037395 5299462 7666181 9263186 1328388
4355319 7861482 9806255 5863520 3780605 2891379
3331090 5739772 6426732 787459 228497 6595356
8682653 8566426 8187163 1539020 8690410 1850672
4085286 5715238 3415927 5733551 367324 635171
695524 5474515 174656 1352753 2762262 4982166
5139028 626152 6673534 7502533 5167582 4655328
5475511 2057930 7556894 9851337 2284706 8603194
6083753 5996159 6419493 7818912 7163805 5322381
1895476 7454908 2555633 4384225 1356610 6552945
3964561 6113775 1359580 4635931 7814845 4464780
4775828 9370475 8613686 4449924 8075439 2359801
4684763 9165507 7666774 233747 638608 9264987
1382648 119478 3111066 2016981 4595081 3836569
8453658 1730978 3870936 5634250 4745643 7263034
3306696 7412441 6492298 4581787 7964826 153436
1123661 34394 504432 2518362 71480 4460652
8703128 6788103 8474772 1055201 5281197 5561665
2544523 8487813 8243070 9327969 3816901 4966827
9717027 1927204 1119063 4177783 6427188 2401839
9683484 7720948 7367684 7662935 7989738 7872775
4241934 1042602 4957473 5732833 2305894 1854319
946252 5329871 598630 7385220 8999728 9641337
1960271 2968145 1416397 2970641 4896538 6531434
9553248 3267076 4705644 104924 9963830 6118952
7819498 5399972 8129866 7278135 40930 7291146
1550241 2062185 4112852 1062086 1139581 9128345
2820173 2580024 2017045 9877607 1333962 8432615
5375126 2333745 942338 5709784 7636515 4972923
2607987 7556804 129634 2792193 5357950 9803302
6552320 3317806 2684362 9634429 4315365 3864982
291338 3013688 5887083 4980201 5384907 8318435
5805144 5742101 4016691 1603408 2278128 3863909
5474286 4269776 5334548 814399 3988007 8629080
7819219 3822947 6475434 8641544 3563876 3439100
3145805 1037961 3460015 6160634 4150406 6843363
9192964 5124242 1067803 7760232 4482903 7156379
8668446 4379011 1556283 17178 4908055 8579722
3142003 7338900 3055378 8200358 9108912 1216289
9789109 452787 2798889 3893802 5304901 8905014
3545293 8342725 7894098 8158667 837743 8400040
4858206 6001229 8568390 768546 2487093 9614409
6147751 7732906 9680850 6584829 9375363 7963786
5052909 6659801 5841507 1667971 7106016 7180232
8555869 318441 6422930 6308361 630421 3903935
435208 7099623 6470795 2833034 1505984 275096
7924317 2874582 2765349 6960185 5255782 8300361
7234732 7037885 5265104 661324 587954 5790309
136135 4022851 243360 539916 9603498 272666
9036897 4887599 5644073 836860 9502313 2922123
6885046 4717316 3484278 2173726 70223 3569715
2174918 6336201 4405711 471378 7255980 6782326
3401236 2093577 4054958 5313868 8663399 3946935
9782591 6556373 9512194 3998344 1384358 3770138
4085909 6250114 461472 4769188 62965 5319817
6201800 6502841 9570857 2931243 9404719 4894308
2384960 2635607 9922594 5158001 5911842 4583383
4409427 6227907 5116748 8398453 1974066 5851704
4800346 9863953 9578891 8880635 3662368 8641562
9295354 8587527 7643007 4121775 6957997 5267779
1339495 268383 3730221 223826 9481763 8793981
5957050 3984034 5799413 6863150 5570178 6507937
1483074 104464 6283349 4574757 8532995 7136356
8671232 5606531 4929034 6266992 1856041 6096618
2307087 4400780 8107400 2020669 9142293 3730324
6266495 4228660 2423670 5468013 2332976 3380558
4731780 2571754 9808525 5642022 7938191 3922910
711221 968430 8498739 9961407 8319865 468796
9276961 8553897 5223261 4789852 474009 807251
2141088 5936885 681129 8892798 9506515 2038585
2894415 9893654 2348758 2159052 6862198 4355381
2764584 3003414 9703030 3163270 189122 9689758
2208923 5544847 2945073 4596558 9427694 3755687
2214358 7872720 2814627 6355445 489894 4469176
8836144 4684249 1479169 94803 2523231 720834
3700179 4431866 4902596 3717853 3795920 7767715
242143 7807911 3836153 4083552 1804604 12191
3089023 750359 6405973 7862808 1159596 2640555
8077948 7837836 8694837 7099046 141703 1215945
2793169 3639158 5575668 4629867 3931558 4491601
4324339 9022823 8271367 4332705 5326167 3053459
6425211 6552333 8516276 5557384 6339377 2976902
1116170 6777752 5314980 310321 5021811 5317042
3026609 1636473 2974061 224987 6644203 5224622
95845 1294726 4919568 3105685 7457832 2912089
2663362 9994744 2116651 6310217 2663609 578792
1117982 8584085 6536964 776185 841416 1435778
2741923 590760 2503963 7433074 9774199 4418692
987040 9694724 817038 9485941 5209317 4120121
1921155 2507609 2732965 8092178 6008439 5555686
7359954 1025832 8424881 9332893 9610223 7582029
1286330 2436252 2611032 7311256 1673507 6352825
7554664 5794319 2952456 9914138 5516964 4220794
9954402 4715742 6260379 4937120 8118177 6213357
524989 3572981 4669440 3385203 7213428 3673223
1852472 3204251 3442107 5317259 4990552 5347969
8510072 8515790 9637340 8098722 9678200 4752598
3583345 6953707 2535478 1750528 8655866 7582735
1371593 4263163 528882 3354709 390545 518405
4925334 1891616 729570 7698145 7760396 7723298
1345250 6804007 7185060 8345240 2883732 9479494
5690226 3024993 4174413 3174472 738672 6569442
2134329 677972 5750105 9384414 8972835 8057269
9507098 4732757 5241331 9506913 2383621 1682907
6309633 4221925 1173424 572682 6853793 1264037
4534747 515923 1040123 801978 269136 4512834
164917 9118483 1671153 3133781 3668906 9533079
7277542 7740618 4332520 9489748 9251423 8642337
115628 6644908 9192724 5706946 5435915 777881
48005 5967105 705887 5844081 279141 2600592
7175410 4732312 9067549 3568719 127158 9573463
3975941 9338453 3988946 5764681 6664775 8371704
6771474 2365001 660690 2737723 704451 8536801
1415939 2396192 5285918 5691844 397051 4838077
1690129 9462689 3553009 5960767 5451217 2320836
1913955 3216782 5892986 4575927 2980660 3421178
9407124 4971273 6060477 2708038 3922990 8938833
6242251 6870726 3862181 5307 9232419 4982538
2092150 786970 2091829 7342871 8491577 9924841
3922076 5027688 1225307 6289840 4265624 1785980
5000696 5412153 1752370 7607278 9785830 4740272
1446348 4696045 8385981 8258213 974333 1246424
8038782 6748397 9462905 9700457 7729552 3534623
706140 6508447 7153489 7477991 6576937 9701184
2312186 2494867 3851624 7966970 6801375 5448883
2347820 1962260 5408833 127584 8449263 6794306
8188763 6024949 3839865 2869570 247067 4481927
2873617 6024523 6969583 3977830 3587231 3244632
7588751 9920009 4693812 748307 4446633 6354621
4180779 7535439 7964956 7023523 6860630 7750452
3311364 1058753 2208841 1389750 6413807 1020047
1192991 1433348 7558535 8680613 8019979 6432597
876020 8987043 2657366 7517898 4585522 846390
2397242 1111728 3270598 4666858 3468833 5676495
2603974 8665238 5490290 2380067 1959559 1850915
4154978 2685905 4465629 2097724 723245 2054181
6646697 712558 7868136 7276858 5249509 8665941
3251595 1580394 3821737 7230125 8791903 2576836
9645899 1150073 7419533 9192125 8607991 8080584
7742314 8530781 5589435 8220474 8589768 2093861
77547 1111038 3895856 6297359 5971033 8627225
2722293 8156664 8333188 6308369 4397459 7183898
3571200 7816666 7516160 6044966 6959511 8548108
3561375 4231425 4885858 9742876 2493513 6217793
1535643 6912002 5200899 7170319 9008598 4085747
1820674 5776076 7649623 6985623 6923582 549417
2448339 4063306 9550820 7968279 7952971 1632200
844295 959382 747578 610256 5190797 6878020
1992556 1690535 1527322 3346356 237019 3479754
3225229 5940304 998733 3963780 6128865 424466
7423342 3752977 8348847 6188194 9951786 3574133
2242906 1060981 314045 5041975 5846354 8155679
3812003 879463 9079340 5371128 2409802 415584
6996401 2255342 7426783 9301741 4453412 5846469
1536922 2010050 841723 7941633 9995467 3137983
6467535 9120575 3086078 5607271 8684105 5889680
7820353 6247076 5294074 2989004 7533925 881062
4498783 5926838 2055228 4756419 3030386 9569896
3823789 8959207 3816299 7438193 5924838 6779896
3662219 1302052 4386149 6025522 908462 4515699
523660 5466743 3001308 495684 5072516 2536156
9632423 802089 8308552 374413 7509244 4563204
7788899 6021989 197632 5578579 5460931 9703040
704027 2251704 7633978 9466433 9811330 1584817
7452496 3245191 501165 3074821 7109169 1880372
4608574 9443373 9323915 3044727 6277793 2603804
9926836 8885014 3217842 7004423 5628848 5131897
8707690 1369086 9092787 202642 9541600 2207140
6504166 8541275 5926182 9564257 5141437 5751475
762770 644191 526848 4214299 9647768 5019207
7575948 4297233 2407788 485064 6119686 6028151
6395302 6134523 208253 8371930 1108882 4553068
158979 4953385 7676087 4590143 9560495 8277863
1561662 500407 8041364 4084902 5715873 8073330
1567615 7517175 9659146 5784224 4786917 8935458
4612596 8543519 9832970 1899478 5917605 1551599
5507700 2348151 2127199 6133243 4280937 1951049
8773345 431266 7100527 8149324 9067554 4315782
2539069 5484983 9816577 9650630 2645716 4478037
4398520 8730521 3688184 4834247 2085892 9837707
4375344 3683435 9577080 4198520 6988893 9884591
8320408 1119402 487055 882787 4585661 71704
644591 2676816 9394917 8994213 7015982 4296365
6319763 6959127 7436391 84405 2909205 2937180
123067 4369883 1807916 810420 5289736 5633133
3728167 2418736 3430011 7978142 5032593 2287313
9766102 5472959 82548 4350726 6876252 4949604
5024258 309968 731397 3727613 3933655 8976529
21097 9173854 3261965 6385185 8991920 1712849
7548538 5732868 8617550 7259371 9649936 2485664
9414487 9326454 916652 7328971 5623360 9432026
7381034 3246792 4506402 9727764 926413 1674783
9354146 2439738 1531359 2734122 6511196 984773
1150328 704971 3513026 6518146 2315240 1992159
1085516 1485731 6545261 9256085 5563852 1543492
2855143 7771196 5064293 2692449 2494277 9225950
1589037 5795902 8957034 3622532 5144835 5898690
3689349 4136499 4158303 9595466 9362373 9804946
9532010 5087126 4367264 9120247 9408408 6351271
6713016 41863 3489388 5625415 274041 6325728
5554492 1411486 6148327 4425918 4473538 5569037
2773958 4574133 8146986 3360303 4107659 2434960
8069150 1371894 1114081 9433940 8128638 6196581
5430693 1158298 3294261 4500658 7277583 5305630
8315967 4380276 4395865 6715595 8617481 4700351
9035087 8273188 6112082 266457 3619648 4619103
797683 5642903 3767124 7362378 7595037 3458740
7874092 7419708 9765182 7279419 2024518 66728
3193995 9121830 9152789 1748593 8991168 6365740
4613487 1414094 7352142 6937677 2087814 966906
2294496 6006981 4931800 16682 5040930 7083773
6968751 9349094 6541663 3539775 4456330 4755946
9128725 1453215 3182941 2883726 7285682 1418801
3012934 8245645 5394953 9440584 8534565 2859881
5421627 532981 5733316 8541904 7517718 8917262
6557525 3715561 6598681 9017677 5470704 4204685
3542680 5090683 4092694 7214100 4370227 6765401
6471650 9093315 1408673 3393679 1434103 8965238
4848347 899148 3236082 7804038 3365072 8736600
8317574 2541635 3466496 2531168 1168806 7723730
1827119 6298036 5122406 4972141 6812731 3577621
9042453 6827330 9975070 6597896 1122266 9472846
7087002 4100349 3369143 1876377 167619 1589025
8413088 4419154 9818677 7758598 9289493 2672930
2138258 6914555 593856 5348622 6938157 3647
7669526 5204368 6764982 9384030 8875258 8701507
2856541 8271654 6423887 1871863 9812043 3627136
5527325 7750698 7949418 7015322 5266425 494420
1090729 4462332 501988 9980597 4550141 6799993
5821172 6774729 7219264 6374674 9206043 595114
6179123 970145 9759358 3131805 9013490 410567
5395381 3614495 6885579 3672449 3906613 4445487
1839666 3892760 4649904 7069973 8713827 5800466
3707192 9028006 9481536 6983849 6976598 2029264
9817215 2008620 5190764 4827359 1539068 2356595
1252965 6507074 1382920 7937548 910192 7372806
1857351 5407427 1014803 5279947 8601821 3020349
8513362 2016783 8846976 2957653 8195233 7084744
5887570 3632212 666788 4185441 1847789 6692556
5600434 8883432 6803955 8023589 1116835 163099
7772291 3888402 8876697 8827654 6928253 4946731
3292732 4896288 1527981 3276096 741255 3529144
6469428 9550005 6015446 158855 4796280 1284836
1510679 2510745 9167580 3523712 6981486 1142705
2505207 1694157 6647495 6506477 836259 1318890
6162206 1332974 7072389 8392579 9337485 2234413
6800587 1513631 3637825 9740257 5018857 7307766
2699819 9505870 5626829 4464653 2416720 3132996
4646284 9731505 940583 6219114 2576084 8906960
5529346 7824575 2178638 7707718 1607105 1027411
9309017 3176463 434414 192398 559826 7394131
9861811 302214 4945958 5713521 529851 609269
3614331 4811001 9894666 7407541 1476789 1826998
992048 3159630 4209867 2435279 7841901 1339554
4738150 7380905 3298678 8281697 6891962 8535518
6972055 7696583 1781079 6886040 8591612 5353699
2979592 6375563 5880274 7326815 4395109 9446876
7382576 2828124 3574513 919294 4480345 5773346
1937243 43843 4521066 4970159 5035525 3496693
8239280 9274757 4184120 1302391 1097843 9409510
7225021 2951536 9730338 4282363 6551289 7951712
2925885 4942347 7173630 8557531 4734458 9714202
1653975 8317627 8200473 965218 5900029 8479231
7113432 5095736 1839922 8378287 1399919 6980758
8798852 3067437 4922041 1855477 3491993 1296911
9012759 4693458 5407432 5348578 295688 48531
4170196 3498765 6277565 3575203 25170 8221614
94343 8685368 13346 2025385 264582 747642
1102040 1135620 3470469 5028412 7532025 8413323
8008912 7218316 8322287 9696147 580569 3851906
4582658 3925444 3363230 2186402 6035762 4186252
8470515 7036529 5118382 6607212 3368208 7850204
968892 4452720 9519457 2545356 7341592 8740673
7198999 6642359 1421265 1371496 798860 8080414
2577747 4334544 7437135 8233941 1513127 8133362
9086760 906292 7129418 6465847 158831 2095796
1031382 2422030 925664 6209073 5848807 6054156
3530554 7441403 2476936 636812 6561465 7523499
6440711 7720708 4939227 6894038 5549919 5319302
7386440 8462945 7226741 4749515 4866357 3973673
4965087 9049609 2393640 6759125 182336 6218696
4386784 5349382 4151158 5298634 4316521 7276206
4113987 7424955 9167231 8000947 1404922 8990093
6090616 4221999 8336552 6509173 2714414 328170
3013900 5285696 9412532 6999222 4252335 2251961
3364722 1073619 8439063 4765198 160182 9734981
9911888 5247128 8392976 6352307 8282655 8208617
6285611 1445489 1681794 1399141 8166392 9215312
5674034 1591032 8335744 4292338 3238461 5341378
2065425 7934221 3041002 5186840 6678358 7948062
4117477 382798 4527963 2403044 3327512 2981852
8739526 3144179 1595033 4928714 2117245 4366033
7137179 492372 9825404 3488785 5002224 8605020
2301705 4486925 5258194 959132 4605425 3201666
3972005 8892504 3221104 1961012 8058911 8816559
349097 1463480 3069255 5343173 8372866 8135585
1634714 8688675 2221860 1994373 6739758 8864128
756575 9102983 8008012 7518316 7113728 8742969
7005465 4329442 8896274 2405289 1928280 145618
1610405 9101683 1856744 1212493 6965206 3454318
2219394 4560789 7303832 7116093 7943590 5833090
1050628 7641467 6001115 6611529 6462667 1291953
9600621 4485864 497353 6768042 475997 6493343
6731558 3510702 9874442 3661966 4687712 6068436
6947994 6125148 6756101 4362208 3629383 827996
9870069 955036 7614206 2224697 7618070 121482
2555617 6690526 9072263 5230630 2439336 5603189
9675314 5477846 8006147 9382884 5307176 9987545
2050575 9290705 1593669 8287400 312924 9149020
9415010 2363209 1553957 9642368 629786 6300600
2189762 4127877 7395380 4431870 2093954 1368467
6595674 9203621 9681358 965025 683745 5966897
6135706 8566967 402892 464525 6216307 9073836
7774917 129742 2772141 1177502 8904788 8773797
7132428 6106819 5547861 6990082 7826639 3409181
3016238 3020954 7540956 314444 3274868 7972666
7859234 9224042 8454350 7819992 2577956 8504391
5387198 40411 2144909 1555408 8434683 6897072
9481181 7444257 1515189 7660026 439080 2004822
158576 1960415 3765688 6443660 4495527 4786168
3237600 9750369 7541866 9411222 7656885 2605771
6995507 9427723 4437981 5050154 7396800 2344673
2449112 3573025 9057874 4418974 6071375 5417732
6617459 6182016 5537707 153760 5946507 8009172
897945 7527811 1616271 4375900 2286165 9436483
6699589 8631360 435741 2056497 6160248 9851488
2990254 216216 6083806 1302589 4868088 195561
5775151 1547464 8890932 8052064 9038944 7586301
1823429 4606084 1339985 9369182 5748725 9191626
5255781 9790865 7131536 1117637 168765 5968781
3097187 5010722 9712748 6610500 7577623 8146858
3303497 9786486 9601244 8749214 6316695 1543237
2616310 6467112 7898731 8146737 5056977 5280699
1925525 9448001 8888931 8405612 5932761 6754396
4246337 5775500 1881322 7378830 2426651 6373859
5141288 8238364 2509813 6892698 4532866 6366177
5722774 7545582 2930890 2475971 2168386 2411023
4694881 3692959 252243 4519768 465300 6771612
9270740 5321899 2867131 1674389 5163348 6026019
5087503 3387320 8337733 4333163 3141072 9937548
9597218 5405915 5028403 4345294 1973682 2010818
178356 155533 3746144 5921942 8904583 5980955
3859133 6179806 3695281 1072069 3184514 8635979
4460150 2724804 9458420 8418836 1960790 5581086
5059720 5245104 7127125 3957083 8990552 6795702
4730643 4922265 618321 3064180 3121383 5670434
8689226 4021630 9892454 2930852 6114509 687101
6809377 989934 5656025 3437788 4980656 2186232
9879107 8350602 7676277 346847 2336370 2311317
6832309 2904819 4996325 5102808 2620018 6370911
212210 9321237 5998606 480231 5386053 5469526
2967866 7157073 4814202 3259 9745823 7921694
4444840 3358803 4924032 1623497 3613516 1576061
8112161 8787063 1874780 6766545 5095275 5196660
7735305 3249523 1520318 9779298 3429028 6217610
1887841 8814800 5107146 2398569 6948983 4265285
5052645 8949004 145342 9506487 2255679 3978579
41916 4471512 7596409 2165861 5474925 8631917
9903251 9034360 8251711 7051478 3180547 883197
3580018 2540801 5421180 176088 5354475 677249
5981219 3312277 1725988 172357 5877262 1518633
1771382 707683 485997 4130458 965448 1545316
2000667 7752682 277116 961929 8231996 451042
4659373 9170654 5970432 8057265 8525470 4500372
3671287 8078435 9885743 6242922 7796556 425295
6957479 471470 5474965 7015011 4208107 3154598
806946 6834685 9795576 6324691 1510662 5632881
7848080 5608853 6309380 1653488 6126006 1204277
6718969 8055818 7032662 3293336 846222 3964311
7586832 6426688 6647764 2030849 8163568 5301839
2560735 4048383 3098526 5236926 8916850 7940675
7543645 3328177 7200068 8425395 3012517 4510999
9465887 3054418 7752242 3635000 9372761 252418
4939762 4481973 2003189 3007506 3419703 1715228
5017051 5466877 3705924 1705268 8791230 7778127
1285085 4005479 7374898 8552633 6566070 5419360
9120275 5190469 7475453 5988618 4793738 6954570
6954155 9713352 2335958 5236374 4433802 1675637
2686734 9947768 8785570 9807482 4892492 3851843
5559392 5405480 567852 6742331 2233638 746436
5889947 1072135 9778032 8082468 1046400 936855
3323864 7985581 6032425 9643602 1285877 5678981
5968819 710870 5893194 2337378 6717892 9463388
2393116 174525 937386 6275094 3292377 7126925
3068198 2572423 4058115 3061244 2921611 6781724
3745546 992936 9875957 1953254 6424580 9791632
4061544 6558668 4232694 1741514 4329125 1209095
836659 3054953 6725213 5116413 3406480 3680918
1413893 5867145 7434221 7501819 3416702 9295464
4321934 2981518 10665 1242221 9749771 6242637
773036 5503456 8336915 2755509 6282036 7530412
2825552 3091002 6601867 4179216 8610549 7035658
578343 7011395 5440433 4122288 6527469 601342
870045 3854873 1470227 7639359 4961219 979870
1329732 2519906 7808039 6602744 8319596 7651526
4984682 8842713 3494818 6109608 648007 5822153
7931920 8030640 1714102 4027232 179490 5377682
3957153 4537964 5120431 6465322 1569106 3572804
539837 1463915 1336130 5683711 4796271 4272255
5069942 6951614 3304821 1610757 118319 14888
1106251 237998 3425446 3403649 3685312 2995089
5866444 109100 7692761 6539730 5408209 4955921
1098775 2242101 6084274 6330949 5052971 6599376
5064941 4221562 1901981 2331317 1484216 4825442
6947832 3368399 6003955 9468817 8986552 3099075
6672976 4032432 135287 9775604 1670590 5613460
7117342 7038493 5509613 8872494 1645954 2849288
1189383 3107632 9146041 5741844 6181133 1524311
6737096 7312957 3499176 3890933 3598167 4429349
9958366 1000481 2892648 5976410 3620303 9093052
1161915 2195283 7610142 6723318 9436985 7700018
1448608 2122313 8211837 5842138 4655500 758503
3967766 7608383 5003220 775994 9091591 1055290
9133544 7973637 7955884 9099929 9710610 9943812
8116864 158670 8696635 6023722 2156497 8550743
2369282 4733709 8343168 7012193 1861959 2366057
4269334 2656133 1020082 8801719 2600179 9055010
1553094 8232563 2055534 5608611 7944 5354644
5381093 8131169 8029111 7479056 8300826 3414427
4907654 6712130 3955636 2384202 5297386 2384854
4642344 6406393 9455936 4289738 8378520 1141875
3730660 6550537 7376141 4859699 7893874 9499964
2832498 6682329 7262898 5551506 7592604 639307
2080164 4504837 8649909 4369709 3031831 6678385
7446834 3960744 2575692 4626025 9240454 1245535
1996463 1193725 5307436 1981455 7624432 9237062
560504 2249971 4731522 753806 6479492 6811882
781435 706870 4789965 1083780 2659927 5079945
7770886 9541423 50535 7045546 1847088 9817729
4247240 9900846 9984261 6514146 5358738 5798044
583773 5819134 2168921 5284305 3571216 5036306
398627 7156049 306524 1668291 5492048 812264
6396563 2971067 3218828 4958272 4224243 6750615
9829233 504657 5387186 2279235 7495866 789775
6633465 9652991 2868397 7003472 7789188 560892
3296787 2342173 8295794 9458610 3868587 4506672
3993466 1036108 8976178 8092149 2778754 5544604
6566692 9200724 2668041 6825025 4014723 9724557
3243866 3249882 4789914 4658623 276085 1970480
3148927 2847845 3280446 1570370 2777943 8058524
1931286 8006584 3618683 6905409 2902197 5529825
8489993 1537349 7822224 438252 5957949 1490680
1689880 688698 1504625 4023493 3958665 4048213
8341354 7757075 6504315 114331 7000937 679684
4617681 2079036 7265431 9156162 7732915 2798350
1191312 6586657 8155782 7622695 2087902 2101600
6952821 755292 7747876 7221746 9981844 8699382
3373110 1444842 2574284 8274039 7195456 5849813
1002774 4868396 9979157 5906409 8181597 4559321
8542111 4484144 2034228 4811142 2430616 7742563
4755569 8113164 9730031 2899218 9993962 457153
6735069 1829419 268689 2660261 5401357 589405
7977767 1767993 9078621 6291475 4885522 1003760
8391748 4571248 4381558 3199351 211458 9359708
3706665 9689945 3894867 6174894 3295657 2031031
4877416 8059531 7254420 2304925 2737023 8394602
2357812 102810 507343 8665427 6165314 430515
2790262 2571689 4496951 1111605 732873 518090
1027766 909572 6495814 3050215 9549191 4718374
5932908 5564656 2428483 4291764 22731 5591507
6836466 7049549 5625952 3689104 5346327 9618412
3919769 1067201 5138628 6998097 5054598 9719705
8432859 3063201 3805481 6611309 6406258 6346076
3918754 9087485 6395192 518151 5502263 916518
4381371 5545350 362111 4727336 6741523 3973235
136223 9410862 4043489 1708947 894051 1712178
6002700 1371945 2228232 3649247 3571533 9134214
8519055 715956 8766975 8515458 9217512 877034
6148514 9887225 9898276 5729648 7831858 8509495
8296305 2350204 5945935 4727641 3799850 1294753
4100928 1166509 4099530 4758610 7605110 2134160
3033487 325660 7469318 5571121 3344384 1148645
7542510 7052613 8155491 1356520 1261475 1717533
6633914 6355131 9079348 6019986 2735573 5576561
7842235 6655697 4243578 84747 5035059 4767020
6890756 7942417 9770552 2187232 2568066 6917525
4603522 886598 8479612 5209145 5195143 7285077
9129567 3980276 1595285 2307087 7142035 9095198
6761271 5974978 1680289 1911809 2469924 9313514
5078330 6842649 1448230 5065261 6687080 5841963
3781113 4609208 9347585 1359625 4680101 1361421
6485729 4280407 5587606 6919690 7865954 7743123
4480170 8501334 4425483 7045478 610439 188542
8722615 5256015 792294 7350813 840279 9385277
8496568 2227233 5118690 3646248 9935563 7069511
1573208 4515939 8971340 5222631 3551584 1867997
480295 4756568 8093217 3936070 3219496 8463805
6439636 5884657 9198921 1488423 6491316 171753
6453069 3184119 6472988 1517973 376886 5469842
8731540 2070794 8202013 2527043 8862469 4958669
1224098 1543606 3555920 168061 6921738 9525450
681192 5331590 5283347 250388 3689149 8874381
1576717 2125956 5016774 3349426 8870923 5912884
6377152 330472 8931396 3262927 1394805 1133897
7194040 7434573 8217661 5850714 9448080 3694061
9755632 3864875 2463429 5925261 2320647 1445768
1765513 3646258 5832670 6761727 8477034 8105920
5580138 3636275 8903590 7961688 5210127 4339895
6236846 7372733 1199926 4797098 827854 8594489
5902613 1173360 6625999 7987719 7067349 3369929
7370354 4942629 2698320 8648736 5258318 5983746
1852833 5429834 7668321 2242873 5973274 6501755
1101379 4709355 4902799 2316291 904754 2645013
8299605 163229 9784545 5290396 206527 216413
1800161 8427043 4439716 3402804 6296348 494530
2012569 7170394 7827160 5260117 8632515 5729303
8398756 4606952 3684901 7873607 2765715 1870609
2299271 715412 9357754 9214175 3988845 1455444
5687176 4534978 6527856 9336766 7369642 7086542
3698290 7659767 8379848 4889764 9413621 3768665
4364270 7149731 6905077 6013421 5226127 7393041
8305348 4955776 3048127 5527391 4191775 1883265
5893525 1086884 6619693 6732631 6592530 4997371
5910246 552694 7097604 3437321 235349 9732787
8937444 9149201 1018481 7168291 5974193 4961025
7742788 2300861 5194997 9059361 6462746 5588982
7656827 9568209 9094548 508605 4156649 7243830
6891503 6275771 9980849 8551892 1581007 6464171
4888379 3110833 4496776 8323217 1116794 7376599
8687199 9140846 9913344 253451 4280626 3841881
6328997 9740909 1749835 8970662 1764176 8500237
3000687 4081696 3162386 3984211 1041992 2560208
3714293 1379083 3166752 9195902 8639932 9806527
5454684 8299277 8093667 9190514 3291205 8694729
782968 9143998 2992854 5772290 4291692 6753557
4567354 3448852 1022939 3016427 4212658 4940659
274002 2959725 8675929 5159999 3405844 396506
1031246 3463317 5604493 5645683 9492656 2594266
1242343 1636429 1962280 3930188 3334210 6085791
3581808 6208427 5349117 2728306 1723550 670955
4127819 6372538 1827357 3094046 9849769 887925
1577723 9519423 6880613 9972298 8136514 7718579
3774880 7085439 1352881 1523538 1373700 9402434
4623449 9278942 5633390 3478273 6440076 9498445
6318469 6726752 3058325 9872664 6617704 7807705
610071 5783955 432955 6544449 8549853 4593131
8213818 8488545 2846698 4116056 4355451 3507046
8790384 6309989 3014943 97412 6795195 5120304
5420130 9326553 2694767 8610497 8425853 7206081
4584404 4018347 3360225 1383788 3794246 6404598
7471742 4994494 8860496 9672320 4806359 7853000
3432380 1291523 5544363 9657835 2816785 4841849
2432748 7430519 8894509 5234576 2466005 7236234
5014667 1933236 6159615 6435404 6970122 1281036
4403431 2133290 4292371 207946 1078951 2303545
6170448 848939 7975512 2156075 7085732 9957794
205626 5944407 1812493 3985247 503546 1665364
6444699 4556562 7898786 4263267 5938991 8815783
4928004 9860191 1023489 9070044 514487 1304152
9772077 6345370 7054336 486391 7797958 7342011
2663032 3140180 6936687 6335504 1247867 5677063
1222908 7846918 5642667 5894013 7203300 3047854
7184138 8793357 5155957 494446 4273178 9578938
3514760 2466101 6697449 9262071 4417662 4816209
7464940 3985808 440809 8942528 9774439 2419860
2405453 7294156 608413 57759 7114649 3970454
5646647 562199 2949440 8764236 6856883 2963308
3680995 3712205 6662332 6973741 6508938 5184268
6951520 8494398 8438851 6685188 9577956 8101884
9069275 808207 1493017 2080195 298275 5815046
7449103 7288283 7621163 4388717 2756939 4098029
8096323 9969918 4669198 6713528 227504 3369105
7819526 282143 3694256 1350905 8681805 4392128
9922704 5049840 4730104 2308459 5115528 8256266
6353449 7939569 1603608 6982254 126588 6887044
4336911 608052 6772043 9315688 9661951 8271206
7283728 2515364 8407501 9158961 284588 9250260
5322508 5718798 7848214 7570746 4831557 2853020
920837 8865363 5366556 6457195 8368635 8698439
2321847 2875123 8207808 4315984 6495753 6533037
8925292 3788755 7642418 3702281 9969231 6973802
168407 9968553 2769255 2010919 2064462 8867241
2151594 7822441 5243832 6285300 5075527 8132687
6137135 7729526 7604778 4286714 5802699 760518
2193291 2886078 868151 4698689 4609334 2824334
6772379 5890441 5953071 8033449 6799977 7402244
4519139 3037565 4504906 7825461 5940550 9185449
6827061 7854458 2166789 5392666 4838522 847274
1230950 2177636 9772011 1323016 7163112 5410100
7682346 2337943 5321653 6904618 1453717 5012030
2635392 3100810 6803953 6271620 2655459 6830332
9131970 6915988 8739763 4005154 9004760 4666728
2546783 7109281 6923131 8729365 4258932 9823927
823488 5337382 3438095 8564625 4228877 6462329
3328327 5040557 2697888 9763723 6414247 4495531
4879858 6127382 379554 4902510 2661745 6520172
5323162 266987 7670581 2533014 1524060 2218273
6020738 6078846 2053369 5697402 3755157 3814535
5003458 7893730 7829675 5172601 7758457 2827823
6113985 5207840 3107919 9693567 1653804 960635
6550021 470461 7031565 5047407 2266206 9404997
1029281 9855800 5722869 1612976 1339831 5341065
2564378 3642714 7778760 2246520 3812564 4147628
3479334 3898016 2331873 1925329 2564329 6925114
8756862 1924268 9347100 6651623 5492988 6840898
9840543 6776110 8070195 1347168 4296449 6207848
6546550 451484 3901972 1254767 2387897 2354594
7865085 2143969 5858527 518217 4214054 4133726
3545503 2518863 846530 9991932 9479789 1969782
4328691 6793701 9658886 8416989 948109 7305540
3297897 2060967 117807 7374469 7281328 2158229
4955811 6120750 8663152 4800107 8691461 8815022
2449419 841038 1433615 4004716 1838522 1967021
8231501 181076 3144011 3646579 2302144 7001806
377768 3197270 6819005 9297091 9195780 8432835
5582403 6531185 3258434 8076705 9037525 1926104
8229006 812389 3630288 6865524 7620667 4442876
7219158 556315 1658457 408145 2162730 3022483
6098460 3590236 1958791 502596 9724693 9752399
8795302 903229 8009466 3232552 5335323 8506275
1594408 2183688 4406241 9693667 3629082 3986344
6910215 9243641 1288491 8165383 7230913 2210152
6433 8814702 8354361 8893084 7188067 8345461
1739030 7615090 3733010 7808920 1764817 9474266
3570071 7706663 9652144 1511125 1881481 6581323
1618163 4517129 1448182 6290905 8132814 2995694
4662393 4458749 1337485 1437632 8149577 9636034
8252926 9687113 3396347 7358586 7462018 235296
780159 4397911 6172578 5387898 4227593 4362811
3920118 6888882 5816451 6240541 7213520 5592197
1333094 6556127 7307024 7014534 2332653 9547919
3004666 8732673 8057028 3941975 3013477 9885107
8663579 2754815 9050782 5461508 2881253 9842207
4033735 7689365 6099106 9014578 7158896 5097121
5575342 8376211 1763865 8889588 7818210 8568507
7863462 6631931 7885723 3847439 7853073 9128083
1541094 6156387 6433582 8084124 837869 1516820
9945473 3552190 9579287 7589152 5804721 1386285
6137031 5757376 4460418 5797513 571086 465280
2049663 3270601 6541817 4550619 6696719 5516491
7867539 1693182 9694074 1453529 8088451 6841650
6788700 9296 1260549 9587737 2360770 9092760
724920 375163 6362352 1238909 4330971 4782779
4548755 2207471 640588 1692770 6524077 8265970
9818617 5627552 8985614 6908072 2957628 354267
5509904 9438465 479159 2302491 7286653 4455192
9668040 4382963 7948242 8790630 9971123 9559223
6188523 4587602 2407469 8731077 1398087 2042563
9253527 2387393 2676922 2668057 5222735 355893
2635854 7498632 2595275 4588529 970660 9983764
8555123 910334 8273943 3935206 2297500 2312243
407559 8988172 7759261 8287667 3301302 6357019
181877 8764868 9442546 5842330 1690861 5679025
6202694 3466265 9709775 3113825 2784045 8038241
1784951 1679621 3618448 4706841 901649 5743186
4817939 7271704 145606 4536506 9707417 9692873
1219682 9601548 3365784 9985996 3961701 8401751
5099118 3086970 3775205 8286730 2316098 2955129
9347404 6492517 1265557 8199096 467712 46794
2974620 1225126 569961 7468313 2002142 9961955
9767937 973974 5108804 8367079 6644220 1730099
4225224 6898556 1276059 9447470 1343845 6150584
4009039 3944550 4799449 1783620 2254948 1419897
3810070 4300115 7765266 6408295 3076797 8820248
3994927 5544604 1897129 6474325 2040486 9681020
4284566 7776488 6084322 7794503 9036017 4747119
117760 8506881 3520277 3268763 766877 2842962
4973700 7312692 9329899 4017657 7676097 8653903
9851346 904706 3996434 2709748 2401642 8210052
651740 8627237 1074591 7686843 6990058 5362978
5912679 3096664 3303808 928347 856020 321903
5205774 500784 2464466 6380345 1392545 6256468
1827237 283502 6494121 7217149 7468636 71785
3518243 4182405 7628493 1580849 487055 665954
76610 9519883 9542569 8697988 2608873 2267440
8932961 3222767 4101444 915262 7370224 6713028
2244317 414646 6134470 5011792 9637063 5515734
352908 6140462 9421369 4085842 2883138 5961982
1452473 3839300 3460125 3695872 106467 8928035
7666520 1735005 2086460 4353020 3065155 6181798
9831635 123652 9585917 4013710 6249133 7158527
8352985 1012012 3524514 7646571 4295524 4002917
7836118 3864933 5760562 2101637 908456 3195383
1392923 3263879 1026226 1117132 6055366 8662154
3375520 8634244 7360003 7988465 5855297 58223
7257140 7519745 8695499 2151369 8554119 6174121
3707538 4178373 5759577 6033571 8196006 2275049
6890410 5240510 5096796 30503 3842005 1914175
9955073 2110057 9471830 3413178 5733571 2400477
3754377 7299464 1770992 5274686 9497058 1520644
690064 4225417 450346 1366632 7771999 1400884
5676276 4190998 9535708 1023891 7956738 6781797
2761676 8325106 7133765 2093493 402896 5413987
8600711 2766557 9283837 7908322 4102256 7125553
7861180 8644654 3731988 9369365 850822 1305220
6274732 7745757 8400900 5325276 4974587 2448512
1196677 654633 8270328 8203394 7560299 1718158
1124725 5638613 6882845 7855213 4782242 4760242
1721720 1353060 8613362 4218051 2509771 9734118
1921709 9263242 6271060 5103706 7123512 858942
8190063 4873982 7028899 7872188 8061321 9838638
9800313 4005630 2611736 6715564 5824931 8112342
6666862 8781611 2413117 6309549 5390087 3950991
3877368 9609350 7234580 4897439 3203072 1844823
8645085 3430368 7974950 1531453 492036 7446425
7107969 7692800 6230780 3795775 6603928 6598154
3762487 2239446 7689204 2380477 1380161 7788602
5485252 6479576 9039179 2199976 1576297 6218173
810166 1465174 6849006 1770439 6181607 3408158
1885728 5602071 5196097 1384091 9020681 7589476
7805553 1037654 1991305 5505968 2938435 9368886
1329818 4651895 9454648 6980846 1956336 6360783
3804708 9359126 3548542 6781868 5932780 8736717
6308285 6088196 2337522 8331296 7381003 7130443
6522159 5538620 119222 5680187 9809569 7852900
8452682 657532 3165160 2923442 323923 1492321
2295379 2568233 9531684 7882987 9207059 1904270
4686404 3965722 5182110 2855289 5479436 7021562
8619970 15454 7647253 4130267 7655716 9844267
4028603 4839766 43551 5676204 9072968 6878992
6728646 928933 7444467 8008 4252332 5482186
7797346 491013 1108032 724203 3411807 6444722
8059479 8144769 3448159 4074025 605192 4844309
9313788 8040991 5964200 7926414 7472978 1387126
4630110 8100323 7720607 3625338 4793113 5870113
8810018 9665271 316288 1583855 4330430 9402500
3734771 2050595 3560988 5522414 8030713 7378655
1614432 4773026 4863321 5843712 1934251 5012967
1843307 8786446 39174 7579710 5754172 670222
9742077 1605239 611123 2758095 7494082 5574051
4971563 1393445 5648376 6112256 6781256 6812855
4640898 6484127 5275525 949920 7297571 7193607
778312 8405676 7306338 2924102 4430345 4395983
7168196 4168803 329637 7624101 3429093 7954327
5823658 8698975 1814233 381642 5062261 8326620
11449 1447893 5540743 1004038 5393869 3241644
7379525 6169290 2191914 4919333 3931384 5886659
8229077 1820550 9140641 4020532 9827739 1990400
2889463 3607355 7837245 117298 476656 949554
4201784 3809819 9953523 4753968 7911085 3304686
5841442 838022 515867 7164438 1926236 7455480
4404953 5824227 1561062 7167063 4663267 4538464
4832456 4548883 7718770 8428210 3476441 2945413
4450460 3091950 614704 8390260 6861373 6479405
8336447 2333061 761395 4721451 1374882 1167396
5739157 4842147 9597223 7621584 8954953 2208966
5379373 1751898 4869956 297812 1343948 446877
3370102 5932527 275997 6786403 5642948 2092013
4901455 1491914 5059334 5056704 2111763 9068468
5239189 3083350 4142689 291458 6810670 1061120
5895875 6570 87842 4648106 9227317 6253719
663043 8897004 6265475 1490027 2688703 6289197
6284261 4869924 5894707 4125233 1812613 2583388
2447699 6543236 8681723 4773725 7209889 2910465
8696429 9013600 735994 7402629 2421797 9468716
6143942 1356745 1363173 4694490 84101 7940654
7499174 274076 858334 800870 3162778 5753261
7005001 7736726 1447209 4932188 1183789 9129324
7611773 5242600 6038916 8675915 8477094 6799341
3967050 5760495 6986758 5906087 209018 5465552
9895007 6090458 5347715 1822661 440076 7119524
1348431 3997773 9495442 57999 5411067 5589860
7682594 5652906 1130907 636268 6637339 2681184
9220921 5626938 911628 8672410 9345837 9103546
5650548 3427776 8053713 8158520 3237622 5239212
2550465 2402884 9167211 888342 6302753 1523725
427769 7761645 8182048 4121907 4759155 2903119
7839386 6154133 5656230 9788724 4397116 2860795
4752749 3155716 3762380 4447648 3572354 4732155
4801723 7841922 4484926 3702491 3964702 9328435
2022186 3403639 706867 3420833 7953502 5535001
95540 650573 5717142 9664844 4437292 4862726
6882748 1975968 5119703 1634995 3209263 5086547
1020767 469150 285435 406090 412350 6257733
2588447 4335939 2681808 9641399 2296026 516609
8448553 3116653 7242942 7484763 7365358 8506742
900566 4337060 2877767 150594 592303 6304349
4153265 1215948 2080651 3166865 5544348 298993
9849190 5425121 6398817 8735534 4511820 4320547
812199 9664898 2188219 5247687 1831539 6239731
5481096 55259 4262243 6438547 5923017 6157988
8826750 5982 7816859 9158320 4169161 7029067
4984933 3253309 3973132 3657772 7534017 9190138
6052978 8174334 5215508 6364073 9752954 4401405
8456552 7465627 1384096 7783089 4671584 8306883
4025207 7360560 4318420 3538172 5580069 6414305
6268512 8411576 8047193 8680227 1669420 8533966
2180168 9780201 7446519 7161473 7717688 7265854
9181593 9306614 966877 2987423 8723455 578296
5127583 4118203 8974350 5097491 359685 6483841
6528110 9288259 1281578 8351625 8130777 6354705
5860941 7653996 1576809 1835923 4562859 7936734
8007470 7805837 9983620 6317743 4752792 5686217
9568622 6747874 1384384 4395888 2907313 2361292
3044050 5940987 6432974 2730269 7639066 87578
6223056 3331019 3153075 6994613 51392 2851164
5615954 7571564 7824643 8285288 7652825 8708139
8058656 1731183 6347714 624987 9992084 5694019
3532320 2338976 3028268 615781 3276472 9231801
6588278 9027526 1966396 8637232 1367747 2990383
2265933 7923023 7269934 5189194 1685367 6891871
4318820 9724448 338078 2792090 2121439 3419471
1425591 9606064 8807412 6262662 8567563 7264264
2322756 9174704 5826909 4570902 7608449 9159003
8098228 3360935 9996242 3952415 481189 7740200
4483307 1071046 9795595 7977224 8112674 7397012
5083672 2443709 6084552 6274178 2047389 6980300
6438440 5776381 8477160 1878929 9111200 2426406
5738910 5454033 9033013 527214 753451 2732894
8948733 5903704 4181191 4926201 1379333 6656362
5860912 9747011 2745844 4477648 8476333 7740551
3569617 9294513 2566775 2720279 1745447 8166712
3248037 1612900 1145133 4805451 8313089 4686785
1832078 1358239 2485180 347796 1997936 4523771
2171056 1430674 8200126 9685564 5724251 5539434
8086940 4693679 7547232 8456664 8309596 4443519
8293174 6546650 4035437 9744724 3842117 355107
326724 4858568 4265245 2856168 1687907 626151
6886405 7066933 6057897 7760299 8577632 6583317
1469395 6216090 2886437 1784809 3985450 575072
8633031 7455738 9225111 4830430 3521374 9064339
2710773 5060761 6116556 2066657 3094397 3913180
8937040 8750458 4564929 6845273 1869015 4321239
4813809 5643305 7206565 7774527 3344494 4393843
6583687 9260956 4725521 1318265 9673836 5625706
9890685 2549076 5143972 4367437 2369553 9526752
1340700 7828777 2287923 4737827 2104853 1972519
1403768 2187899 3238928 1076966 6833415 764249
8249570 3991820 4239998 3054106 5972692 203275
1425066 6801250 7675583 3138331 6063941 296732
9015389 2541914 5446485 5661631 3855913 7340987
7691201 359080 9090115 5723511 9780558 7177364
2624333 4636336 2720244 6182253 4551739 7759869
9531277 3742546 605119 4775364 5870585 5986650
9462869 1128903 6944859 9422504 5860534 6441839
9879109 2367988 6871250 4330969 2731747 3167752
4212450 4868877 7344901 9012646 3999451 8704747
3755648 7030404 584624 2932557 5628363 9100224
243247 7220050 4708187 8778571 2744498 3559595
3432267 72372 1332869 9988905 3188581 5443411
4034196 1659103 2710385 3137501 5832039 2571118
9826140 4462261 1346101 9725559 7276453 67389
8135282 4140504 1912772 9183245 7056774 3053991
988704 923711 6600726 9949545 9363028 4188426
8469079 7760851 9937772 7527172 6851611 5916522
6669601 4261872 1859596 7642777 5091200 8568588
3648294 6257406 4765179 930998 994846 1014674
7204408 4779895 4122088 4462020 1241597 875024
2954413 6445356 1790519 5045569 7995646 5991494
5849531 8453074 9225280 4689250 1853278 6797302
5724326 1331812 8803298 8045876 5343816 1476906
8153137 1834237 345157 6465613 3914630 2414161
4396622 6345397 1863624 3205251 3967435 779957
8864780 275843 4869188 9366549 6981071 4906430
9703332 5060346 5923089 1376662 812581 2692619
5757812 4955173 261917 3163473 4167559 6736521
4575540 4949011 1028461 7546224 6758458 3504497
4726664 2967285 5348250 7110217 8421252 3019601
3580525 2148409 2806543 6604456 3676080 7829965
7472332 7327450 5647270 8592080 5141040 8297016
9153491 5513688 642807 5679294 2539660 9623705
1127761 6316455 8533073 3866536 4769168 4546560
2676677 1416935 2849657 3255026 5820940 1074385
5323286 6662788 4221004 6944329 9492156 7330653
2101231 9192425 7298855 5497264 7990460 59711
1045205 9243291 836658 370888 3536925 6566543
8493073 7696381 7591201 8477463 7256310 2668720
5816783 1245447 1279084 4324940 3509330 4798287
9033246 9436941 4911450 3504927 4060609 6043989
2194649 2761146 7732198 2841462 6762078 6479692
5418765 6092173 4835563 6479589 6253816 9218628
7216607 1566545 1706401 4192696 4109871 3003992
433786 1882706 9508344 6740607 9042183 2912636
700508 8181141 4297470 1140484 8823586 7290890
9319191 5499610 1175152 5302041 2273453 5339881
8213156 4059604 7831786 1540501 6801974 2998832
6067970 3018066 2411456 2261713 7982910 7582543
2670804 6865805 6852329 6909545 2464576 58261
912768 9014714 2317602 8771843 1449376 5193218
9817612 3205343 9701221 793457 6083766 9750282
5661833 1757664 7394565 5541387 7257555 9318613
749311 5941731 4454959 2249497 2126357 8056078
5669160 8784698 6941112 1089444 5691590 8507598
5944099 8995412 9103185 160209 3304547 3767214
2292095 6549661 4189649 4515876 7325454 848757
6285292 6924916 2280946 3377923 1262928 1356337
6190126 2180981 4365002 8902275 6314446 8805566
7289433 9769447 2841512 6884239 4570538 9813520
6993446 4847429 2413705 3274906 5899284 7614344
366566 3839487 4646557 6593728 2958069 4653306
1687860 6164614 2937980 4886805 4988274 1843132
9831523 7570711 5178435 5313892 9535050 5942457
9259011 2105872 750251 8749832 556306 985023
3655051 804132 3930030 3058666 6835174 5175454
1920352 244700 4132122 4173805 4842246 7587591
6839240 7371335 349538 9324561 1548035 376489
4726847 8291144 6393270 9558353 1403807 9678915
3847555 3690763 6103106 7023602 1967687 3475652
3705658 3373517 6747597 4965867 601410 9487897
9053026 5348894 2543798 6483505 8015775 1769380
6144994 8298649 6777796 1825326 1732377 4174575
8365583 2752538 289568 3708128 8155699 9365962
5841183 8922716 6533696 3875175 1865255 114687
195148 3562214 5156999 1843714 2287478 5614068
3391754 6376248 3431791 5089352 5294532 5990432
9041447 9004462 2307010 1834762 6841193 1199504
7093068 9488480 5463839 3508872 1570541 5748757
3641657 8427951 7994632 4165948 2754609 8656017
2118457 8691868 9375223 9782848 8719094 2743307
7901084 2265077 247981 9499858 5728562 8657451
9560054 4868404 638789 120322 9113422 2652412
9225783 4624034 9086058 7751100 6734547 7509809
6433660 9025268 4156810 4284917 2953268 8027292
1320520 9923097 422994 5162010 8224673 3756510
5081354 2556016 1271183 7925722 105590 8751667
6004875 9249678 5224096 1397135 1855976 599825
9980809 5828470 6060999 2227747 5188509 4982609
7660916 9905724 794386 4033647 4168048 1735787
4470282 7927793 1317546 7292612 2360474 648606
7331091 3031871 4360881 8065541 3903523 2402372
3394292 7748862 8636707 9690929 7518342 1752528
7101396 4545131 9086807 8703036 4238753 9528099
3092609 9610793 5395099 5468646 3643721 4584114
1490907 5192984 8491501 2967789 8732619 3020381
5326891 2698137 579096 8447096 5065382 7920260
8205537 1157013 8982831 6821857 7062249 7150461
23685 5211386 6407756 9668728 6200446 2863788
4788905 2836470 8943762 177467 787724 7771449
3398559 228153 7348979 9015187 9203981 9726969
1597360 2110668 7144359 4116170 1004252 3022276
3297234 3409415 4596195 3193124 522175 1994546
6979148 3143592 222561 80009 5880079 6193370
1759493 7101369 809106 5260720 5379918 8157345
7250997 2099523 420160 3253516 3341684 3006195
7029189 4120687 386717 6709260 3380410 4677037
7026590 9198256 7331889 5992040 9618598 864989
2929966 6718054 3992250 1489012 2801710 1136962
8676634 6963123 8149527 3214090 9956896 7436239
8390252 6012592 1831936 1500948 5613318 4993776
8580506 1893004 7367380 6993716 6522360 8016428
8211768 8131761 3661693 4087734 7288165 2411763
4660116 4126980 2946727 7614181 6782034 4159228
4773688 1764678 4171654 68600 9483681 2144541
7281397 6740536 7270064 8138406 8499718 7671245
4794093 9397829 8505668 3711291 7387175 4913015
3741105 9734053 3226579 6887874 3141171 9692279
9961401 6567162 7459876 5378292 3858991 5634154
8584554 7170313 6081446 5456137 4944693 1164000
7987792 8820822 6352672 3928333 9194535 1627304
2973986 9180173 6534116 2280919 676376 9569975
8953263 4329009 3083367 6861037 3376828 4581077
3946396 4776104 2161245 9125031 2075942 4321996
13272 573204 5027450 3968597 8782719 7133789
3596927 807860 2585012 4276591 7430890 761698
3869129 8805367 6702764 2435309 8991312 3640644
4788177 2067737 4543570 6014686 6954816 1562524
4931742 2222630 9875524 9110593 3033210 1515342
2273249 709504 8937328 9151259 3947635 6051864
478146 7418484 800502 2488635 6072481 2453701
7297346 7392849 9458253 6889201 4624076 2863277
7545620 9835972 8478290 3746479 4194136 3671693
4869720 5438893 4681972 9960550 6826281 5250682
2432391 8409704 5998313 8650663 8487838 7871313
4841167 8705275 9093314 6287354 6818227 3325120
2006246 3727123 6731210 6966846 8876460 3020567
3684066 5862827 9536549 8224679 5228765 243712
9730802 3223466 4211403 1095842 6733721 36608
2552370 2744953 4474525 8876647 168255 4097223
556445 1199713 2868127 5808026 7926799 1809051
3658650 608506 8253794 3313093 621777 1589273
888289 6800920 6870181 39193 9628933 3371837
4496523 5316277 7201990 1343599 5806390 1535764
4164295 2067335 8833332 3505611 438755 7627691
7388355 1714729 4433470 8166977 7596772 8784591
1367398 1061657 7082723 3149622 2741316 6159246
5797131 8403458 5698290 8173315 1506359 3954936
7531477 6491689 482803 354859 8704912 3273554
5907984 9725870 8748328 425067 4489177 9850711
5899470 1778469 544135 1921630 5653007 7459671
3542835 3977352 3178352 4133510 9533940 4056539
7522045 7854844 1828707 1407052 3081767 1825881
7260715 9362327 45004 2557048 9289835 7856826
3471287 3911046 1452471 1480724 6889694 264971
9039002 8079172 7212288 3224495 5617192 6624080
5901657 5923538 5065855 2465014 4252872 1418773
9879934 2309348 1739752 9658262 8092839 279314
9700833 5928724 5580043 2020421 668223 6459641
3855536 7807265 7679636 4460444 6734159 8126395
9192659 8373466 3591371 3986012 8542273 3237399
9884114 2106255 6072059 5964243 7025540 8958523
3968967 532500 5060369 8219643 1285518 8829551
8863227 6833301 70801 1488680 6114015 6701686
1198595 6968796 4171881 8001353 1963480 3588188
4012168 9651107 5147338 9855559 3123369 7386879
6301772 7199904 1235450 1968316 5110124 6919761
4825474 8148496 4631277 8739970 5741972 7758256
2609848 5052742 4700491 5594147 6776341 2856263
2008430 2007567 6465611 1017352 3409350 8910612
6270329 1953666 4676062 1097911 992220 964563
3158802 2942375 7260705 184210 6525928 9575480
9594811 7117777 7772890 2217605 9648062 8302792
4336344 823467 5067324 5526565 7906388 1830623
9800979 5556465 2873036 6178280 3385820 1999403
8329567 7489896 4751749 5323609 6256048 2524299
810830 10272 9580428 5582476 9220855 284872
6784355 2119970 520894 8791934 3133963 2115450
1454852 182371 2615330 2837528 3899359 5572913
4392415 8860295 3921447 1840339 8461895 156501
5004567 2520252 9964232 3113212 9237741 8207097
4653346 7986079 3091067 3382830 4569537 3500932
1747206 2111498 6962987 1923646 7318181 4774622
8479218 7302585 8374782 2096217 5157842 1407055
3190756 5475771 8750361 6398139 7018194 1437844
2347084 4085448 9729884 2966553 4140536 7068673
9582169 6562398 1655048 9781917 8444740 7845238
4921311 5336127 4901567 6036013 117235 6611779
9633541 875750 3857589 3638148 438987 3143098
290992 3001779 5295382 2481346 8087045 3372351
4630465 7517973 311807 5309172 5785928 5854140
7999340 5294901 9656814 8019637 7126575 9053523
7884108 546974 4949680 9856200 2204868 1582492
4904609 397574 9859249 5783718 5931048 9006620
5611862 9489602 3679525 1484382 5869720 1028369
5634887 2305347 8437554 9794039 4999331 1027731
4803987 4229288 3996465 2324396 1678643 6011148
1561241 40934 8730701 1401072 9156407 1676995
2540369 4005694 3545982 2387698 5829540 2111662
1600411 5684299 949185 5784466 3311254 6950295
1728251 1045895 9217766 5752877 6480633 6082198
5733490 3792353 7790018 9773992 464137 4992974
8118782 7079596 5870348 1098693 6371593 5982710
778343 3898618 583385 2760684 1916887 1295076
4574327 8788604 3498638 2772293 9905925 8904107
8751349 2240547 6147933 2988503 4935198 4263108
6997384 610467 643819 4119995 8353515 6102020
8745596 9545074 5119796 3943975 7789557 1602784
7572054 1084275 8360442 1141530 3108680 5364247
1823934 9809420 9603016 7343752 3546849 8015067
2432925 4917295 2345565 191122 6580985 3492274
5034646 2163926 2579256 6214850 246691 652738
2268065 2479762 9688454 7100395 2422317 7722083
1576275 132145 5054490 5306222 1149151 2547073
6471119 6199481 5528289 3255304 6086169 6206203
4010146 3344340 3658221 393518 3570612 2446853
9288790 2430718 688860 7985071 6858760 9536510
2465638 9675973 9982608 5089981 7623612 7122677
3913639 5058446 5093769 9682682 7096833 4568940
1431294 7648394 213209 1460932 5488495 2549842
6716309 6841175 8927317 906167 2986152 7827895
6922734 6125398 9783968 5848776 375400 5522217
2252600 7123216 3679121 5565740 4576115 9334435
9413532 3596724 5770455 4664617 6832620 4128713
5481902 3492138 6776807 1630600 2619701 5400461
17519 2951358 6220144 5464725 1446333 8413833
3137677 7063779 3963599 3844374 6090345 6477440
1874625 9560701 7618243 1127749 4922002 9724604
7098999 3895116 4833841 4500489 432867 86541
8316789 2308500 6976229 7859211 3784667 9910698
2807805 7432776 8349446 8454557 5462489 1469009
9646807 1465259 7047433 9416187 7287153 4221394
6247324 4480060 4902813 4238730 116683 4533334
4187611 3991902 7119717 6761140 8883602 2943001
2632561 5078990 9217832 1256149 5012060 8868724
5335258 1401153 6170289 3262413 4085556 7225810
9628571 3648405 1638045 3068262 6933104 8788380
7420356 4081724 6710490 902279 6821061 9406109
8949992 3538472 5017238 6390059 4598739 9117153
7738316 3526472 3097520 8068912 8351693 3218924
7932094 5488166 3326949 1940207 1843480 8676402
8511506 9852074 6491020 4875365 7197906 1461152
1737622 195151 6922869 1257933 4917901 6443462
912438 8777258 3542825 3462798 5562248 1218577
8922563 8450091 1087871 5715664 476988 3775748
5439848 6080266 103675 5550439 8104547 3043296
7140244 7154328 5949591 4013311 7322511 5026379
2346599 2092318 8060728 8071763 556172 3488911
7102830 279698 2309484 3947458 1393835 1616141
9358418 7378812 3078815 2437061 3501352 2346475
2361386 7492887 7485853 7054014 441376 4780439
3056166 4775889 6105353 6759001 6814244 9343430
8181054 5880981 5120647 4991520 2530927 1483020
560478 9111008 3783365 2402081 1253488 4346911
7888495 389357 9764897 5685680 5355478 4919029
4543904 4673394 8277054 6058877 2990077 3178494
3310120 9696203 3842957 8358340 2738274 7669560
4803878 6991907 7789859 4395282 2355225 1915699
7252644 5174673 899051 8840088 9937545 4833587
7504265 8837673 8450298 6604309 7951418 240910
7177338 4176687 4991 6063347 8475213 2723904
5426041 7117933 4250180 4729545 9101219 8484250
8216326 9002891 8870126 1080217 4000731 4728707
6696145 6349828 423172 6040465 1053344 6460140
6652553 7383475 5047108 9356987 6724115 2922576
4158029 9529374 5753649 4173774 6776398 6521613
2270282 725689 1328735 4675573 2142064 6484140
510247 6602878 9669867 4969177 321494 9862614
5897514 1413603 5359502 8098322 8647371 6717947
7198850 2536331 3712539 3575530 1744398 9907368
5371776 7463437 9731812 7540926 4933735 7599036
7959390 2669328 3865953 5325681 1305445 2683170
8455775 7157724 4334218 5074117 4729093 3434316
5828944 9931562 7812865 8898191 7293624 1065525
2812566 481314 4282337 3795237 6093924 2666092
7298734 852328 8994560 9971820 988099 9216517
9655104 791400 8418562 6928653 7363780 1681499
3488916 4029155 6825965 439882 7420926 9478587
6647060 412160 8864075 3680423 3179080 7478661
6351281 2330364 2278741 312328 2563397 1522461
3419301 102754 2039690 6283567 4200812 1519151
7217737 8374177 9491569 5835379 3140325 3764034
5583253 7761518 7770471 9465554 5297255 8488654
5782032 3239886 3022743 7797364 1754659 807098
2894823 3454652 920534 7111599 8350619 5083197
7265802 714783 8986429 7048089 219465 5804658
2723550 8484129 1968386 9586425 6379055 2188720
7663405 8892295 6352921 2058055 9059286 6314846
7425301 1381270 7623628 3149599 9429313 5246601
1625990 6388782 1554135 3445661 1084953 5347200
1578824 7052177 3533571 9829308 4531452 9153317
9543307 5304698 6880604 7528481 3167809 9100313
7900752 2798268 687365 8968353 3852464 5574550
561967 8459510 5654795 4022011 4160976 7145565
3919861 9700521 8128358 2191470 3681780 7785436
2475369 7060524 7608982 1692370 8482103 7854981
5656160 3749009 2897383 5041138 2752808 569586
8105071 8117104 6452845 3603487 4798941 7594620
8899596 3796116 8499772 6733449 9185601 4840319
3336119 1845362 9142601 1987047 9770256 6454194
1964678 5729516 6839474 3421547 1301200 2707448
3725490 5593969 4632038 7003230 9868176 1777962
1458756 5606587 3266483 5967529 3203350 8358396
8693197 8144214 2157066 5432754 3926609 7605039
865945 8312390 9846398 2552021 5824488 8708045
6420393 1078568 4451633 4057689 5846435 591056
6378695 6161790 8284083 2806340 5911299 5062013
1640574 3392621 5959579 2008646 5955581 5316273
1731422 8520672 2799247 2531220 21810 4532522
9911351 85328 9209806 5888667 3905424 7433377
3593187 7729251 1151029 4602181 8270168 3256507
4699989 361977 2212269 1985787 8916047 3651689
610313 3423415 4502015 4019905 7937760 5651050
4663150 8928748 6255772 4326462 7468000 9894590
4019817 1724938 495420 1325680 3981663 3654743
5487336 7188247 2120536 2371377 8747347 5558560
5381276 6870011 8056358 200164 3335095 3762368
8554743 2600733 7560760 9041251 4582656 2844015
891344 5739079 2003435 1467630 6743658 1657387
9177817 8639838 2792398 4904286 5868521 2319189
724556 6153093 6440391 5872544 678700 4135921
9114716 5428093 9059884 608380 4200103 614388
9521547 5379807 7704730 6707490 245643 962652
2901317 3360238 1335714 4022831 2705972 9531678
5966846 6547455 4061473 9447019 6880757 1303513
5254513 6764222 1903789 2736150 3192953 5414594
296348 9662298 4424538 3152956 6775988 3785267
4383217 191514 1231429 8541984 3254499 7497919
5094470 5736104 4591062 3559016 9041118 8857206
2205973 5305641 5682312 857569 4907784 5693947
3385698 8636741 6832655 1990264 9492697 1841918
4009706 2045524 5302556 2266905 3150416 7486918
3425309 5433488 8962119 246857 486365 7430785
3032206 5753165 9896789 6167018 4341248 5979075
3622025 4192301 1271319 4560510 6036971 8556273
6356069 6518195 2698825 5697649 4312109 9229138
4848459 2140344 3612858 5816269 8382342 4600007
7915012 508533 8195555 4738951 7021776 6153410
3546153 5640038 3212383 5555730 1736777 6150322
2854902 7526419 7976304 6070813 8891063 1042415
1962823 7869074 8318415 855824 2678231 4553782
9520106 4114235 2486113 2691845 1578327 9770661
7738583 7239169 9933367 5583426 2861758 5356564
3820323 7265139 3731892 6118033 9172361 1677224
6440940 4101039 4201678 6893785 8802566 7637365
2936311 9026090 7933272 6007892 7810659 681423
478108 793024 8068590 7686460 3983707 3892931
436956 6177079 4727475 7047053 427743 6317695
1469359 1297788 5631637 5803344 3589805 4806654
7245608 9130501 2698471 8068896 9645290 3553951
6319461 369000 8747491 572859 980918 9245813
9471652 2447354 1854694 804296 494146 928713
9357224 4827256 8171173 6093056 7309172 6427827
9448987 9182195 6632416 807606 251931 3446271
8108103 7671271 181086 4260356 9426941 853091
1820735 5240271 2122121 7911052 3709982 5032562
4341859 5201891 809373 2579190 3385743 3335124
5624039 2757649 8409365 2825873 7389058 9923838
8304258 8158800 232314 4400527 4618354 4739347
4879193 5175730 8959702 220845 5575735 5381518
5560626 7369932 8212184 5337569 5419869 8234111
1685098 8798885 1715434 3920630 5957391 401954
738869 4136113 1434681 8380879 3433982 4307817
7337674 3064130 1403450 5786386 3551811 4688072
3328183 4199289 9475003 3966013 3638287 9687751
6941549 8078385 5590123 4798070 8800720 4658596
6240192 5282323 7609081 3403344 6761351 828657
6990419 5109832 5287761 4971698 9408226 9706625
7412048 8655624 1947376 4116782 3381149 90430
135088 2685 6579061 3928304 1853377 6645795
9784512 4849073 2718522 391288 6737771 4039995
2600283 832403 3229275 8984340 3216346 9753985
3620710 5954793 5032421 8955062 5724418 9029170
9043037 9653461 100632 8040665 9081221 5358530
7724347 8922405 6558091 8752372 4000605 2318606
4641468 9551909 9693168 5380114 607745 2647183
5718692 4070879 1467806 283481 886022 3811201
1370990 5494695 403415 5024028 2138401 7997913
5133528 901689 1140758 7971383 6950582 9230089
7767012 5568842 6819925 517754 7195291 8085953
2795531 1079202 4583654 5080464 2304801 9792760
9089560 2178254 7090035 8717586 1414424 2957184
7603132 1917836 7264362 7516856 5019097 4203825
8362592 3179662 9834014 4563362 9238390 4989322
1110969 9919692 9270967 3937191 7233491 4470561
2240233 9489412 614224 5815777 8099807 5885671
3669413 5510646 3687632 2360486 9000275 2454138
5022015 5726514 5856956 6417877 2454681 3145400
1786136 2433870 5647526 2110400 4839291 494719
2623954 7899050 4047698 1385305 5509404 7087082
9254398 5830016 162108 7803679 913120 5535597
4855552 2386775 4603632 3065469 886516 9750210
1099570 8808711 5746701 8915481 2649993 8899892
6128931 2550560 8205566 2212106 1022103 4683175
9024837 7092675 2855005 9173995 2866957 3197339
8703997 9384496 7106399 826722 213893 9513722
6344768 5502394 6162934 932642 9762817 7102642
7364311 6397332 1630544 7506482 5363646 7006046
803827 8849581 8920374 8820045 622465 3395335
6294947 2571621 5254301 3057569 3508397 4763746
8776400 5692105 8237246 3716375 5238971 5874960
8805237 9945072 2935918 1662889 4287028 8632564
110194 2648612 3911395 2879163 4155032 3863442
9549392 5732047 8131472 1676061 7326067 5335400
5644152 7543232 5600882 1428375 7860307 7411971
2951915 5882549 6165931 2013856 5153110 3775397
3494570 4315420 6439429 8551442 5205369 1302374
660019 3423947 5807449 5015719 7538968 385980
3145990 8617169 359862 3441707 5151369 5422140
8657377 6212918 5466174 7948647 6524020 3327126
3855088 6347497 884498 393684 5200966 8245402
9931796 7249930 7485980 5857282 1723020 8658006
9190177 6175298 9551988 2899888 6551862 9111760
9597210 6137120 2498001 6530795 7955836 8680975
2863579 1425732 2827139 6375832 4783527 3120627
6783613 6439664 7015536 3732282 6069172 7787428
9327884 9183578 5546025 2794670 4774494 462223
7367210 7905677 8757198 4431194 3981512 4636164
4103615 2483426 1042986 8529934 1146459 9688374
5386373 6556618 8389821 6560554 6599687 2464699
6209181 1494125 3458720 7554884 1483206 3671227
243245 316717 6455330 72102 4695116 2109868
8825778 4094959 5386237 7152247 5244699 4012834
4834700 6789148 9645070 866270 7865104 9223857
4293123 6625378 7807705 5681650 1694403 8115322
7614065 5797179 6505479 833955 2039745 7316623
524304 7226320 1916181 3060927 2508076 3943954
645375 786311 1519350 32949 4028690 2926653
5968114 4875993 7937001 3916403 6636586 1559145
9384569 6517044 5717855 5124343 7192276 7584477
6845333 1235261 6001117 3281306 181123 8399710
1006671 1289105 216322 5486241 8196093 6090933
2320737 2744586 3126055 4292974 7552182 614790
5770640 9676786 226070 7628172 194474 5772839
6573420 1812926 8787948 4631229 1132295 9183746
3225898 7716338 528184 5730945 3618959 4078180
7009147 6045255 2018552 2300535 1013684 8106566
277078 6501906 6149147 9296776 9163893 9265252
8184289 2920294 6222288 162874 7919072 3989129
4664543 4201593 881077 2594621 3871844 6074699
5319024 1021277 4145426 4910837 3388087 9419583
8343812 9694330 8988766 3016470 8612357 6737914
1128348 9120776 2149720 3610192 8958670 513176
3809150 8346996 4923152 5991194 3641177 4880727
5757277 8197492 1562575 6028251 3429430 4113161
7705845 6952484 8929178 7770794 1733236 6590806
9893643 4839105 1968184 3906901 322840 4923725
6638764 7117525 9781084 8726146 306650 1091732
96213 6316470 3893204 9128854 5438129 8159908
6129281 8962428 2416053 2659129 5914311 7397665
1922086 2290291 9227347 1586335 7691306 8947506
9770126 7478719 1640339 8604898 4315906 8540448
9894000 4376266 6897217 2048466 2640062 8200230
2767256 8414321 7294710 7742428 841185 2194359
9975507 3969221 3180402 3510725 2446373 6314822
7905027 5255202 1271439 6183628 4609720 1254109
8799999 5870415 7700520 8319877 61972 4110453
6250896 566401 8799412 931477 1944147 3160000
5550654 9438179 4147496 2986204 9821912 5861711
3247565 3326655 6303710 5351181 2043990 1834396
1890071 6151340 3339813 2222339 8189344 982994
4302687 7083018 5796341 5088979 8529207 4802146
1224062 7743156 3385864 4298026 8436566 3593792
165832 3325615 3345597 5652983 7525370 7299131
265672 3383830 8274038 8989518 8943344 1067069
7801271 5989707 3952982 6631365 3161513 269963
2871390 6549741 1613291 9798519 8657954 5428105
9028457 424283 2140762 1556494 6448456 8183039
9047318 8684454 559058 6318848 3316007 9425731
4190307 3718459 8624967 5651243 2028393 9479467
6037969 3160376 938126 5613207 3326969 1032040
2498426 9515858 8600269 9955720 6673012 9638130
9838452 1489889 2258797 4673389 9373969 1525956
370751 6250735 1759574 7003583 1557116 9938372
2931767 1194657 3752472 6864752 2811793 3771351
8917543 5597742 3683972 3210259 2823881 418839
6505861 2671703 1492927 3100180 3468410 8546026
4240111 7320058 4056257 1970236 7708271 2774426
3050184 1140562 5587588 8799941 7626177 2595257
6105783 7739205 5817273 6391151 7601788 909942
5279023 4585023 5112906 6474082 9795149 5976714
2765910 6660189 3553377 7721066 8872914 3057049
5831761 9978041 2303235 6116204 857878 2781085
2996365 6552615 4937698 7875614 2843474 6493364
2874580 6493087 8290983 5115331 3518820 7968509
6442524 4770038 2921769 8248083 5678976 62954
1740438 6543917 4903409 3629777 406397 7301420
985394 3323991 6189618 79842 5925163 3875035
6852106 1474930 8363116 7671792 6530731 6597944
8640181 9461330 3556947 3525876 6244649 7743056
3972327 1091074 5991074 7239151 1943481 3404299
7302181 4923890 6849736 9814257 9411760 4215659
4953673 5776870 2792275 7533988 1988111 880578
2974364 1530867 6012405 4356246 3567882 3836593
6323365 9094453 5171167 142976 1402704 9173062
7497723 73490 4636329 726946 4735140 3837115
4330761 4636010 3922384 2807020 9089690 3939466
9076366 5790599 7088604 5449002 582582 9411828
9705235 3932412 3990791 9217491 7188848 4495914
1692006 2113930 2414073 1675325 3025967 9345178
6228870 9137231 6938368 3040108 1308713 9532691
4639691 9810003 2126681 4632156 7717658 3482992
1488363 160704 4777152 3225290 3594579 4469030
7675287 4759241 1953812 5460281 7458889 5032713
9985695 7367461 4197133 8202364 2117764 1086776
5881356 3409259 674307 7751141 9771887 4577242
733768 8955706 6360072 5065492 1709558 3844871
8230904 1312919 6603710 844940 668201 4851513
9863645 7656277 9469380 270166 6071881 9553112
2560700 4914185 1400040 7317687 7679213 7389966
5458576 6998973 8791012 2409646 8248554 9784172
1816512 9649006 1613280 9867742 6343737 9690335
4369211 8437429 6459671 6938798 984406 8351419
7953148 181210 8354496 5898401 3930930 6210739
2546302 8596509 357355 5012858 6813421 9132169
1703363 6654411 2750580 7347760 2932339 5388930
8556998 7664288 1005816 7786371 2852848 9483666
6599897 6395300 7440033 3442227 802427 7536295
2407117 1190793 7388132 6763776 9230953 7085463
5059996 6264060 8031840 6753352 2037801 1767475
5247185 1832180 5829777 6155814 1596657 8444563
7403642 8901891 4060968 4221343 3698244 2514465
7173873 4032762 5548745 3448785 889612 7360638
450150 320866 5338740 5969195 1972820 5201105
7580454 2520503 4580626 7945528 4423062 5292182
5512654 9938588 7434714 2153957 7676597 6253046
4637826 460162 3464732 8996937 491007 2722825
2186872 7456218 7574553 1970745 218479 9460923
1674312 3922739 5526805 9144761 833108 337640
266757 5274211 5364816 7840789 8082444 936048
4772625 4696808 168998 6763085 6644476 4666233
1630992 6707326 9642132 6611760 6120304 2423091
9679778 8562309 7355568 1634416 3836474 6592070
6511524 4024998 306046 7349827 9003938 8986994
5963373 9289336 6481889 4374060 2056447 4366050
1636093 8629972 3001537 8973956 8375932 4177187
9903279 8056855 6508423 678759 3847742 1564405
7665643 514410 2619180 2099354 5872829 9477942
8957409 1930877 7926715 5906711 6869604 9583520
2318442 8222713 3278491 3185400 2003005 7417849
10622 6683500 1963514 1352782 8833837 3113472
8980235 9950366 5126554 6210940 2497365 5598031
4999070 9118118 1922707 1727327 2728103 9108271
9276248 2326130 8245471 3442636 2387716 2068285
6701811 6733205 6479579 3688457 399378 714634
8143411 2884261 5588752 6619545 5617929 9913310
7257172 5322265 8490252 206789 7095858 809022
6055879 5646411 2352186 1899936 1536895 3821976
4536584 4514253 8608025 6163353 9133171 5759484
7323844 9558179 3858148 4842875 4204306 559127
8200329 2487697 3472743 5786975 6442550 2250573
6747452 6888443 9406516 9626087 9653772 7513092
2906978 5200636 4572825 7660950 9566548 7336246
6781499 739203 7775603 7906715 4515790 7621910
5788604 1626321 6390837 7705029 429796 5969124
1065074 7442323 7213302 3416154 9906682 1779898
7730107 2234319 5541061 5910941 1993342 4259173
1471501 859452 3462922 6021018 3443658 6417971
6645762 1436656 5312252 848931 4582938 2913110
3726132 6610560 8322832 1415106 1608421 3171037
3920370 655241 3540886 8721389 2369350 2194964
7991505 9621414 2023606 470841 5763262 2938151
4083466 4459219 8673552 8794188 8570310 1217713
8612742 412113 8325910 2753018 4163161 3137792
1246019 7299892 8584774 4552121 9462448 9039826
956098 5836703 4972 5291252 6029567 8271466
9328139 6182602 6869848 7808578 4460512 8723911
4224124 6217265 4949601 1248560 689045 125110
2603673 7406508 5247049 7905692 8622597 1570940
6023366 8936866 1650552 4558851 9144660 8158997
7464773 4755607 2042036 3331473 3631006 8490136
6874197 7285048 3689646 8029905 2664538 3882989
2681604 9240600 2467959 6904287 3342380 1312799
6822944 8830941 4550495 7191738 4263411 5174877
2535721 3173580 3047269 6954460 2696062 8219522
6516091 5090726 2492986 613559 6868692 3173000
5604961 3094987 9623174 6842831 2971575 7392396
6547431 6497604 8520689 1379300 3772169 5509641
1927507 2882567 688473 8584468 4586826 4771308
3384060 8063720 5536297 1143852 6151465 2613696
9290442 2300131 6991655 6023842 7842481 3809004
4277759 7010070 9775291 3655897 2548117 9972703
8396607 2455614 7763618 2705922 6766698 9339123
5715693 4647486 5840957 9605452 6215642 2203544
8687603 8349217 3603186 7624726 9375285 263391
5242910 8884246 4808194 7413812 9953806 952213
5332642 1414614 2364294 440543 7035155 2617244
3814175 4824392 6520896 2978750 7851327 9233696
6954071 7498918 509424 5846266 8349272 487064
3132228 4582461 8182839 702813 1811156 3109824
3586263 5881517 5392012 6112139 8643870 3468496
6813591 977644 3614415 5083208 1936558 3769698
1786066 9055769 7854636 7532357 4148591 646827
3164077 2341234 7774723 3997459 6528725 9442309
5182926 1226018 3000356 9814729 5920361 5037591
9622221 963383 2258347 6724489 6633182 8844925
7437895 6032689 5610644 6662344 5758801 5249529
3056263 2373609 5388735 5007347 58319 7692478
7019835 1692942 7743578 1225043 4540768 1748218
1542483 519788 5694767 6962768 2391936 2148178
120771 608727 9536464 9671283 8292116 4827291
565935 5673656 7545195 3489750 2357036 8532693
1053577 9808875 927475 4221542 8755708 6077371
8611785 6435444 6109436 1179302 7787343 3441715
528436 4283297 7947015 8151710 9506362 2497348
2675053 1417398 7117186 2001185 9891714 3696825
8888336 4328253 7322455 6865321 7360922 7501621
9614802 3790566 7563800 9459950 5778370 7468705
7078917 5789751 3435084 4264183 113130 1628411
2685285 9859066 5253130 6340065 9053603 3092342
1748136 1886955 3438737 9151511 1855712 9262089
6602394 6509286 3537106 1889344 5355818 4331757
8246416 5367361 1912020 6598110 4101093 930417
5659525 3702985 7817519 2712272 1339433 3726439
982534 1374158 9987625 4547928 7420054 5092931
5421701 6341660 3749332 3160956 6643834 3316875
7504490 9446017 8488467 7838224 8247185 3231841
9563701 4724741 5318072 7048428 4331754 1902989
1331444 6133336 5358913 8523354 5741922 6075976
969382 7096783 4911866 3268816 9062490 283031
9536037 6804639 7192467 7195840 844916 9572506
4606695 7412214 1710861 8740624 4786203 4315417
4844298 7667457 8629968 4908751 7592086 9165868
7296605 8111045 9655833 7194527 5340545 3983142
2037311 1581560 7144567 2940795 3029941 9477052
3685830 2399528 9329868 1844900 2125328 5427068
8704562 257550 274879 3070279 3358964 5672195
8715799 8522837 6710128 4844052 6342264 2413145
5292243 7710328 6960287 4282418 199324 278481
8197216 2917141 3645578 8958448 7523893 4702063
8699209 5089820 6802283 3489597 8946552 8657765
5815786 1153248 6947062 6203043 4847734 9240251
2141936 3554223 2401561 7493412 2353359 9303369
4195806 1597581 9530236 2375934 6152613 4619594
1125823 7991404 9847863 5013815 1875813 1477733
6263933 3763058 579914 261132 8265002 977618
7076996 4514889 7857879 1211976 9196770 8837448
6225421 3111730 6438993 8778227 6074428 3727245
1211432 9221277 8426923 3509232 9084961 1057501
4515511 3650360 1396097 4775647 3621602 7212046
2536782 2158291 4363612 4268346 8070624 4836048
712841 8750872 4152620 1310663 2587225 6971759
4629228 5561077 8588704 2248454 3246453 9370976
1887635 7317939 7564426 8369759 42481 6041194
7164571 2792877 7840561 783066 9741665 7784859
3398488 4817790 568505 7665990 4005539 590141
9329335 221709 4125994 3319872 7434070 5498003
9190654 8780847 7586521 3280988 7183072 5278495
808163 803576 8585260 5835567 6049302 8870862
6260979 3557663 9324914 4555764 4236753 4428477
4816077 1070334 8244913 9794406 8869253 5968197
4358582 5908539 8221927 4617613 3512140 3605561
2535279 8725346 3916728 8954358 2362140 1452187
9271133 2320796 272415 7253510 1118599 3131288
9203352 3407436 8394573 7966935 3611713 5097217
7858137 3006729 7092482 6131147 7205252 5705946
9513350 291629 1809144 183558 8039066 4792011
3613950 6043228 3770786 1728709 7755369 409315
7754467 3671938 5510844 7426048 7052728 6628350
1808417 1848757 2172837 4631760 6478909 4158124
9819838 8004877 7559618 5764825 8790104 2338621
1737019 5517809 7689021 7892233 2362050 6785263
5092558 4015920 1082673 649031 3795680 993887
1330325 3519849 1974677 5030007 4748734 3143493
9531009 8970024 9665900 922124 8465461 4230194
922017 6035219 4050930 6455450 1462830 2277017
6052155 1765087 373315 4729901 7824439 396055
4220128 9326370 3533962 8458866 9777247 7841107
3927562 7049405 4648236 621952 318284 9189571
8728000 3507751 2235913 9511295 1850370 7637737
5592711 7358766 2416573 3006215 9824169 9991950
3307756 6534487 8173594 7340900 2392251 4594113
4178288 8044958 6011193 868871 7099333 6713104
8853806 3158258 6456206 680240 812641 1162122
9767235 1908520 2319947 2664558 3653426 6444417
6968012 5321286 4578487 3284587 7647867 4790843
2696928 2680713 9814413 1823289 3283277 3894180
6371023 8190989 233546 5696294 9351832 8739264
3115231 2426053 9807445 5469005 6274959 194025
5543330 8698736 1662901 136653 4707021 8522617
4469743 7217948 2940443 6297702 250338 9617425
5537568 7431684 3824420 8697793 7961172 6461420
9918743 7987272 1850608 5595851 8275234 7030351
811186 6142643 9165670 7261835 7399210 843187
3657879 5622062 6025886 2739772 2223800 1335119
9256476 517906 7275347 5523402 4232509 2139609
6045298 6091935 9500006 1804921 5655405 5871003
5300979 5573985 5546152 7065488 761985 3116480
7110200 1481799 4873153 9114704 8803629 9847860
1151265 7384851 7445080 1428844 9323034 3810517
9727421 9040805 3644583 5651497 5755653 2497810
9913710 1683989 7817476 1864869 4858178 6558313
9902787 7518941 45083 4194331 5968528 6825536
2592082 1184784 958647 5022156 4692056 1168827
8533449 4648666 3394206 96649 4081912 9377756
1253872 5885766 243339 3702207 3741234 9912242
5994606 998487 6834305 474611 1661421 283931
1453625 4789164 3189707 6790599 6224111 2503441
1744411 5189226 7952695 6288181 9430634 1871381
1614048 4750538 7480951 5152503 9460775 8256036
9002583 5426064 5601505 7046158 7286055 556849
6018722 2596842 3709103 7639974 5777458 4025196
7235555 5526977 6713555 3873729 2127561 2246380
118822 1876359 3936893 2529430 9776534 3236990
6657770 2473718 5455691 6537806 7652087 5262247
3264521 2277442 7327482 7836355 1346690 3155229
8298715 3166503 5110562 4797137 1177468 1682391
4045908 9916036 7470372 147232 3929944 8116395
2335153 3629110 1266465 9706006 7227788 4062795
5122974 2834611 5454799 8600522 1621584 8876230
6650152 455567 6832380 2459128 5636878 7756906
3382631 2678863 8580356 4282318 5190077 4209127
8908424 218534 9000631 3491915 9831405 8050035
6476768 4764947 7750334 4327578 2922015 4689377
6430595 5064723 9168648 3378300 9876717 8908339
9949792 3286187 9453155 3895532 3445974 975390
2725337 7087340 5038004 1432507 3246446 4638016
8404790 3520344 5088963 8400368 8146321 3411997
7112454 1564717 4868304 6882282 54275 9100502
6545309 8709802 4840113 7759836 9963028 9131464
1464757 5372174 1852284 1330636 8028603 8282229
9189804 4437914 9010811 6138386 4662510 2139128
4587728 4080632 1160567 2744902 1987437 7687550
8819043 5933935 3940352 9236297 4472143 2659174
7992441 6044426 5909012 3850534 2386889 7391367
1430356 9931149 6874530 830967 9833971 1822675
1107980 8154734 2660221 9440913 5060022 1003855
4925032 4789042 2739468 5115903 8311981 9884116
9039049 3622529 4829644 2404930 8257554 7511331
4265925 8351001 3343368 9105626 2610391 4596248
2423190 351011 1399329 9454327 1412525 5374172
8063823 5893055 371894 4525692 721975 7648076
8256127 1932857 2105565 659071 9318292 7270566
4455465 3432384 5176645 4060033 5960436 925491
1984769 9506359 6685580 5426409 7655177 5232438
4911354 6129216 5515709 194845 7887586 1644940
1219519 9978354 8314587 9198676 9510817 4132440
6119458 8826593 281382 8035630 3490580 5315033
9685795 6377663 1266745 6286147 9201484 6485733
1788627 5548324 9930212 8081113 4263335 9254062
4764808 1457598 9763744 6738026 6242883 8550333
4457311 6739911 2642200 9561269 610709 7272979
1015814 7336015 9518995 7370053 7134236 9473249
1849232 3956613 721237 1630940 5695701 4347615
4234955 3682236 8319125 269255 7267019 1192341
2592480 9722796 1022630 3842957 7064663 1186783
5306796 7148242 553066 7503928 878267 4654597
7805802 4114522 306539 247854 2295747 5918215
4466629 4951992 7961865 2479941 2142973 8679082
5452127 9887650 3650323 8180138 4425784 5282421
3660195 2261329 1072266 2311048 2845030 2214491
3445790 6001585 5552736 4068606 7828901 4800660
2549835 6972773 2659749 8212844 3915398 9833779
4005435 911453 9240594 6516222 4632727 568611
7361510 1867027 6858026 6244221 673283 4523162
3689646 1222628 6571698 3841673 3591378 513452
5262778 5776908 7273452 8882747 4221618 442721
5112538 3759256 6739533 1250785 323572 2456568
704183 4516634 3744765 71212 5093585 8973830
6777574 920781 9293053 7060859 2288591 7304490
8083597 8086947 2711419 8384641 6952506 5513325
3588661 9163002 6306926 576236 788935 369038
5634038 7479756 9226262 8210309 2647574 2266338
2216418 4231065 8771618 277475 2082797 7826502
3346006 3183085 9689243 6981395 7407929 8869469
3874810 3529018 5543423 3307469 5436322 1757661
9528259 8610230 5189889 3702970 3673573 9345624
9312720 2707908 5204544 8685922 4114940 6622286
1150646 8567505 6184132 3602176 1375395 6284525
1009515 5309568 8105219 3238405 9191562 7262283
6792670 8729087 9630775 5290978 1433021 4937366
1223075 5075194 5046293 6844253 8855003 292701
2168273 2114354 9094887 2571315 2331355 5932406
2734726 1243740 8850532 9160322 9067036 6383683
6241385 2200517 8809239 3733111 9610257 4296507
1092901 5789124 3717876 5873115 1369482 1040970
3893243 4714477 2917410 4127651 558627 266627
2035421 5693670 6087628 844053 5931848 2322669
5083522 6479435 9753774 8146811 1607655 1263718
1454862 4869489 3301636 1191456 9995902 9391537
8894342 1818473 7985865 7162207 8064560 5825588
9369980 295965 2719145 3660845 1308692 3675897
1534307 9351207 8058394 1384146 8031414 8075737
8647162 2234553 3212936 1097400 5650561 4826958
299735 8297661 1994583 4015191 5041412 8496317
164910 8709064 2090562 8583690 5318783 1502716
5470781 8750955 6736884 6986181 346754 4545524
3036006 3304123 5864156 8537979 4865363 8067765
9868434 4776349 7614884 6803249 6943679 8375674
2512081 9497836 7678394 6881291 373775 2036371
4801720 4623029 9735632 2945465 826973 5944120
8696165 7505589 5727533 9479645 8027722 4545120
3361217 3787136 3367425 9396715 8073205 6023393
4447572 1990112 8735511 8395916 6445038 341142
3689246 1310542 4467763 5970250 6500405 3250757
8439725 6680941 85908 7676414 6727873 9871316
1187219 5804187 5077110 9843755 7152548 710405
8800285 8018546 7658745 4563026 9848660 3018561
1646244 2438831 8354333 7125906 6322463 3277911
2953150 6050926 4516077 9968221 1147036 8308890
7448783 4559715 3030982 4121606 5350184 300861
1390465 8408823 1156757 7114429 3019818 845394
8547446 7309753 381838 7455507 2617621 2237747
2853570 4749001 2942553 6815570 5208502 6474880
2107118 9972681 4220406 765612 2769002 2768817
1780452 9799227 1600292 5088339 3568329 8149589
9266766 8135917 690008 3604026 4024596 5602981
5976973 5301611 8925442 6172977 4175544 4000708
7200108 3455217 4965272 9187474 3944906 783245
9510314 2774566 3448804 9247122 6237323 9222545
4510692 7851206 3583202 2878833 6073916 973115
7761205 620873 5292090 6250882 9314969 2671828
6195843 1108097 9185419 850198 3899013 8278239
8416814 3219945 9983909 2505951 2974513 4264290
7621238 7241648 1486825 7416556 5345340 5008102
2904802 4110095 5421235 8893447 8059533 423940
4776129 6602555 1702969 3488103 4363018 798929
5097284 7836217 2367258 6049482 9131768 3703840
9099194 2031853 2342862 1277840 3254731 5849873
6640043 7881832 2767971 8130800 5131970 8790108
9637748 1890866 2705185 5320737 7587718 6188541
8427724 9061511 2944349 3002734 4563957 2293915
7759335 9835404 9918935 2091739 7428857 3204970
7327496 6417413 6715715 8289007 2300573 4994518
5769012 1753507 2653586 2716048 5076724 4164894
6099947 3550059 6447720 1655397 4111814 9230156
9378037 4418775 8221605 5477480 5777812 6407632
3246665 6539023 4672628 6952378 8737634 1842567
4443269 5106600 4928607 5451780 9582886 648516
5263062 8708099 7442818 1693527 9677693 2866409
6443405 4755348 9035323 1798379 5121671 9132683
8510772 1689064 3943117 3317643 7606963 3880986
2823413 9918175 6856814 3729437 7249960 221472
3101800 3039264 8148463 4915217 6973768 594835
3560465 794727 2683342 1439984 3607960 3393805
3975921 9858691 8387600 8825456 3129262 3623540
3204714 5643912 1376349 1622295 8861598 2005062
5525822 1181736 1782602 9573066 5479439 5363208
2238719 8309499 7294063 6874287 6806959 3197445
9394201 224596 7608477 5661771 1678075 9335897
4384571 2439594 8689209 6438071 457511 9446721
2199608 2399324 1835871 1063521 9873894 6589478
203828 5635372 786190 4581491 5278103 765292
2864568 4369461 3015518 7988800 3345706 6786580
8421319 5326045 8784062 4356398 6577348 1869371
8677291 7025265 2230834 5869936 4751258 5803903
4304934 333203 6413657 3411779 6335220 5753741
1595751 4425595 8435732 4719630 4463393 7711584
680421 5957971 176217 3506586 8296686 3521026
9084424 694648 728864 745362 3784353 3032075
7262961 8836751 7662507 9238516 7357042 2352244
7383456 2260069 4643049 7674751 1182705 4547584
4201681 6446499 3049168 174823 91455 3898545
7023405 9013418 7169712 5500221 9759608 1556816
5883420 5621005 9697275 9599475 9987668 2646284
9435905 507831 282338 4121317 2035081 4749448
5701327 1640804 7320462 7520629 1848314 949495
6264765 598250 3409321 9376118 2080244 7174376
1700321 535650 4915418 2643647 5418292 4699189
392626 5217628 5130781 8507040 87388 7144996
8325820 108761 2692802 5069586 441792 3085625
2756729 5126768 8422003 5122632 762378 9979814
9159521 3092999 7153677 1354365 1217836 542091
8995771 2838119 8679693 3643304 5968559 3998788
1226025 2020631 2065656 3677766 9604370 6547531
2728062 1078722 5018236 4969055 8818746 1748192
1661375 8196284 1279777 2799081 77822 2120235
6033683 4496316 5755796 1047706 4103724 7598579
1984391 3355902 3744519 6469814 5998394 6973285
8950238 9467567 9643469 8430997 64279 3850480
5472375 828689 3603583 6717358 7486873 5105713
126471 4633375 1494697 9758928 1874045 5821870
4530594 2637796 3751771 2412001 3811965 8718002
1387502 8587189 8288281 5281027 7067712 2830125
9270697 8795155 8987377 8604275 8373516 9860217
7896645 3186565 4014697 1558688 5794264 4360878
3393023 1298611 8322637 5859310 1663006 6472543
3206203 5343350 9949708 9164899 3522786 9807158
4080355 3875352 8745681 8788426 273256 4769528
9088583 268732 488301 9643553 5506267 5849235
1509489 1435035 6851160 6300956 7062975 4565382
6683237 498696 970576 4554809 6942195 6727822
4530055 5520600 9086318 3818237 3932777 5960020
9611185 8608792 4239214 6236481 7564423 9175219
1632144 1041454 6609731 4772900 7646242 9464929
868523 1146306 7888478 6100930 4778484 1248225
6880291 1909866 1509238 9000758 7523979 1319108
8185504 6535751 3276067 1209826 8492834 4613544
1045817 3797227 2772406 1447670 4368962 870791
8787787 4467698 208757 6369861 1811657 9546090
5613658 7442525 235081 2837990 1275979 6232447
7041431 8882673 1213919 9560997 7346504 8365689
2072927 6553182 5927509 204950 8143930 9334933
4086999 2502735 553750 3057459 8043468 4302901
759212 2222704 2768737 4862716 7812034 2959874
612297 8381071 4793478 4196713 1334678 8577477
7203228 8987348 8165498 2920878 8025358 5751043
828516 438581 6710458 3954600 5170240 2909891
717597 2372923 855783 381634 3078504 5981544
9846444 3136363 1974798 7814025 8796914 1746068
1691521 9413493 4001098 9442437 3312388 6907469
3907185 1844899 3707451 3000086 1500604 5008379
9627841 21132 1177339 5392847 6140736 4724698
5596175 6944560 7705503 7887654 6299114 4051686
129136 2973952 7495062 5991354 9600479 7187149
129269 6213769 6723490 5611785 7349210 7337110
251589 4683346 8453876 5080446 7300277 9997450
9501813 3071660 3975506 7435353 3277803 589815
3401915 2684740 2868635 5327323 146407 3341273
2384444 3423763 1655714 5088646 8645051 4476323
1158605 5366377 6675320 5046052 3208846 7103885
6883175 3021997 4129749 9775364 3875085 3729932
6630750 201630 116636 4505975 5469467 4925000
3863485 3762068 8082621 4831684 8992827 7627649
7670723 1033967 6663019 4331482 5789870 69311
9031834 1515656 8214818 1673110 7968072 742316
8626554 1982032 1188684 2924276 8656748 5228445
9188613 3492247 6937360 914670 1707071 7970097
3426839 4768472 5328376 5700342 9288808 8580800
3076994 8723523 5000589 302207 8932637 9765073
7483207 7327819 7121479 2472027 5852052 2938546
2424077 7868251 6332077 600579 3082513 6809362
8874246 5748912 5680232 2635702 1202969 4190025
9196356 8791616 9279856 1653791 5322537 738670
5312076 3191977 672772 4949742 4107945 4460554
4195122 2014506 2221618 8188007 2346785 8700319
7990901 9044496 4103231 9966959 5832471 8564010
7547556 1287229 3844630 1262559 7182453 6411380
4309447 3233803 7241265 3972221 6112080 2114791
3381339 2931357 5717796 8297060 9137742 9888255
8799063 7154465 9004032 2006617 4763156 1184091
9797615 20747 6143883 5895970 234694 4431890
417604 1999137 8225976 9584465 1052034 6988931
3248029 6164319 2764028 2498980 7871235 847692
6063337 262680 2968201 341427 2755516 3568784
8750106 6637185 8327019 3627564 2530548 8414950
6369832 6549501 951854 9712971 9750083 3655996
7034952 7680293 3916444 8520248 3760456 1311555
5483015 350853 3071960 2047229 9182834 780017
9195508 475085 6631716 6350111 9745913 845668
8781431 6629634 7822632 8974457 6857996 7768223
32731 6466862 13549 3287176 1933880 663458
8528065 2475679 2625506 280890 4768678 2106025
1073087 6851522 5196730 3154907 7107211 9620486
3517847 74069 661169 6930159 595834 7260226
7477733 6379640 7071767 4380036 1956276 3006502
9227039 1735450 7679053 1703089 7866188 6309052
250546 9341193 6059026 3695180 6675857 3393342
3992763 1830197 3541703 3094556 3120815 7880511
3239463 8287292 5925739 5428668 3072068 4897119
6533706 2925786 4827661 3776479 2119546 641354
6261353 3140317 8124920 9537928 9260929 409952
4798095 2593959 3572498 4304732 3636490 4039050
2275893 4572849 5237775 7515306 5144301 4850340
5711168 2948734 8802176 9563672 5643070 3571346
4431991 5481807 3317459 676273 7557225 8352101
6710048 7920394 3443031 5536544 6635507 4680986
7155526 240162 3872038 8925006 8592360 2733324
9191301 1703710 1783203 2364558 1490702 8579266
4645289 5142069 2689171 6307265 1240971 1781584
1407867 9660518 2440879 3904833 9853935 5030415
9291898 1760828 9254490 2671403 5194686 7479393
8375158 3830719 8270962 4964728 2323660 5303307
8444673 3396370 2371963 9058331 8435179 6615748
925916 8208732 1944292 7116425 3348787 6066328
2260620 4087923 6323096 1046352 405295 3777427
9835866 489691 6898787 7508742 4340249 8299122
2552112 2109140 9615983 9638787 9529394 4036271
7043699 3117403 6586633 1286757 9310378 7319355
4788849 8869788 3621504 4106044 5587500 8102483
1469827 9431632 6277434 9923259 9623587 3095393
7682421 8234477 9710010 8585679 8928939 6899299
9433874 8814290 4454414 5975575 3161380 4889544
1057310 4601794 3378330 4492955 1580712 3004791
936867 3190728 4357096 3323880 4012158 2915295
1713562 4863253 2287402 5313735 6795262 5826933
6751019 4991150 4204107 6565386 9214482 3444769
3263272 6771941 6374162 6903526 7167922 8742032
8450800 5333604 7180761 5801065 5562901 6974954
8941018 8510883 2289095 7057673 6608932 701669
5227755 9224402 8641131 1536028 3711952 4411609
7806675 5866811 2930783 2642401 6600704 4400266
3382013 4280244 2530609 9315597 2182191 1711602
7368913 2616205 4402883 9985306 7507098 1668673
1669402 6835607 7683732 7408162 7877679 8185943
1869387 6606217 6761569 4980396 4429090 1985925
3915309 4094062 704062 8597796 2881844 5403779
2637391 489633 3258433 2378477 279887 1828239
6761988 1780554 1758155 3998962 4510446 8586564
9259436 6026236 2218522 1493568 8656536 7068224
5138307 1915216 8092193 4011122 6567889 7904213
2593246 7618956 8616581 1425028 4881759 866421
6384792 2697027 4498026 5769067 2940231 1446422
9697695 6901429 1312397 5098544 343668 9637971
2728330 7527315 8675079 6101448 3564329 4855397
6857374 1681551 1244902 9787081 2593556 1782050
2209088 8813279 916027 4200190 9527368 1788212
670094 9415469 1822722 4747486 959963 3263711
2239962 7306294 3185002 6613462 6529760 2452991
825259 2564483 8731300 770026 30741 3821255
9837576 6212465 1361031 3994081 9351636 5395453
4240044 2106062 8132989 872748 2102627 1428773
9033972 2692121 437770 2167836 2832058 8237756
3571697 8215352 6819243 4434814 4180890 5121765
2045884 4582643 6172447 3920009 8533251 7422347
7920213 5678077 5860912 6990738 3786217 7095550
6146360 6157616 1693640 4194921 8122669 2802570
4904194 2975928 1999489 5929426 7015708 4286675
9726189 5533393 7179528 5655291 9672031 6441285
3101115 2215397 9801277 4458580 893908 1904060
473854 6198168 3553066 1086912 3362083 2414420
3203563 6260874 8413411 8330739 7310721 8023619
9642919 5200546 922038 569172 3077467 6347143
1120167 1295347 6949692 3002498 2882008 3465705
2065027 7845315 3906930 4255999 6445944 5763984
945931 3404713 2336771 736517 3891092 985918
8971920 7202643 4345744 3712321 4540749 9870873
409562 239058 863686 4390825 3598531 8672236
4403931 7102265 9564043 876421 5879450 2610857
3160736 84245 3916875 6323891 3492844 5618198
5051736 1196643 5560734 9621156 6722981 5907113
458135 2613259 528547 7340114 3540344 8304600
5541594 4617424 7329012 9187041 6091877 7026179
4479215 5614115 2982147 4234085 3505819 6344957
9115956 3626526 7564925 9880782 6028855 4495183
2973307 2428264 8610903 1719053 2471352 6612763
2325125 4379721 2254234 7094562 7113824 7439232
4052816 6781757 2566331 7027161 4134187 4673563
159648 7339361 9635935 6597812 9808675 1659222
9764777 3006191 3733344 2593347 6519654 4263134
8343946 9839996 7226912 522916 7060208 3891723
1483044 9801131 6047385 395453 5885448 6277601
4175887 969778 3437851 3086072 7348394 1957974
4322705 9624316 1650811 2578758 2969517 1510157
6891067 9724165 6065365 9507242 4947173 4781801
8353757 1221279 8942148 9404413 1135997 1240822
6176396 8037844 7957833 8971299 3148510 4524018
342178 6544215 6440182 9809656 7931612 754133
6408557 1274195 5489398 7982656 1965169 7273067
9360807 6916747 1551122 6916777 1354415 5162590
9630928 3384604 4966823 1269740 2045774 1170989
5182801 3624615 7461715 7648890 3722003 1429734
2624678 3046419 3673540 7035650 1115566 4503009
8767867 7961436 6185223 8119243 6360397 6410774
8283162 3076454 5362968 6460328 8643661 5411066
3693585 1841960 3804314 4556098 1825141 1168795
6949108 2836257 625915 33804 4409486 8561033
1252738 6573438 5846573 8472754 9550234 5314041
6734381 4381533 5812405 5978645 7061165 6328362
7414054 9723959 5592277 8496021 9623295 9068092
2604106 8952881 8912742 9768408 4971050 6400048
6046402 7595555 9853287 1854990 9713298 6326794
834642 5890158 879430 9179000 7049641 5740324
6009647 9749751 6052155 9519395 5619010 5326999
8328355 5715880 461797 3406951 4089142 5953795
9057375 8018934 1013052 246003 1084552 8319446
3083664 8146008 3710126 8510210 55651 2630937
2114556 5247508 3512514 2924460 4836494 8870785
5627331 7910308 4670066 1827759 555014 5765608
2705657 4172077 1076511 2129110 4034011 7991503
4439644 441092 4737567 2346763 7006404 5990974
9849720 8439627 6222758 5616391 6768606 6751479
488625 6277125 6844925 225039 6029275 4626297
9207146 782968 3446309 8558740 1955753 2465523
1670099 7846456 9900970 6085090 8431956 8229691
5741667 7077526 5786979 5803912 5705683 6109377
6522531 8402495 1620025 9115455 4503337 4710371
7828991 7183785 3291956 8137303 7314720 1267117
4886435 6734050 7112205 9879109 9388240 1132278
8535314 3423498 7475690 3720672 7369347 5100741
8084488 6613761 3844941 7209019 7557741 1781874
8850072 4711886 6965854 8645836 8861497 6118529
2818380 3054067 8401486 5112688 9979908 6945590
7835204 6432670 5423918 3842495 1585535 8413425
4125347 4781518 8385743 2973799 1811141 3359154
5182961 4606548 3258221 9328917 749606 5108633
8346105 5197674 8543894 286284 7365840 3570411
469578 6003159 4645180 7964416 6705707 8572597
7865478 4432848 4411664 3452164 3788934 6806047
2283248 4922701 6768659 8649557 9846367 6120716
8993373 8882951 3217968 767583 9360214 6655595
5742727 2188209 5559052 8774258 6116367 1379790
3323456 5714923 7854475 924165 986986 6431312
7688797 7721969 7578189 9246478 8786168 2160484
9553848 215196 9583419 1650590 3120952 7707591
5936597 9848505 3107872 4786393 9373006 8836814
5900168 4590287 5135149 3721107 5673169 5010264
9101356 8802449 7323685 467882 9331959 7182061
5149847 3804305 1879033 3990662 3304141 4734163
5054381 6111403 4459849 834846 2747578 8741504
3032038 4532225 5680752 9203986 6595311 6142509
6890777 5103356 3490310 9521699 1063111 5735622
4585302 9385801 3034393 8530869 7677219 1643684
1590927 734767 9215131 6862975 8053937 6542814
4160116 9013644 7022346 8095489 746270 3586732
8089253 6708991 2296697 1900500 2481647 8436528
240151 2973693 4175660 118091 7063729 1207647
4111604 8378114 5307805 5410972 5566561 8333369
3848763 6390920 8066229 2566630 1277722 8780861
3322722 2719553 3467504 1271862 4720147 7514221
297220 4251829 1143880 6896935 2779169 7897005
885310 6964623 5353522 2877560 6474471 5389070
5096548 2932369 5229597 7430127 8985559 22266
5648662 5140620 8605744 8024039 9767138 1269092
5798662 1493943 4810723 7524889 7816952 4454179
3397235 8185031 814478 217443 1450325 7745098
5068780 2026567 8794973 2192211 9025537 920858
9202257 2115135 7649911 1605289 1252143 5999008
7624936 4619714 318151 4254429 2928663 2478469
6722196 2661933 3621919 8153842 1798059 1758677
3430558 7379473 9489384 8305507 6784791 9051380
2454602 7353445 5757565 5525063 5282851 6249884
7326124 9052203 4099225 2634575 1830447 8053484
9581132 803919 2723369 341370 4234202 1510591
6951883 5623193 889285 6807194 8144726 7458394
1645954 8170412 3727747 1885816 4844020 3889661
7489083 7425441 7987373 4969057 5122823 1722496
7532232 455711 128068 6096337 2218106 2224391
6526990 9848044 7950986 1459454 228629 3513956
9529241 2398708 2011520 335859 8372356 6294349
8814823 3337721 1521422 3139539 4890263 2160426
5655260 2247378 4852812 1911278 3576958 3287571
1709652 906171 6971843 7091441 7932946 4392925
3701271 904297 9494849 4917305 5487390 2936311
315201 5922708 3319864 7417552 4644991 6627508
1251760 3106326 3187832 2204340 9611760 6084964
9340122 7796298 3180696 1659919 7332538 7167382
9954417 6703231 3045791 7502107 3682252 23319
2303904 5423852 5700574 4832547 4000191 1403255
9533593 8040798 1001624 4999694 9479024 8668031
7349905 7974578 1653883 5932087 2632360 6029554
1009070 3501567 3486470 4568087 6085619 411550
3106137 4450333 8565831 4110539 3439121 7346729
8479694 8654420 6586238 5249967 5562012 4954859
2882575 7196206 7327448 1271682 1040790 3941584
5811092 2392521 2378311 8698457 2623314 3512621
7845341 2171479 2824066 8702172 3743627 1369613
4424924 6636876 83125 7851602 8983419 240748
7059047 6147659 4643938 2166495 3138773 105417
8583065 5071728 1149913 7949053 7155917 5225274
5627848 4459096 2204176 5166346 6840470 4292977
8686125 6865690 3935926 8033277 9771002 1763717
8350013 9066214 9145571 3053405 9150407 6748757
9903880 5782085 1072451 8828702 5155286 4058573
4875126 5491172 3509407 2790562 2860691 9810719
1293965 6631478 3477608 5258673 9087545 2441781
9246346 8294452 92808 4849808 6167705 7577699
793210 2403105 5622261 8052720 3287261 5462550
1834596 8390046 8723174 1130668 401813 4116057
6722461 232177 6455448 3589295 5131078 2562343
332957 6974474 8890973 3947196 7032867 2661458
8165275 1861133 1476914 8704360 742883 8581786
964566 9916339 9343076 7621696 7180860 2054011
1010302 4302184 661465 6144776 3147025 5153203
7187250 6358789 2708968 3491507 9884062 6455703
9176512 5264359 3381856 1361955 7313757 5908901
1133194 4668256 3372026 5886625 3745679 2093461
2771770 695025 122078 5050548 5236800 9853953
6301697 6530016 6968022 5477483 2339465 1162483
2705054 4919098 2610272 3915833 6025899 3457079
1274177 1750932 5817904 3669150 2627941 8794784
5402110 9452608 6539685 8217675 6839445 488876
8388090 6227792 6002672 4784342 6664933 2202492
3914375 9814011 5376874 812188 4528837 782985
7445753 4056570 8896698 7575927 4586904 5531922
1638307 3220959 6226361 9273842 5867059 9125135
300810 1687056 5619532 3976551 9617858 2977110
6273831 6151635 78185 841075 6026069 1717259
9016626 348828 6171522 3909783 6291716 5037218
3978612 9495344 3633957 4570736 2891567 1259563
5742951 4763535 1037451 9626658 328760 5457851
5543869 3187800 7997127 5780726 7007570 1701710
2851202 2861164 2778556 3753109 3329110 2364401
5793493 3712802 6616708 4959188 9942280 8039959
4055574 8770750 1224269 6256969 4952860 4515628
4702700 7127520 5333363 3395222 2263661 16406
3328433 8237146 7942523 915935 4542075 9676678
592128 7127605 5993010 3102604 3056910 5091412
492799 2645220 494087 6631488 1261670 7243265
6897611 8992052 5038750 8310368 9611280 2900750
5109150 780194 9919492 4232186 8701559 2095149
9955169 3710250 6754857 2958824 8961504 8876068
8021377 8684761 709321 319942 6485619 2133851
6386023 9418833 169673 4388089 1557927 7058658
9667741 294029 8739141 8075626 3948832 4896046
7892384 8191235 7595239 7164316 2310293 2407581
3645908 9115155 7752653 7020746 9707079 7117413
6603626 7405158 1348306 1754804 1049204 9295676
2648053 6329843 2418191 4803229 5003226 5577808
1490307 1581071 2271775 4529781 4064008 911722
4494965 211117 6909937 7617802 3886560 54246
8855477 472727 9783128 2648536 1446616 1106539
4223774 654507 8233501 4756557 8978062 7989288
5267591 8682288 6619237 6711685 3576419 1665280
1493433 2928918 9702340 6060368 8484956 2857360
2327608 4202284 9121760 4500743 8980815 9977266
8068342 5406392 4463742 6988257 7858934 173160
95366 9148966 1583051 9839849 1073983 8529625
69420 7764800 7671562 9899219 4311866 7132857
7662084 5736203 6330712 3152957 9013252 9613683
3945706 1373750 3907266 5247885 7025738 6318670
9758823 2577490 6706620 7026473 747863 9451001
3310634 878501 8399445 1254454 7893089 9061062
2054901 95915 4334303 5847475 8368457 5896382
4047918 8744226 2872474 8386875 7141471 5810881
6131757 8028500 5820368 925410 1981710 5639177
447418 9147343 2025152 2632129 7049135 5959949
9685078 9355534 1275953 9538636 4720329 8316664
1455830 34455 1444503 6946609 1825430 2359244
9136398 727404 7774812 6542157 4359483 5615524
2983721 5038829 135121 1815314 5701137 6260526
6021661 1997308 8348238 2133484 3323575 2955606
7111300 533776 9069266 9391629 3862537 413741
9256050 1860518 671817 8318406 9700750 7203141
5450815 6345690 5919099 1326043 6104282 9007657
3974399 1779753 8360050 4659249 5902853 318093
7513217 4811241 8733855 663537 2414799 5449437
8928284 5763977 9239717 803396 8309863 362760
1088086 8168292 8168165 4019359 3124063 1816693
6524606 2485424 5137376 1242834 8980204 3499903
9237422 698723 8278259 147677 2363658 3145328
6007106 2035637 3825794 3486601 2519588 7069133
2298940 8359227 5950901 9403174 7926861 9938035
547029 2562741 1291577 5322798 938653 5075966
4162161 490283 8424206 8867922 5459841 2959291
530130 6571177 6649119 1442448 9910241 3839580
5319890 8608254 432936 888227 3450046 3308777
4231150 4601728 2750271 261087 4083311 4047211
3472181 7045420 8630609 8385225 5638356 2300232
147368 1311453 1646201 1249809 8094109 5047496
494328 2068365 2844356 5308047 8152791 4482255
9656370 8772798 4334714 7469979 5013562 7158214
2644636 8358784 9807155 2209845 9392223 2173290
7077131 5602453 5027351 5873899 3797712 3457557
4945615 2991115 5169094 8469876 5895082 5314236
6491556 8572111 7146757 3732450 9710027 7874719
1977617 4309210 3878684 2171325 3933735 8077363
70169 2010679 4040988 6294571 2713332 1768319
4602028 2700348 4151426 8187825 636232 8561544
2229553 8530355 366679 5623188 2158179 9654779
3485568 10210 9883593 7062776 8403634 9806276
1793397 5946005 3289455 2133594 4179175 5770500
571466 6725460 6703907 5227182 8991643 2564834
8900647 1669991 4487947 5120712 5993748 4361061
2523777 4607910 7136792 9768051 3419652 2589287
3374836 965006 7355509 4478039 3878813 6824406
1056168 2336684 1523241 9512268 816146 8978735
4601033 7594566 6341803 8397486 8119664 2227231
9148566 8576124 3600834 6081406 8480888 1347903
9528650 8052983 9904904 4977997 9172428 3389359
5181054 4576313 977834 1545414 9309882 4857638
263847 7306195 3967925 4372805 4727602 3871944
9736515 628628 1976753 4944346 5149695 1003425
6416790 2744472 3820654 1082626 6447065 7189113
4926350 4625043 5637398 7553857 3412862 391969
5719280 4433253 2064229 6374539 6004599 4722431
8794427 3609179 222432 6738840 9784848 4568718
7374666 8924952 1238924 411148 2671723 9662
7967570 2365540 8621298 5635874 4889505 3769132
7165409 7067032 4584422 8943156 245719 7760352
2572191 1377980 4087430 5460814 4786512 6910688
471936 9630936 5587754 6157015 9164660 5253933
3401209 9769845 5801557 9158342 3327401 1908061
3941415 9240000 1501598 5810666 4326536 216231
142546 5856319 2576746 9977852 696562 4148527
8764530 8459568 5115390 6216961 4073408 2141732
6663474 5312878 7163053 9482394 5399175 6872848
6445931 1787385 7126411 8736978 9634761 2865215
3471375 5737916 4783922 9878942 2547799 2357383
6338627 8651330 9110493 1975193 9298642 4275792
5156254 3644160 5432414 2201999 7457364 4979347
5384870 6581049 5616949 7129059 4070927 3272133
3105503 2585177 244453 2819941 6914858 7835832
9212788 4615029 5698231 6753781 9543940 8293539
5882786 6139353 1740133 313418 3372168 2032797
2617455 7217453 5346354 6619677 4024753 8456330
2136246 8192364 5655281 7793811 2567198 7339631
7756184 5545802 8202070 7619967 4427610 5317501
2108233 2346163 518694 2744517 3531818 7978621
4589609 3555854 6819592 8962068 3129980 8223012
931316 5027601 2336523 5733759 5121401 5381061
5953645 9753484 7281973 54581 3380390 9210839
6499610 1135215 1626581 2999206 9691083 6098052
4171618 1160959 5625223 5256834 9983984 9144544
5440226 8704737 6193484 8769730 3989946 1497169
4615445 4013474 4079265 2159680 265535 7524464
5567378 9580240 7943975 868760 9842452 3428078
5804769 5202401 7499985 5113326 7416030 1117954
9203760 7896472 433314 9814664 8966699 297346
6133149 2288553 4329308 6895442 9206709 4942819
8023385 4177583 1028202 8542450 8403138 2616518
3471866 3747059 4033508 3763620 5490306 1476231
3712755 6535116 3813728 1275009 414990 1699272
1650130 8507017 2118657 6106388 3969165 1877684
2731321 3792757 5564359 9611103 9341010 2563666
2388514 2195295 2474111 9433605 845151 9818965
6625361 8151748 288427 693503 5009496 750990
9705397 4395362 5720680 8664429 6030098 2359162
1824950 6846371 8978722 4240219 6082550 9141907
7033989 3149559 6935696 5106935 3093707 8710533
9019972 8688533 1060370 6140561 1839259 9816362
1127279 3986331 4140288 3080344 5950049 4330527
9206129 183883 7710055 772822 6762539 1462094
506829 8300309 3536833 4709704 3807347 1256087
2949906 2817407 6884704 3400460 7225637 366252
1883996 2294650 2088765 9353672 7043329 6882564
861574 979664 8274773 1165995 9309215 5361715
3294634 8551322 960007 4556711 1272255 4469479
2060824 5959343 3970393 7029258 1592403 560859
436668 9536236 7082484 1716102 4721464 5969708
5229342 6375429 5286228 4833906 9617733 8871983
9774132 231418 3954499 2180507 828358 8203990
1281605 9709201 2441495 502170 9583861 7504422
9442263 8355306 898057 3475044 503046 8612876
8010408 9576242 6523291 4280758 5625829 1852765
3738502 2609219 9977638 270727 8647660 8483498
4755144 6620249 5701331 964083 8900617 7938264
7883816 2436193 9905187 7987039 6195491 7233758
5692049 1623044 1618720 217149 2326312 7050400
8852285 7866313 4033673 1302537 1053963 898737
692715 7105305 5987618 4328968 4482749 9583763
2013773 6258817 5529229 4040478 6179982 8528517
9933769 9542715 659906 4438533 8284108 3595151
4296489 8608647 5728860 3511523 7620854 3063957
29825 1674867 9488954 1973501 5401034 9162056
9767520 7349785 1833796 1084654 1986259 6439420
6913873 5902586 9365927 4655265 6070951 4405020
1709760 5275920 2853077 7984428 8836457 9044699
2369910 7480400 694272 5743155 6748625 9388320
3652217 4020927 6451979 6667066 7271853 4647044
7804636 2874127 3489717 5718064 1476820 895612
9970513 4177456 291877 8763079 5978280 1939670
6164827 2222985 8483336 3879166 5737907 7079143
8156717 5031095 4918754 3071145 2344159 1518110
9509775 3583693 6164507 5182645 1456245 4864668
5475841 3722325 5822019 8758882 4869582 5295432
290693 9868937 1514340 8796851 2397006 6219087
9103667 9876794 8678112 1858745 2505383 4796219
4502079 313373 9055113 8297338 8936307 3812146
7954305 7085188 6909677 6497762 6350211 641426
5414565 2581684 9142258 9670995 1234091 1826228
537864 6383860 2790034 4346261 8478870 5932876
4540918 2441469 7811423 5270688 1925220 9631865
6011015 8234904 9557621 5879747 8840137 9316187
734127 8302462 9398604 5166640 7152653 8321636
1812558 5234805 4354601 6923722 8999640 8499193
6176603 1993252 5334667 2023190 2008573 4414497
2067991 2706238 7022021 9971741 3463085 5881822
1905949 3343372 5507394 6414775 3822356 7179162
3703353 9399595 5269729 1801255 960287 1682119
9046585 915841 6734648 5610454 9189779 2988010
4016778 9254185 3760986 4227317 9039311 9079129
9997686 8733170 1221172 9804734 6872826 3652750
215634 7377865 1484875 3411326 2897949 7694024
9731912 1383700 9374884 6933205 2584001 5205828
6559569 855505 3077382 7587934 7209658 2826474
2481210 8553738 648446 8665747 6631974 5334859
4882037 4690917 2343436 7827443 5944985 1078964
3858718 9678435 9248398 7494482 2331381 2223515
994547 6693528 2230567 3627816 2070256 6563793
4474904 7486732 2182617 4407025 6195727 8891256
8267193 9223527 6696082 7388604 7317737 18796
4073289 1147006 6642801 8474002 3887205 1383676
3409426 6376926 1908384 2336097 4901868 9377469
3889221 9541563 4217726 4106425 5924068 9112277
6717238 8367087 2561470 1937629 6258248 8834513
1449188 9230723 9931348 3674444 2615983 4519333
4249890 7885289 6055816 7973056 6190143 4571704
3094244 3652945 8859511 2545202 6320680 2597210
6806031 5994611 6627940 227241 8556815 4680087
6487156 6237084 6333388 3501805 6490124 5096391
7065565 1873984 4213608 9855380 3979267 1768690
7433625 1404451 9078997 1300717 6273675 8823964
1740852 4245641 5876545 5837033 6754427 4307955
8378014 8516151 2607772 3534382 8098389 8529948
2966545 396358 6312437 3061058 316738 4600131
277485 1192945 8247465 911640 6736280 2573236
918307 8063931 7736861 1848843 5099146 6811715
6180869 5655116 6773215 937055 8073271 6318452
9705711 8806900 8168096 5502380 5469732 7099710
3307273 3078690 8424354 5199001 5744601 7466020
4034769 5768529 5466798 5856235 4552801 4238483
4811648 8513657 7509896 8534855 6222389 9139956
6828100 9365441 8269952 4091904 4817845 211015
2970208 8102521 8548066 2939190 7410106 8621182
4766408 2575236 7172308 3410336 4280928 7495264
695281 6999022 2296540 8525566 1748092 6078412
6281883 3835205 129094 326708 5069798 5615665
6324805 8556929 627220 3962186 9337039 1502601
3846828 1099236 8520086 6080509 8636490 3074361
6949876 9166289 2823829 3635284 8299025 3018474
4242365 2023602 9849821 137178 8225065 351886
7747518 4728791 6796693 8617573 4844036 1571640
9362724 4339155 5185017 1730322 7065866 1319500
1379902 3370278 904518 5117972 2982886 9658011
9136960 4809214 1679005 74567 6465899 5106990
1820350 3155458 7434984 1997736 167276 4688245
3503191 7474314 2230227 3208700 7734572 8638047
6666914 6130405 4454743 1995132 3989665 842470
1576086 3962891 4136249 9912174 3520945 2401350
8653061 750833 2119864 9453102 2811206 9732526
3570193 394545 3482807 9352075 8275886 1670707
6000143 3370000 4551724 6017842 7589495 6282131
6491397 5091125 7482005 3400780 8099933 1623596
8639831 5044194 949420 6407484 781078 6423136
7609583 539660 5556700 945763 735301 80036
7596148 6666126 1995046 1017702 5176086 5705987
8457419 1946951 7878128 7745010 9862201 7514731
5077181 884156 5875110 3278805 4367070 8533828
231065 8859950 7882135 879487 9605663 8003035
3921449 2520914 6605443 5187927 6390538 7893662
757939 7321650 9356425 3904595 7320463 1717545
7303764 4946812 6494684 7722285 392740 5367679
9518302 6756130 9040371 6513819 8825964 6335264
593835 6290094 3023595 8781517 8959604 6288147
8521395 4079510 5930409 6239565 2904267 6919415
8942980 9065933 2865251 9427714 9160389 1086078
5478890 78063 3942767 1752574 8599720 4110203
3110868 794147 9359583 161463 6044300 6542602
1693863 736791 6189077 9316646 7392998 6243579
7480671 512125 8565305 3519853 3742586 2298045
8896022 6959796 2117181 4425241 1779807 6611910
5893198 3780860 8112064 1752368 2010456 702036
5171923 8098899 9776028 10476 211432 982815
7042423 166753 5626383 5013690 1832937 1148347
5647117 8083079 7397705 3850510 5942535 8860724
6325570 5471306 3203042 9777501 3197549 204700
9225427 8675077 396599 5860537 9349688 3809207
6099337 9749816 5552967 8653737 7246807 1419581
1952440 9939919 7578290 8833195 5375700 701411
3345641 164852 6310654 6230956 3474118 5271243
2782690 3993090 9784933 8308190 7521109 1666005
9004897 1961000 5147096 5088531 1565255 8296156
6997115 8530983 9876928 6903399 7675006 2138561
4900206 1487177 3425041 119945 1080331 4194593
9080842 8494957 4896688 316525 5979267 7265133
1025488 7889210 1144269 6183372 8585154 2720910
539225 5965835 3702587 541284 1392058 6724298
8577869 8390790 6498034 3520628 7031170 5366401
1111177 9063018 7710529 2404437 5320112 3738366
1766516 2551949 9892846 5363002 2555465 154572
7186423 4591497 8415080 6656219 188972 735440
8633191 7389458 9596340 1075827 1675141 7307041
7617022 4438591 1438927 9003270 7059704 201122
2215014 2872077 1434733 6511170 3464080 3669753
1043081 5466036 3192817 3398242 3210677 5895878
6827846 2933916 8513801 7330154 9976709 8464971
6651332 2086639 567826 6051305 3977257 1099452
8235448 9418381 9918143 8529004 2426958 7922699
1418047 3341714 6263739 5329215 5655840 5268521
9477281 3167687 4148082 1235869 5266280 3841473
5679724 9247374 6927793 2166526 2924564 1559600
6055213 6608139 2613929 8005619 2171856 3375713
393213 7657328 4077229 3290598 3294701 1602625
6213067 2297551 1984154 5695433 9976423 8769966
1989460 3081302 8469243 607898 3365711 5676756
9731238 9065802 9459589 5645193 8586198 6506174
4100021 6807466 8012117 2819995 8680955 2271921
2957766 220245 2818768 7639231 2277655 7613872
7701126 331396 4077380 6270708 895239 7699832
2330357 6043378 744390 4508238 8467337 7769021
9920578 6251217 5451489 3748405 2495210 5674303
1276627 4038202 8620247 8299166 1890198 9029858
4318806 9370683 3037181 2475959 4909966 3166970
4334411 1748490 7252418 6029956 1479932 809057
3393889 7555397 2415630 4668174 9591719 6055667
6799933 864617 2495049 989987 5130958 4279856
7440878 6252215 9627077 5897944 4517530 477619
7654180 5429222 3272721 7591756 8814674 9068449
1668842 5692451 2501040 8720302 4276466 2680323
6007551 8220079 756245 7372141 2401786 4503989
4340047 7669743 4279198 4804067 1305165 1975610
7488844 1013617 8402358 6208520 6173796 6153465
8227148 2340566 4731186 8240723 119373 6728291
1404705 6203123 6404188 6944919 9285923 7891637
6472075 9346075 470617 8240247 3520517 8627912
7455244 9519792 7359889 1034689 2524380 4620508
3771127 4735329 2647353 2421240 4993436 1499210
1778569 1332526 787809 2598301 6583092 7749419
6763091 3501770 12430 1318081 8015399 6169652
2905222 1280934 725663 1771535 4322936 2820724
3194867 2813059 4764303 1444916 8237066 3407409
6966323 4129383 551117 4385383 4873330 9219680
7610489 8141002 4019498 9276749 2334782 9827566
8739829 5863269 7050857 3448880 9991842 4769375
4501740 9499066 1482390 3015229 1829292 8900150
7740256 6244113 4289778 8844242 403067 1471606
8380301 4545095 7256998 672576 7821981 9632115
4909207 5008214 6882126 9520473 8655406 7266499
587068 6135085 832353 4212730 4555908 2763818
3404894 8041094 9123122 4967327 5639677 8034159
2659027 9877082 7060576 7594314 3542497 1063606
6808404 8682382 7127057 6541296 8654731 554070
9326862 6393092 8775928 9006990 1465507 2587846
7963058 8044090 3011939 518720 8153073 8819464
1308600 7100039 8742266 2950202 6915318 5857293
1267545 3638496 4544976 6873894 3584935 4440677
8690160 4018779 2400524 4656846 4742350 3986151
1111068 5847982 8250820 7453701 9022394 2516569
580152 1163166 8718990 7949467 4369761 6077547
5434064 3266570 2656202 8557833 4548710 3304176
3458770 2365686 5325646 5453189 5367607 3860802
3429415 5791582 1651858 4883552 4701994 1225146
9583977 5772138 6898901 3191859 7619646 7687652
4987597 1056188 7561945 7406195 1160842 1582930
101967 5074654 5358988 6892380 9633501 833270
9815942 5006604 8772456 7752961 151921 7630991
4122722 4764302 3200712 1847571 1190342 619188
6507292 3819511 7280614 3532684 4345629 663687
15924 9608779 3381622 5022174 4801509 9831416
7061040 3499668 8765226 6917525 8927670 8809536
7899527 5726859 8989709 6470288 2699342 3932848
454789 5750545 3661977 2658661 7854487 9187745
8372876 2721296 9487522 7471513 4620071 1683482
6375736 8816735 6362046 7366514 9687189 3279400
9168363 2173639 7853835 3803479 7977581 5908618
668843 2583128 825207 1725023 357191 874228
1962018 7744338 3871572 4404148 7068498 7959329
9436425 1629291 3331932 2301440 9523872 2056259
4838495 1044981 633267 8843080 512511 8201674
296101 2376643 7958731 4972950 4600167 6734658
3849184 9213188 2512424 269297 6769588 1620114
8502645 1346645 6273027 5557350 5034941 8611237
6336370 3575722 9001653 8471596 1408404 5885191
5197993 831144 4565613 8085381 8646022 5924019
8863169 7940451 1046131 645846 9100429 3282991
861485 2116080 3028141 9455622 6884385 4363202
461278 7414612 8702058 6299441 4312864 6508144
547139 7044617 6781065 4201214 59243 1009514
2178196 484745 8301903 2426205 810586 2151220
9780724 2603859 9069619 6863512 1984308 9140117
8132278 2127591 709905 6819972 9018011 5669129
5367682 8128675 3903066 4537815 7213670 1976772
8389834 9580154 7661180 7376476 3245149 3640712
9995665 458406 9461353 63720 4746997 8265720
441575 6750018 2679825 5910892 8611876 329570
3370271 6861732 1887635 7374028 1607003 5928595
1712416 5061060 7566370 4874066 8951956 2990874
9776336 3533076 1585795 5611111 6336370 5304723
5110349 2726811 1619347 4932560 2065318 8830568
5153280 5436858 51308 5516794 1609325 5928133
8529437 4910848 3089606 8531353 1770726 9919622
8405207 1904276 4299258 1829374 3201370 2509182
1272476 2719969 5255971 5418771 7624165 5268380
5563967 6153139 1778938 1124967 2997212 7763302
9269440 1149092 7557177 4024109 6933562 2337327
8995582 6886591 9804990 4707993 9974534 1983668
5919980 5887143 8763653 4801671 7650023 3321787
7875284 8085729 5397234 1158034 6901450 3744790
5321146 5324001 4048567 7122078 8466148 4477460
8182294 557232 8770158 3717646 1656667 2846576
5191118 8110541 7298292 6997436 9453267 6966845
1807962 4246368 1261755 3558237 1396409 7669717
2291532 922951 8740196 9382102 3884970 340784
6136378 3234941 9713087 7053175 5401938 4408066
1485060 6205335 2658079 5456277 1304751 6646452
3925944 2452835 2310933 7464927 2758437 8913059
1919229 8333577 9818923 8409750 5029891 1939121
910246 3056038 9863948 28927 6222609 707533
2527359 9586582 4218717 2712733 2796278 4362381
8096753 7524447 5154565 451735 5437326 6437833
3524319 1485552 7593493 974929 8839707 7677614
2914431 6772334 8111295 7612442 6546131 8056501
3522223 1904793 3651353 9118119 2119215 8853021
6239013 2877930 4163364 4158971 6215911 3388291
7694613 6167323 9653450 3663964 1630239 8639565
4566751 7482233 632017 6298963 8375636 9396782
2854153 873522 3924469 4874507 528889 7562514
4440451 8648059 7376030 860778 5947642 3277682
8926366 3299940 6940665 7076029 9814497 1316705
1706202 2375738 460563 7978865 1854229 4946119
9208716 5977616 9485858 4177102 693133 6464583
7853109 6935754 2071254 2587410 3350555 8230655
4101727 1764968 9477809 8106327 2349893 9122471
2340524 9639097 1613071 8579363 2257657 2306531
3358375 6905180 3365734 3043091 8420816 981909
308528 2252834 6388456 9056257 7783703 9955682
4461125 4864114 7617175 4254849 4897022 9799747
566790 8150730 9494940 344275 2928867 8454025
6422701 6321546 3762330 6967456 51600 2570335
7863940 3401186 6042826 4240058 9978536 4635707
5907844 5275226 6156144 4212897 1845964 9266147
8808852 2485124 1623854 3250876 8021435 5459778
58423 4329822 9960042 1486939 1728225 1918502
5945306 3289693 4626460 6550081 377501 3161691
594392 6311986 5048343 6745690 4005810 6729809
9996529 951842 6710716 4879492 8986745 314029
8175686 2439854 6839890 9733819 1697493 7651200
3085740 205342 1771160 9781938 8105171 8218115
1929575 4753206 7420032 7119149 7664195 7136664
4144632 6574471 8072742 7404432 7543218 1780520
5565342 2721592 5449680 9958939 9861000 2407829
7835283 9963051 8990903 3483856 7950833 2187230
2273452 6336466 703318 1241829 8230833 7323308
5814208 7628934 1766197 4930142 2561323 3874019
4721414 6188704 7606004 4378448 3209836 7005010
1180548 3323583 7665727 7778746 4196708 9545495
6217714 2219359 7168483 1372806 4174748 471177
3604245 4925271 8867471 4226821 2636928 9727839
272378 3816726 2908414 6569410 190691 2377792
2191718 9504092 5289041 2226141 1155207 581635
4067406 7593237 4668171 5377865 9790582 8812459
9829545 734930 5490345 8194389 4725241 7142338
5842544 2322704 6850427 1314194 5314631 2009470
5091721 2665938 8331562 2198389 5578087 671312
2719001 5339353 3949906 3525466 4824825 1779596
7691686 7449161 2966491 2811877 8360095 458036
251913 6458282 4471289 5484416 9128033 7023233
7268064 3928839 9759814 3558158 8169171 1269618
2559566 6813071 1828790 5634329 7970599 9650104
227473 2208203 5716492 7627468 4421963 4688188
4487842 2575566 4872385 6092329 2062389 7371271
8291379 9253406 5815972 2716646 5594664 5084222
62262 9438938 5544902 9295386 5681268 9483079
1250370 2068241 469844 4646192 7471468 7902796
8779169 562132 3462502 314875 1679417 9878967
7733238 6939186 6838003 5844149 7730533 499090
3781400 7952871 4057749 6088034 506919 8091572
9944277 5057417 8539751 8333656 2363303 1267091
6874619 9169077 5352411 6762843 3592053 8033605
1968323 2107519 6606596 6716569 8630871 9973990
1290069 4649560 8194605 4135618 370220 3239085
4280099 8151219 5657716 7300002 5168570 5969598
4652641 178502 9017723 5942178 9929548 7928307
253923 2604833 471907 1808579 2209557 6589408
790402 8244366 6656597 5289029 3571039 9516806
6052734 9012612 3372855 7718403 9325494 9292221
2545355 3216064 9319167 3966423 9532750 6939074
4894165 6575015 2297665 375271 1223169 2821340
2356975 846381 5464374 6447007 8644041 1827364
1762375 5918483 1501357 289368 5488045 1156448
9705427 7916400 9080120 4919769 9326230 6740691
2125765 6027967 9053460 4209917 2862291 2116547
4079878 3584258 3867232 3614557 3612940 2704031
1604047 8768860 9014991 1455305 8975320 3826954
6734591 1222877 1607406 1233028 771971 2195590
3918061 7313065 290598 6154920 6176442 2769403
6650768 8804209 2276834 1679882 7158076 8357573
5267455 7472348 2289964 3540263 4195544 1616150
1740629 7365912 8387696 6420411 5206547 3955421
8376676 8539243 554590 317056 6335788 2950264
8720042 2401421 7927320 1617090 6338531 2295714
4652 1347268 9519726 6080756 2340158 2406439
4333143 7055238 4063628 2774895 9165339 5847909
9118282 7427490 8287595 1888241 9068698 198474
6712192 3428407 4195568 8167519 9631278 4283833
659670 5599023 5112684 3084960 2507860 9912332
8265320 3942770 1417035 1927321 5957974 5915684
6897931 4806239 8638244 7035902 4753263 5626431
2363667 2649271 865899 3880885 6694820 5175092
4738985 7089273 2272887 5963444 225689 7833269
151991 3066091 1064288 8106001 8463877 7971515
9497236 1683315 7729230 2919577 3934839 7893859
7812166 1270718 9231744 5014465 5074807 8637440
4195632 2267855 9202893 4972930 8403746 7061185
7669007 5714994 7894764 4687407 4528899 2965144
4091736 5627373 1395542 3939347 2680879 5479888
1675805 9517376 1167036 3576757 1908428 9321728
2760119 1664857 3840472 2923772 7684260 8305426
7136683 5815939 4283916 9812690 791904 4335840
36305 6296916 7101076 3972768 2100718 3818029
4644208 4695875 5150237 2115166 4332672 3183487
6187314 2075665 6062659 2285686 7914563 6480619
2637446 1052465 125378 9999527 3113042 6766783
9195968 6690514 4717293 3461048 5835457 293362
9161582 3540374 7811763 3089673 9383431 5520064
5024697 5037472 6778344 6110744 7245050 1512267
7984445 6914276 779356 1001358 2045964 9756243
988963 8387940 4876151 9705009 731341 9388563
1955632 5824188 8288329 3471762 6115975 8088066
9806140 5318790 9709922 1676087 2566017 284601
9000468 1386930 9986481 4753585 6356420 4386778
7100620 3758678 7671520 4630194 5691602 1943045
4921554 1175819 3484983 3822762 3398192 9824522
7009638 7265844 8345191 2732517 9652510 6444552
4148577 5076843 5350157 4861346 9316828 9129707
9635005 1301004 4781914 466462 6877245 3916828
9202246 6893158 2756923 3926534 737398 9528313
8767299 9836406 3426242 6170801 9946540 7535977
6572618 4912949 3031259 1641705 976855 8099905
9618067 7516690 5928029 3654374 850558 9583737
3046033 5966023 8829597 5145138 4633538 3502861
6640043 436763 5872835 7825650 2572795 6228385
4532617 1566129 1868297 3522845 2956982 7900143
6802150 7008460 6642870 248226 3026452 448643
1266348 2513403 4521119 6506923 8764644 2175247
5901094 7949170 8564366 4480451 8600010 2357158
891571 8250898 2141633 9786972 588853 1864690
3065132 7226041 2305055 7451295 9678922 3117677
1273964 5462647 5463318 1062694 802868 1418416
5368954 763847 4411193 4023911 128968 2468687
4788818 907699 4375519 5524011 5581139 8394927
9030943 552488 735119 232936 3547139 2090385
3134091 6185781 1102668 4238557 9425841 7091169
1848664 2067023 9291293 7162740 7382690 6891637
5628052 544984 1749292 1338901 4703338 8372298
4295955 1246324 8662642 3397133 7086852 1362142
2379758 6423677 5591461 4102232 1952002 6676979
4053175 6194030 9301403 9191112 1977403 13220
6033244 7827401 8835856 495033 339407 3894632
4521300 3145110 2956086 9772933 4621852 187045
2331515 7350706 5272287 7747637 2609936 2098179
3917275 3760341 4519886 5116204 9998951 544785
2146799 3887477 1305561 782714 9608496 1823103
3101062 6147101 3983343 4747775 3719619 7628473
3595949 2948177 8976379 8662247 1986003 2828400
9617449 2273794 4144404 4974742 7207358 788982
1262745 4083682 497679 7828244 1818567 9355511
6069814 9856794 731398 9993927 5992925 9756682
3709192 2834092 2464131 5522091 861980 5485419
2453573 1590088 5290967 7510606 5110678 2502762
557429 5308643 9695937 1148661 9721225 9457636
381015 1310014 2625358 6915261 3488599 3693151
171456 4484127 6170956 8076689 7929578 5824938
4103994 8589391 5975021 1468490 3253084 4951893
1646390 2966472 1505429 1846021 7276100 6916708
5781804 5384312 2368643 9129735 6696510 7196799
3949444 2453262 1669073 8980159 4366566 1539036
2003550 4255102 7909180 200300 8081636 6680137
1814210 4666118 5611031 5037495 8748396 8793352
6331072 2278250 8964481 7228960 8425571 2554104
1967357 7734156 2841498 6098181 4714016 5469598
5096384 8183106 4102881 8252190 7086705 363023
4449520 3574175 8996377 7641509 8962213 4049927
6741703 1816361 8339947 8932264 6212034 5042272
8126775 600177 23523 8129596 7775751 4286362
3228936 3054581 7424829 2783939 2977464 1415589
1413972 2773563 2879694 5533971 3981885 2823614
4831115 3279339 4579774 9708098 3914488 663052
9598589 4376421 8147621 9231670 6924874 6363725
7615875 5200292 7637666 1933996 2481989 1010073
4296036 9401301 7544709 7672656 9455410 1344525
9734340 5760014 2963295 5393327 2792063 8427234
9709260 9092112 4788584 749515 8166450 7897855
7447813 753103 8295656 672354 5650807 6917672
8584093 7055203 2675278 2281334 2579306 1120583
2199796 4239293 1538650 4100165 1280068 5274579
7804184 1860527 6334445 2813513 3704599 8438573
4179220 5540174 6996 8319740 9657635 1025340
9840064 434563 8650969 9627628 5508408 8181596
9000596 5982617 9796322 1351346 6290115 1109079
6214790 9814428 9868351 2106887 2868988 9233882
6488332 4425095 7865724 5648179 8138079 491915
4124297 9136360 8833035 8655351 3558231 4721712
830137 917460 9998984 3720274 6433450 1113266
1476144 5076762 4014528 5455761 9680994 81831
6260387 8924367 6170544 42162 5299471 8577847
6102288 6600776 2089396 2354168 1007037 8004951
984435 7269733 3516009 6451427 3537973 5857599
7250166 4051866 6943097 5762150 7507345 774618
8574754 8162664 4820978 4213532 6116941 5049351
7182484 3169386 5928245 7196067 3884527 4615894
6731175 2773143 6454249 152930 3394264 4269361
9510659 1208500 8340800 6710655 6933038 8568981
9281445 6278477 6000224 6171146 3966722 4865515
2525118 5242080 1489636 6852433 8430747 9683537
1562115 5628259 6723940 1225111 4025552 1583258
8559752 2802504 9436917 6069749 8543714 453195
9312647 6084121 2064149 6711018 1431986 2818784
1108914 3624825 3364664 8174424 7658312 681094
5686300 6104056 757625 4811072 8622912 6234544
3442854 6761132 1317595 7531317 3024750 130465
6359669 9603701 1138856 9705623 625268 7274030
9427627 3189090 1483109 1813699 224098 7494421
2304325 2390929 3835393 2151742 1499513 8479868
3551107 7764382 9655491 2160271 8490789 4440991
7844638 758532 8518152 2984959 2773637 3258271
4418367 9666408 6756981 4262632 2659984 3493873
4469565 2143776 6453338 9146044 9963926 3851650
2570313 3437512 535491 7395987 7064771 7475352
8284877 7130847 1043576 7830118 8138812 2941919
9851105 3562291 3904438 3489606 9117135 7898522
56701 1666308 618716 4031896 1503011 4269071
3558087 5317880 9808768 1180198 2479729 4877608
1500060 9137115 8006301 7795695 9825307 4259575
2441025 3159259 9181284 4375326 1342683 8188460
6191654 998234 1946291 4210555 4876511 5311771
9683122 3614138 8869152 9859095 5701771 9118615
5449792 1062098 3476575 3800349 3301695 9263617
9246559 564427 7005291 1405371 8416738 7645344
9095313 4411243 5648909 2660167 4026325 5353347
7735248 1681545 8200867 3252435 992776 1435882
8055781 8023002 3615824 1700857 3902564 9667293
1042890 5424975 4312054 1576555 5662568 7018783
8949951 5052052 2312321 1914750 2725121 7974985
4370156 3662733 6614971 8265112 7947290 2007341
5514047 4386593 9613656 7931701 4103030 8037409
4421654 9030834 8875347 9494467 5651135 2621148
9425811 5704512 162829 5510761 5029735 6062253
2686399 1982119 9543612 8571705 7353980 4033144
6352607 8890961 1378761 8890271 1481239 6113934
1207236 6532962 1089346 4623338 3188097 8168820
9952388 4617126 1435590 5414557 9181107 8915527
2504491 8464579 4314868 6734383 6795196 9791474
820419 1144018 1822919 3897443 4888600 1849048
7033544 4526873 7553623 1484588 7877871 1836299
4976954 9294192 1383478 3063933 3737214 9549171
5952345 8324607 607085 279200 3082994 9729858
4505551 8275559 6651655 2002991 3835826 3185040
1337209 2959278 431774 350793 914122 7456304
9717036 3062022 6528883 8421245 5786264 3462088
9928491 9583795 7528675 7138643 5900968 6283462
6703497 7330140 4383965 1926432 8383360 8000596
1591686 6515965 6294182 9567559 5555767 9150278
4448837 8026174 5021148 9418908 698550 1288552
2733407 5454825 7415115 4507322 2377736 5654629
6323786 977664 9181963 5554119 5302649 8693526
8178053 1890136 356964 8065529 3302114 4587660
9672989 6140662 1707989 1896573 9187042 4189543
5126001 7037155 2759080 5444965 3466595 231154
8562248 3536920 6348059 4551012 6155291 832450
1113075 239460 5038492 2815940 4065891 172790
5727602 6193367 6141504 1617784 7554686 7844515
3507247 5466365 1302086 6490238 9893800 2493523
6999196 6707205 9304621 2773458 4693611 6455658
444305 2175439 8853488 4696564 4122312 8445836
4384723 5819738 732178 4423138 4633998 9887064
2389580 6476783 8414871 6194761 1228424 7017866
9789657 8430614 5505248 3157998 8910406 8438198
82277 7287332 8928868 5704543 7121539 3123752
9756235 2242968 4109739 6936287 9056965 8604874
5061080 478371 9572046 2483343 6811488 6488071
3575427 1703455 808468 4242671 9660853 826703
5147019 8706313 8785720 4761203 8603607 612016
5826699 6689114 4629551 917774 2966493 9806284
7482555 3590772 1452068 5963860 1152740 3220231
7624945 6120627 9076701 6565775 1094099 7793600
3811143 9295086 1148319 1425433 4750625 7075465
1300918 3026626 5254278 1738171 6832317 4924189
428234 3093369 5536028 1504482 8736003 5310012
2633989 144589 3712927 6589966 957555 6670004
4179447 5420599 2532216 6278284 9561982 7532107
327744 5905308 786532 2827723 7782222 2077323
2356762 7615076 9694660 7543474 191168 9035216
4755342 7167748 1642883 4880573 8465651 609030
8294169 2094376 1645670 1975976 2332998 3591849
2007673 3633578 7674552 3774796 165455 9960277
1075795 3673480 6284802 5656445 681324 2194845
7588238 5957563 3498976 3977575 4928350 5046998
5024420 6206869 4166605 4088370 7432195 8254068
2262292 7507289 4357073 5949605 2596486 1626550
9918914 672371 3945621 3869429 908213 9488524
1427198 8281814 1291363 1323544 6421130 6038276
6548550 1778304 6210342 7180564 5386038 2810875
6666142 7918349 7006840 8315762 2998551 3985146
1343988 3563546 4930167 8511894 4409333 1836239
334918 6439948 815849 8271914 4825782 7221884
1955534 9177293 5680409 437703 1779301 1537833
6693114 6069143 8070003 8442657 5760988 7267489
2025991 7388222 7213527 8169004 1623200 6942151
645803 1224071 3417797 1225193 777461 3345765
5471109 272195 9145454 9299554 6540552 50598
1348861 7690287 5429265 8437779 1203116 326119
8067306 9826920 6830140 4442894 7066572 7465149
1521616 2449683 2287776 6101871 4300237 1190800
6388932 1065404 945752 2393354 3767200 3953790
6973501 3570002 7023796 5141406 2679403 3188726
9559615 934619 3099173 5442951 5312246 6947825
9755014 141557 4438705 2064737 5185732 4674009
6623184 1335057 2166734 3179785 3704774 1205644
6221839 1599096 4485611 9445611 461404 7287813
1839332 8832636 7908849 7889058 8609568 4736156
8611807 3009211 5821869 3514363 6574900 6002270
9424772 5301967 6704713 1294491 6457101 6954655
9466766 5944319 9781489 9646037 1677415 236702
9840178 2220121 107106 586324 3724781 1765358
2241336 5414452 6138904 361685 3254783 2133993
6846070 300966 1010554 6281004 751378 2052948
9448658 2350314 996860 7289219 1322986 1522412
9223887 2893059 9907841 5625577 5894977 764031
7942694 2422821 7003355 5137521 3823632 141256
9928795 2837752 5594578 1871980 6575540 5947873
5410915 2248059 4204012 6115290 8960647 6028152
8725563 9748955 8060024 3405757 8401227 8519950
3397855 7650449 7406684 552737 4938091 5499303
5232383 2959109 2110633 9241212 7986369 138391
1394739 597271 9259907 235069 8223221 8171308
1747421 7330809 2371871 8591028 9572365 3013162
9694067 8980513 9677579 8747404 1235866 8026311
2946280 2281859 8220959 1149765 8639263 51015
5149752 7344380 3313405 1901990 2401115 734181
2151242 3772998 721808 4671690 124795 5015405
7514645 3230814 4068166 8448405 7118846 8549073
3751431 6342463 9431151 7212656 6411827 7222961
6599484 5569677 9919181 692415 2873659 3163091
2634710 5669233 131682 6942245 3145688 288243
3928365 146956 8170169 6137177 7148339 9506126
4643552 7851497 537829 5364140 4833931 1808355
5956788 335284 7771603 3858191 5072339 9275022
8504340 9899950 3036625 4421846 3904789 5235750
3882096 8837583 6943193 2893481 5614042 373109
7671341 3016052 5428361 7252494 4814508 5961011
2781213 6565804 5953670 2839731 840604 1486187
3500647 3127992 6239775 189845 8299913 4712283
2562051 2070961 9654667 2673341 9851718 998619
1826861 9281746 2279753 966836 5918629 4400852
4930289 3592353 3925954 8018386 3614958 6213534
1014741 1404119 2802195 6815296 6619574 6678020
2684771 5228806 3987611 1626383 1879808 1263974
6891295 1323165 950484 7651852 5886634 6678235
5548146 1014387 7788860 892223 6236973 2669015
2504199 5783289 6204 5075336 865453 3857769
3226652 9763315 842238 5393551 664115 3977140
7923875 5981743 4823614 9502614 5387488 5352453
5382793 3279621 4679844 2503928 7552091 6111967
1451334 4963951 7006083 9069006 3928583 3128894
5314295 3531944 2212779 2222651 8719848 5425081
1939051 7370389 5222021 8129260 3420974 2427742
3584487 5780628 9833840 2649266 3880033 1115741
2176156 8227131 8997568 2038719 3477305 8307792
6592465 1294642 5871841 1822266 7369137 1495546
4260900 867947 8344760 9447158 6037200 6709683
6837913 5058391 1555954 849306 6537253 5961342
2236509 5166828 3930615 6904168 400635 3512801
3186313 5244711 1889178 6827659 6936446 5090855
3369775 9712253 4840114 6377076 160909 7919091
2235419 6444344 5397833 3768426 2338800 9932066
5681955 9098017 5283472 8383397 8257224 3238850
8048140 7452954 1774175 6357311 5909705 9924521
2273672 8519819 7585377 1677688 9052295 4262353
3413777 2462394 340315 7397143 1871044 6515454
5158265 3415446 8213675 4996066 1354896 8047913
5192206 3023841 4385265 4505853 3017656 754764
5732171 2880094 7910710 6061036 3396124 8203200
1649524 7614409 9527472 8440579 7093854 7615265
9685506 4929370 1919682 4138407 1195395 5053181
1384237 4559126 185600 1360594 4071288 4366317
3104107 1218354 4525668 2985587 699858 222196
8173150 837442 4821548 5799961 9125351 5574923
2057485 8078513 7597465 7769698 8338749 4229994
5291786 8873623 879548 3420230 8355356 3342977
5854785 7103176 1556861 8937052 7522630 8669645
8217006 1168277 901901 4101505 2631289 7597681
5774225 8592010 6589384 3398887 8217423 5618506
5657031 1877843 8255512 9352333 5421047 9507322
7735598 5960321 7041497 2378730 5144567 5453053
6357235 3191714 5719025 5505171 9626236 7380324
8380126 8755699 6901021 6214970 9827652 2922149
190754 2922045 7859120 1301958 807070 9019843
4084964 8521316 6061289 89316 8032375 2686955
8724140 3084767 6161374 4507046 3189942 3474391
6711744 6276285 7859830 2719484 7386488 8436285
3280945 7373561 925227 3645333 5649538 5787386
498901 7298481 5866672 3966474 4645895 446361
7535969 231642 2983942 4537140 5885942 5131119
4070935 218855 2068515 8749680 6762509 1236284
345550 7564242 6430056 3464244 4040865 5815320
154270 4174952 4433965 2719224 9277352 7552661
8529761 9970022 4931980 429469 7588662 9664067
6302810 8449991 1920475 6815048 1669136 4129703
2568273 7767393 8410346 4682064 8008171 5833958
3160590 9088188 3392345 5103777 1405462 7483307
8616605 9555110 2875116 2731586 9891763 7265770
1793424 6743764 8137573 1717175 4563918 2950617
7734018 592245 7313501 334618 4349375 4218048
1953217 8587591 3920514 5520425 1364472 1149958
9252670 488403 3474687 6695168 1549962 9595435
7112193 5880864 6776541 234788 556691 4518282
1359985 5460756 8434123 5397202 5418784 6152271
5832580 5195289 9048089 3466246 7016015 657307
6405617 6428690 748436 9317798 3006384 985691
9249472 2586891 8191587 2635015 8190374 1222433
2203336 964452 8258337 5002733 8110695 8703267
4372366 4699348 5965223 4008274 6644711 8043644
8474969 1271478 7201029 9222171 4002633 9907072
9671526 6851336 476297 766512 2492570 3146540
2382103 1084686 738227 885402 3556730 8299232
2039816 5690691 9473261 6690068 6220608 5914165
6068413 7640657 5529559 2231159 2149362 7722231
1718311 3118120 4294785 5583176 7723904 2028593
8653868 9839597 6178176 6483065 6607410 8579333
5125722 8625543 9358777 1238673 3467874 5552023
4714016 1993419 6722416 4955296 39350 6432805
2404932 5555442 8194456 7065490 753507 4968604
6943503 1864768 7581329 7361346 2173535 7395262
4205174 632582 9832016 4849650 6380891 8713933
2687797 5962788 9007315 4252306 3120894 3446210
7713853 1094112 2014744 526923 3811663 2196046
4497163 2424387 2913633 399031 3774874 2424636
6220481 9667031 5799379 8602899 8124308 2727392
7970014 2129701 5823233 322141 8452211 1268203
7086991 9788508 3466120 204468 5836590 7380950
40485 3652985 8640959 2324993 3738217 5662166
1628106 7773659 4345079 184207 9742849 3680651
3700646 4663565 9852891 4564025 6938081 4454221
6462441 1120680 6095314 3221066 8963347 9794776
9421915 1236650 469481 5453948 3270872 4975314
6253149 5500230 4637501 6441464 6483281 4729687
7885714 906882 3644717 1735653 9638821 7577212
5137682 8020270 1423636 2792025 8112123 2690890
3433222 8236781 3812030 9526524 4828166 9105515
8084574 8148430 6083927 6669443 5838679 6399762
622042 8277536 9001903 787748 7560668 6125907
800419 3910552 2673596 1766618 435601 2553239
2445460 1785960 7164538 9609385 1973834 5127631
5515004 9033031 5584572 7878893 150491 9546179
904310 3016450 475654 113092 7770712 2894339
4461540 8117466 966664 6832181 7313141 9095665
9797192 930825 3535578 5269768 5645928 4815233
955213 1904739 5259356 9102050 408552 6890969
6035828 6822587 5819760 4157557 5633602 6001952
401660 2401564 6005293 1618067 6020847 7021449
3516508 8569320 2558234 5034559 1455698 4749116
9774492 7517546 5600921 1941032 4769128 9949119
8783361 232962 4570253 3465947 708608 1446814
5355880 5659839 27230 6256076 9150506 5780733
2178850 4944697 9174678 857970 3118956 3854524
9580158 523367 2621620 4918265 7555075 85755
9220366 7435994 3283282 405666 9542997 8093892
4429845 9404900 3090734 2806552 1317035 4749949
9164777 6983983 32980 8088666 210663 9298980
2441003 44693 8154532 2410204 8723721 4831275
3358406 8476238 9725094 5870431 7706379 9033034
9047662 3959704 7648086 6480254 3641295 610550
5964087 5087588 3603608 5394629 4982489 1759861
893658 9979790 6133241 462588 1366263 674710
5094066 6455884 3011147 8179400 3328415 2668149
7390475 2924406 9926385 996200 2716445 1490363
8107285 852602 6852839 6860595 2328463 3747022
1711626 3881691 72904 1971314 1376534 8701784
6874838 5003619 4598685 2211654 7666115 2141125
8953114 9201191 7929452 6522671 3390361 2147520
3352754 3055222 6174675 9893765 4487908 1579175
6239942 1586323 7089090 3914156 7480146 8206457
5494684 4459707 2079190 4223618 1325240 6987519
7240932 595227 1789467 3312831 1995388 9325532
2352252 6323116 9112123 4326883 5959759 8304550
4892040 4925631 4282134 9324095 7987110 5335949
7473201 5694467 7648375 2326338 4441163 8055241
2197410 5593410 2400637 3866771 9446929 7207903
2607731 2491966 4114443 5812280 5504344 8519077
5353655 1596491 6863702 812919 6901016 92702
1865496 2176692 3393058 5245060 4444064 2094326
384862 8694803 9595368 835136 2681445 9944149
8891988 825470 4710922 6705700 67310 2526964
606538 9111498 6710876 1570876 9663779 8573111
5862392 1049841 9714634 5462730 9035347 2034365
5506579 1428743 1435216 8152211 8244788 9654882
5826895 203862 1780470 5653903 3769597 811587
3336230 4937499 6168692 1113198 1038521 4517810
4291394 6020052 264410 596943 4759854 2318474
9467651 5309847 4426037 7249546 6760869 760613
7650609 6846718 8186912 3813217 9737500 9057918
7785375 9710073 5203220 2466994 9943013 5909651
6019305 927011 5117360 4185765 6563804 7917962
5860292 7324889 7841569 3181046 4719302 1921870
5249048 4294953 9364276 8195891 921944 5467939
5486265 8699755 1199344 2561566 2307498 3230984
2997037 7157415 6366739 6762046 7061773 350194
8714255 3027159 7328002 3543939 1548723 6501316
4143083 760773 5305694 6361271 9981714 8020196
5614456 6752066 1081397 1357330 5484054 6518748
2638752 8974891 2355134 4369419 6267396 4070387
7815473 6245873 3269720 9976199 6422401 312230
4792242 3950718 921583 4353720 7669096 7585187
6235580 8876580 2705514 3856539 7370836 1859810
2178326 9659537 994121 9228048 4884254 6977273
3523631 8038401 6847348 6745587 2370906 9638045
8129894 2680844 8064738 8077730 5532879 1135714
2650400 1022151 9698915 8839793 2369928 7035876
5703539 5806291 821366 9464854 5265217 5244328
2587195 2382009 4884211 9630420 2633910 16236
3685188 6146204 2853927 3953757 4338599 499581
9488918 468555 9667444 1995142 6321752 8201069
1597158 4603449 563655 1245251 93331 1478651
6289111 2766230 8659108 5762663 7214632 7022109
68378 8961296 3458593 2402668 8231211 3378060
3824381 5733848 9072094 1320002 2968434 3337119
9899945 7133156 2898224 2279028 47888 9519386
643661 9770705 1842161 672134 2776205 3374547
2495575 1236760 592073 8498634 2659203 8678322
6948354 5685042 5071980 8600675 5318814 2919501
4716667 6823546 5431681 6524030 4217739 9046885
8262843 8374129 855427 1331661 2152856 8497059
5235814 3193974 4721906 9831132 9513764 3168275
9408283 2633153 810895 9245009 418524 366612
2112206 3380351 8809327 3484336 1068863 7720424
8215024 8776315 9130280 3990853 3487380 1257802
2913550 192583 6734322 3466675 6250130 130234
285125 3403554 9677947 5132965 950421 4101786
8886141 7826094 2467504 5911874 8114680 2324509
7038818 4163583 7922195 3927962 56766 468119
7017778 3786873 8195808 6156992 839123 421133
4638575 1993783 6092526 2833495 435476 7174293
4250864 1253721 4223048 404769 8419896 4991778
1974731 906661 3009075 3639428 4522778 7441372
3696449 3017062 3814891 2362445 5089528 793969
8069106 6384536 6401090 1934389 3421234 9156231
6503350 3907370 8443819 6762321 7493183 2657448
2269319 399313 2159745 8959166 5170346 2062512
2846299 3909080 2098333 1957805 4564004 6355414
5061890 4604170 8734800 1364360 116154 4318989
1700021 3687418 225101 6740707 1101186 9858138
4070783 2981753 881648 6348320 5798787 4378496
2888562 733119 2261936 4198094 7640122 2904083
9846490 94512 8092453 2350397 5030433 3021805
6873136 8032313 9300748 3379984 5304518 4634989
2859395 9326584 8010717 3073267 9607441 6068842
7454004 3884814 4730957 6687059 4901281 8755047
1359256 4044598 2277086 1577829 5833700 8938334
4579142 2878323 914797 6905030 357606 7085796
7160404 2475538 2612434 9027448 9734724 5353022
9608645 9399352 8219864 3169903 1773047 3049389
1357097 475000 4192718 3949886 5626066 2953939
9003819 3832026 4035760 6195957 8016845 2021508
9033153 2450359 1663903 140275 4053631 5019588
8716008 4304490 6690703 3137008 6400529 8560085
9790306 1462691 7796843 9338052 4143133 300111
9568690 9237521 7352514 7111658 5069158 8809417
4213671 9093311 283871 7584464 58820 3417192
8928072 6020411 8873570 3935349 4757803 7287478
9180284 732649 9467044 4145948 6646816 6337115
3988239 1960695 3094583 2473530 7050798 4317879
43968 4658983 307565 5355991 7443673 3271131
6342785 9575123 9760168 2260752 1733567 9902622
3239204 5059376 7328521 2517236 4753365 2106418
6065174 8997932 6042054 9983193 4354161 5939981
6856949 2220934 2440296 203790 5244206 6544091
4644621 3229671 4567485 7112892 957434 3354614
1658252 6238880 1165385 5605935 5570226 1434805
8982512 9007922 3698401 195907 8039545 3957607
4033621 2672781 1245922 7154778 7147830 2516218
7969737 916764 6754602 2806617 6718161 7912688
7610701 3009645 20022 6702686 7473479 1105300
76083 3498707 654261 8046674 6642001 1825843
7938738 7349377 2664512 6879107 2721527 1299546
5238030 4228030 2047037 6484324 5800756 9121560
8163738 580411 5184352 6812995 1021594 6678056
9821742 1975099 8980652 9368322 7560637 1208340
8907337 7010776 2894067 1072275 5960794 226767
9559364 7659551 8748346 5924322 9496705 6180409
4048427 5749079 6671276 893132 2516692 7121818
2224489 2264810 8867953 4446148 2714899 7060272
3495232 1496896 6789435 4350513 7301664 6140973
2040318 8958943 4550237 5695039 5419311 7662447
1956418 3307222 1766923 2114943 1702822 5327919
503057 3288797 4970018 2644603 4124820 3837207
8942774 4029001 4984136 1866453 6545648 4359896
5100797 3578284 4615928 9152257 4012757 6656355
3106278 4719961 8361330 6472400 5141807 2246132
8758888 2339302 9497274 6122479 2063520 8613604
9395423 7842726 366159 6444715 5082137 668168
5091735 3598564 6356521 5316657 5375649 7130551
8340793 3412349 5334112 2733260 1016304 767003
8346350 559907 439862 382028 8608798 1350374
4203593 2174660 1327565 5933761 4064046 5189417
6538360 3582757 6481390 2179323 3301119 8884345
6581878 4638129 5099735 4334955 9412253 4174217
6758522 6531348 9756525 7922252 2932718 5936585
4415174 4599377 4919035 4056474 2897915 1235110
3329440 4427976 4364458 3913339 9530685 6655027
777337 3647706 2523283 7849271 9319898 8778530
271968 9880813 8635569 9791071 3096856 564496
1623473 2625231 3172775 7737524 8474895 683177
9624284 7608768 4778556 5051206 6566852 8712363
3863894 5802315 3109349 2923533 7942756 1132238
357292 2939173 8177896 6648924 9300923 4812447
1528462 9196761 3608269 3703696 6802202 8065962
6343203 805717 5737663 2348317 4317811 7009929
117561 3928039 7227477 8889676 1088665 3534184
3096726 576291 4669756 6593701 4524092 4770334
4235382 6363463 4589883 1393968 9583627 4537504
9327211 9788011 4367916 3158588 4436417 5894074
9924559 2160058 7413749 1923706 5204930 6335199
5789015 5664795 6486648 3214103 8928055 9258305
2576299 7291411 9043665 3624277 2189869 5744029
3814782 7210657 8514756 8965706 6779065 6075211
9893172 1498816 4584228 3375843 4888712 307848
5125904 1843671 9469997 8966880 2243719 6058061
2336267 9563764 6735161 2210475 2910242 7981187
2348473 2832416 8486875 2371476 9510878 5025810
5795536 5998684 5081719 6722392 655551 5029095
8248261 4814277 7298820 2040830 8383631 1997700
700273 203742 7933175 7848619 6973216 7976064
3263699 1123793 929465 7585987 5270362 1116460
4766231 8897681 1359775 8254346 1700028 2625469
1205549 337366 7643221 159081 1612880 2205296
2091369 6461037 3945183 503936 2517021 7686547
5414293 7169980 8526768 869546 6173392 7578764
6524111 7773755 9655203 4109156 8301092 2420007
7148021 658896 9048978 4572270 3191779 7155472
8691478 8656352 7535851 3875616 8520614 3852287
9646491 7410193 3106939 4581356 200863 4312026
3639127 7675606 7681947 8458247 6794590 6198298
6185448 4605475 9855298 3030434 9062232 289960
8714259 9767361 168829 6503299 5236456 1677896
2089881 4218560 2005860 112180 3143820 2326871
1736449 5855076 6299481 4545189 833015 6011779
5924016 4222900 1759472 5923395 1499068 3136753
4053716 5944436 2614764 9829321 7940455 8573983
6499364 2539301 9129895 3359460 7437633 5900998
8662863 4289197 383715 5405300 5409416 786736
696589 1429568 1965818 2833085 5850704 6590528
2804332 5230101 3309003 1404357 8779361 9240346
833267 7034642 9041573 1223904 8763743 6329457
8997605 536290 6026432 3050038 5625847 7328329
4617451 8225686 3527255 7965083 5355048 2182230
3173875 7766513 2729179 1347305 3155362 8358458
8463551 8554815 6932751 2345688 5688697 7257983
3095679 6448705 3747508 7433020 4804393 6458102
9178688 5570381 1959421 1995777 1578254 1594551
9766377 8464889 7139962 8980875 3261521 703389
3652958 5367606 2265391 8449613 8454296 5645287
172854 1970887 4130857 1647014 4766539 2321308
3998607 4762270 5497950 3302989 3330778 1916164
6189028 6729038 9879292 4903494 3435003 9671344
4245670 4069575 8728544 7777269 7347061 7256065
5021772 3984645 1018990 4465546 108685 5474424
4834420 3310259 3946220 4462382 2618270 2941357
6271901 7013876 9262189 986874 5102815 5790002
6933747 5621400 9510279 280037 1823406 5712137
5307150 1949699 2460801 7811918 5600597 6715208
2887251 7439107 6675039 5430330 2568367 4127720
2807639 1873139 1086493 6022345 7817239 517288
1980075 8716821 3031598 5442980 302264 5927646
3660808 2498633 9736851 2143924 1447029 1446066
3759645 9046385 9745185 3899647 3055391 9440381
1243755 426608 388871 1186658 6643915 4732734
9436662 8091946 3219153 6278112 7775353 7656913
595454 1167632 5990350 8731792 7890384 7397661
7374802 3006095 6672836 2721590 3168058 9214527
9062457 1737036 3882159 5464055 617051 1231039
7882098 4171245 2882553 9264075 2159356 4674196
2071241 4479878 620273 4151495 7152398 1272173
1501791 9351559 2877013 4085224 802975 7554911
7155727 842040 7808156 5146676 7470495 7289545
1208930 2210650 97679 2053791 5605406 2275758
8353149 2945777 8154149 475218 8186012 8218344
6396221 7733746 5506405 7168216 4942242 1889337
2932369 9221135 2834461 3231302 7291554 8351865
4383103 9995306 8606316 6161501 5397906 9184521
9071050 1177265 8228095 3882668 8516207 405442
9211340 8663512 3463113 7772729 8826201 6225138
9920265 843665 7610709 4733954 8895222 6415416
7959918 886695 8320934 9583936 1711532 9633271
4035370 8962534 4019082 5076003 2776034 402171
5468715 4328045 1432378 2991617 5489911 2489687
359737 5350864 3176608 6899620 7436295 1290364
8307201 6611643 8275959 4158945 5856544 1627538
5464602 1545074 5320094 6710253 26696 9577511
2713752 5456094 3669239 9242286 6364575 1591979
4708935 1188763 9816803 9303252 508370 9928350
705463 6960353 753794 2390608 7933606 3262630
6558825 2355932 8810939 5726621 8080240 2858432
625733 9025038 2313276 1009909 7519607 3471249
889095 4469852 5787661 465348 3647879 2997211
8304604 1147571 3459426 3185217 2168220 6356149
8520313 6587731 7828753 8798115 4631587 2291472
2653783 7797395 516360 4374792 6715046 2448121
4247013 8894923 6993198 9193615 4825477 9417191
7033147 4464212 8115613 3923557 8880482 8436279
8668512 9661492 7784092 5343580 623347 4663380
3097852 7056466 3842075 6851365 7362156 8466803
3360923 5035711 4446691 8455271 801879 2092084
9822179 8868702 138297 3887960 1520214 7080090
1372541 4380268 4604431 6257656 4149759 6080161
7137866 6882851 9697371 1192087 1272203 3255138
5237396 6425906 9342981 5197242 9959325 6909040
1215094 920546 8731736 1316320 3688545 5514780
685473 2540653 1806384 116211 2366551 6518008
2200225 9308215 6951572 3716475 9886480 422669
7042779 3286413 9171162 5639888 1361044 3975855
4770222 8931785 8072183 5075950 2743300 2333483
7605138 4180626 2205176 8976423 9193236 8362035
4312788 9143057 4525118 1129373 8813887 315208
2450951 3512045 7119575 6106836 5309119 8029016
9500265 8361303 8115255 9303201 4693255 7743836
1032896 6863696 7054614 8673472 7517024 1656393
2789693 9638459 7430145 3734280 5416303 5581132
4024105 9078645 4543346 4194165 936152 7176878
5795228 1907063 3311724 2079720 2528127 6265067
5903995 1243510 8896801 7778373 629182 2661738
4741502 4657671 9910426 4902207 7773227 3466250
1154561 6732687 447769 9049954 3517974 1347576
8134321 276012 6841559 3078480 1112686 4873918
7145813 5902240 222890 8670999 3861389 4188641
2034731 5409236 9659290 1779546 4489291 5837013
8422055 2749192 6083509 8851099 5264961 7065705
4729941 4752947 4934217 877101 8338997 2138644
729574 6945651 9160285 1890292 1482901 6024860
9948763 6613466 7089521 1666582 8331388 5687793
9287468 9793068 2590426 6226934 2391570 2313209
7087521 9162080 3906408 3732352 7062603 8147337
3873341 3460195 3785903 4530691 2848377 4746370
5231354 4050344 7729642 7172196 1982780 6423650
6917376 6149108 1226751 2282009 851851 4870796
1910950 5851576 4284183 8240591 4194457 7476700
6646319 1524377 2083381 7777026 7284995 8827269
475350 6723370 946600 254079 2609758 2064838
4950530 9184718 8024470 187983 5430999 9364400
9666879 6961971 1921923 3779872 4253064 5835581
333792 7687942 7879089 6848461 7120562 4751760
5356386 5671115 1882723 1011928 8124413 5139229
9332861 6514298 6927057 779961 3370909 4653490
8241652 7550884 8058920 6649986 9508181 5048609
9825969 7412613 4214727 9091492 3103560 147724
1604268 5242821 1962037 1110234 2046694 681728
5928653 2848666 8068302 1344711 6604210 162746
4762409 2657050 6005984 6655176 7838529 6961012
5593835 5178917 1895553 2984783 7239029 8352322
4032900 9012200 8571996 8596180 7185763 7258839
4814322 7462615 9707020 232460 3947497 4329000
7362680 2824269 2035030 6614710 4091151 1654890
3300198 4612304 4866427 6218724 9388669 9155638
3922878 173920 9854948 1563366 2676375 3801806
8445230 1740389 5006819 4618456 2371813 1383410
3245011 8235074 8235658 8745745 7641329 8331429
9852687 110022 1847272 9569261 5111863 8271261
4025677 9732403 3783959 9024838 3364260 3904730
3451352 3384707 705208 3193429 2766704 776135
4150475 9199681 4818266 5514369 2322649 9726025
1537107 5117550 9187337 4369195 5993784 3618865
8204163 3359504 7094208 4501548 5687304 6973074
4642371 5366940 9559410 8707624 7311095 4817431
8945035 4064301 7762652 9001284 2911401 58765
1154538 9319280 4691091 2938040 3291804 6031255
2196073 1497208 1089887 7025952 2017984 9593168
8522814 9721492 7298583 7131077 4981799 3526396
7558782 236188 2105904 8228536 4900394 4887820
9751571 3676195 8879846 8819190 199680 9987308
7306138 3976240 512219 4341798 9522309 1115429
547687 7862438 2160195 7833490 250419 2484937
6376663 240016 9439716 8778175 3503202 1945465
4554407 5645447 6224543 7926342 7523992 4427974
7878020 9706809 5544253 4266599 1637181 2299343
4347981 9684854 600695 3392374 6544762 591027
7046118 8554647 7146564 9062728 7234444 3318713
5885036 10553 3226895 5941856 3631429 2755582
6076425 3696030 1646371 4122832 2564668 4369735
7245415 5000231 7113867 3482182 1592090 6060036
701105 512930 5584024 6464554 3283337 8302620
9760356 9768543 7362105 3195042 4084282 8398753
9786734 1519250 7193404 9586396 9419138 5933749
4176208 7207977 9318324 211921 8861905 3426061
7557905 4750540 6596371 7433615 9964183 5363378
2482321 2949163 769261 2879804 4491957 5645467
5969234 7247366 6757149 1644349 879561 4192632
3620466 2335428 5217574 9157481 8820557 8816924
835302 3579882 9256291 6499426 2444924 3778728
7363294 7658938 5764683 2113024 1931307 8886182
3925845 2363077 1167545 7341273 2932835 4043811
3152315 8642145 2682775 2086770 7963089 4248953
8213625 9919839 3107838 594310 5706094 509082
9223079 279762 7541039 4043221 9783153 6362392
6982866 8114373 4667057 3911901 2152820 6871889
3028813 9405020 6841064 2536081 2560346 9950455
1248963 24177 8982574 4360657 6984717 840856
9714029 6708311 7482474 2857805 912763 5259472
9004418 2014790 2072649 4696813 4162327 1675967
3684054 3685902 1726966 8104555 9612315 6077959
7625862 3024718 8319771 6407169 9547979 5347152
9252991 9556051 2998118 6815448 9606095 8554835
4718368 1304650 8375747 968825 6209159 1823010
8123662 7216686 9734078 5496782 4515844 1309498
157982 8331170 2863345 3549439 9122447 843115
6959705 2345389 6279828 2131362 5969771 5664524
2707590 5692872 9110585 3190516 3327972 7683053
1076623 572691 4728399 3343195 228556 6477888
5952009 4938006 2142031 4438143 6962765 1632080
721521 3235579 1046900 6932049 7833112 3709136
5349408 33259 4123177 6852867 1697168 2368692
9187618 5221851 8727775 4537812 5835251 722460
3520706 1871459 1876568 8236427 2107441 3958926
6321809 6071855 7359889 17855 9052039 4918675
78707 9197140 1001350 3894701 3623341 8242814
932653 2705062 9882205 1765749 4374986 9538138
9368522 7029699 7294122 4247751 4594523 6215219
989916 7504276 3616212 9514398 7937071 2967608
4635077 9717394 5366315 3242273 7568550 4794318
542437 8391365 8582539 878632 1899023 6914464
1709128 4396153 7961692 8590242 1909327 3135110
3425700 3323745 5805830 887304 241403 5209529
6371736 7698168 9996009 5911854 905932 642284
4480284 2268123 7267672 3485854 3264046 5451998
349630 7785645 1001583 5774989 4468426 8563236
6448687 6580156 4946581 6046028 574467 2875880
1352010 7539053 5666017 7220249 8704215 6090125
7643103 984349 7996840 1279440 9423416 9744271
5727864 3898392 3122059 2868235 2097664 5222806
8214611 3374418 1777359 215344 6115700 7861825
6780548 3282809 9912117 4145696 2301363 5228851
1067142 8292919 9819896 5207620 8966803 4314750
374409 6756670 8508 7291546 9263201 4697551
7744817 961566 5871911 6028712 3559510 235239
4004021 9214662 9970352 4186477 9587070 9762993
4571123 4237381 657526 4055455 2754336 670128
2019597 7019619 7956455 4832792 3145699 7126917
6549072 3614796 7626006 5575722 9493447 8587463
7249705 1647740 4249406 9058262 4416758 5452482
127793 6904693 1532562 4949725 7854589 3892187
9998989 7847150 2404769 3527545 7102405 2487760
8618912 6482987 2440435 5582882 6025860 9583623
7572058 3768967 4992535 3401894 6241235 150668
8646129 6332666 9508501 5703377 823952 6850208
1017359 2021028 7414895 7733395 9201248 4390121
23269 506323 2561256 530538 4621149 8707979
6739226 6047131 6666077 7840306 2160482 150116
1830960 8507716 3996490 1866392 9222836 8881693
3614242 6455379 3234793 8594225 6079818 3577395
7082973 1922759 3962620 6485165 8098280 3551082
4578993 7081418 1190474 6743647 9912017 8368910
7870008 3621718 4259586 5491492 7321970 9545276
4985634 7874325 8543687 4769299 3963673 7793786
5514061 739179 2280079 6360032 7285152 895154
9106652 8772518 3014831 1308751 2105534 4348204
9798997 7190641 581761 6128100 2887902 5432265
7288389 4988294 7121268 1031239 5598357 3600748
2298175 6069838 7742980 733097 224351 6403571
5509381 1696994 463817 2114206 2828470 5645961
837299 1101165 9621203 4863350 6146141 5070730
1381307 8388493 1251626 1734492 5375489 4913824
7411882 436259 1095254 960865 4591508 3456036
5141003 5434187 6323363 4403022 5021651 4801592
2276771 6037239 3537836 4664966 9298830 1484024
4325462 7909024 9598859 7402731 9595494 3824957
7641192 6261932 8387030 1841118 7948036 8199412
3710557 8920724 7898277 6675466 7794183 8557868
2962163 2452721 3927206 3293605 5081616 7122224
7988284 9805757 5938363 2644169 4269801 5629733
9329993 6418078 5502918 4574102 6339630 6993424
2090741 4600181 9070352 3867668 6649066 7957392
6006016 1199718 6938086 3132198 6487066 8098578
5133058 1449328 9718943 8006799 8765185 1971763
3143932 8576022 4735762 6025489 8154788 2121120
5351040 5054920 9781978 5133870 4916725 4049002
549357 1998450 1694877 3484412 2256656 220347
7836094 9756352 235607 7273354 6295504 8871038
9334707 490761 9234429 5633534 8429101 3325164
604161 5588134 2032648 7726342 3675425 1791426
7358391 6001421 2538409 4988302 2383466 5764430
8591769 6900955 8084687 775866 7044675 6833129
4045126 8221951 8869958 7491988 5634865 6017753
9154059 458528 9152156 25829 6645093 1318470
5666750 8545709 3058585 1127806 4239993 3413918
1639296 3851279 7015733 2931644 7416208 8856347
5446628 6802498 6205047 6869183 9372761 560830
1028495 3840699 8384653 9828935 3568410 8019487
9168462 2040479 9644642 3742825 117651 794775
5224872 9639258 3411266 2116301 4323021 9817724
701497 9713268 8325927 9710665 4503423 8934206
1828863 8997700 6989292 674660 1258767 2857008
7465158 6676493 1772541 2035743 7466059 1586673
6635905 1744748 5543493 9426783 8142317 5265426
8649787 3996484 4184690 4237841 1550442 91719
9861925 1696185 5479938 8015320 8026319 2392784
5312631 376308 4058077 5711740 8802156 1196009
9630615 6369443 7346753 3963304 6581895 5072517
8048108 5823602 4518574 7252099 1159396 757876
2524815 9549377 7901255 9740827 8269781 3039451
7231009 2375221 980288 3504475 4709289 5568905
4141238 1033840 3578836 2570584 4626082 4385192
6589701 9245297 635852 4398607 9555808 6198974
3504270 7774415 2149996 8215827 4835256 6378813
5838284 9736460 2730348 2345814 9825527 9830287
1175521 4120439 4097197 4661499 9492375 9219594
7661839 7893520 9502369 9866346 414292 4610032
3173695 4114555 6982681 7732052 7754719 4997379
10856 14158 1443748 3108641 3079843 6901612
7388610 2653559 2013657 7105947 9608313 7677780
6091706 7780230 6946680 8521787 759839 1331168
1124920 6862620 7689710 9862469 9687819 6763731
2754336 8508609 5164081 1591479 7088331 4151439
233548 8166943 4222658 4624330 7156094 3571045
5763360 4034818 8619274 7311934 130654 8783419
9236860 3195188 4866000 6950847 23223 500074
9931740 7992546 5026320 7660182 1718524 715606
4389577 6490465 1499108 4068282 2523553 3446838
8307794 224916 2212001 862065 5767732 6298721
4017961 4549078 9698443 3506832 4382419 4238169
3275359 9661970 3337953 7451169 6792706 1388738
2336623 4528669 955473 5983999 1917206 1378827
1593929 7123817 7345461 948061 3771358 6231088
2767581 7603289 921473 5791399 2654247 3916482
908968 1751008 9523372 5022380 2377157 8837059
9411273 6593831 3184913 3496694 1847011 4123447
9984221 3552470 2327951 5727454 9322798 6956637
1235055 9974004 4152119 5532361 549847 4459227
2644052 411494 7719793 2880105 1519032 4398523
6256180 3859060 8630722 7563084 6580647 6205957
5065660 87140 1756544 6921363 3444740 4072165
2049471 1858920 5210552 4708997 9451121 1570312
2619763 813731 3498628 4783669 6015308 1239035
2879039 8910842 6444576 6967155 9718884 9562736
5659853 8856113 551119 5471222 2599450 3612491
588123 8021713 1361062 8857052 5714256 9939795
6745913 559583 8332686 2239475 6195234 2620790
211993 6341908 7231440 1037530 7811314 504720
2530943 5971210 6004301 3011584 9720206 8039536
7738566 5796375 2184140 4031565 4192483 6622168
4969639 7123673 4572513 2906427 9085882 6926247
7121491 6606791 7053932 5238578 6707793 7215554
1654646 65470 3194648 8904424 5374851 4948479
270749 4288023 5109452 855153 6773873 9074088
9655761 7467705 9702360 9876380 6471657 1678419
5075784 5173709 1716575 9926176 8693490 3560873
1221022 9813201 5704570 5604482 6040019 9256998
1224407 5080828 7256578 4446757 9805041 2715305
1348769 1868270 7793541 3502302 2987680 6540326
2521403 6118038 5851558 6704858 9214747 9498129
1504550 6742434 5640145 4475319 9213694 1537528
3767224 6936580 2005445 3189396 9656896 2837782
5418019 8858590 8648383 2531509 255805 6741377
5247009 1070828 6480111 7932798 3096218 4124954
6275825 8651891 2159201 8927885 6740044 230044
8545402 1186720 8344004 472691 3544164 8395660
7592420 6444254 4985967 2192177 7530507 210218
4563338 9842401 6251053 6522246 9974625 7023392
4023877 2524348 7072262 3766155 3747430 1945115
492128 9392879 501820 5591582 1045014 3610755
9489503 7243089 655378 1227498 7043824 6824293
1332229 6137771 709535 9777317 1088441 7608885
930703 566343 4485117 1119035 8415083 4827722
3329859 3867517 3230486 3990864 950419 7265421
3282550 4909179 914491 1926489 6653308 5308834
633143 3869632 3045497 4685759 8408512 355776
5466403 8760275 7083372 4739611 8502500 5222196
3865566 6850426 7805397 7754944 801143 4125077
6990158 9386679 2268349 9292926 3344041 4865148
2883654 8779834 9248437 5065588 9894608 7068294
440142 9489779 3959776 3556692 8283614 2593336
1001489 2925264 6682754 507696 1904290 8134799
5064111 9353142 1605414 5287344 7448728 7207504
9065086 2978639 7432009 2985875 1154947 1556575
2593387 9376774 869518 383398 8041477 6569655
2600842 1651845 4665463 2842695 8710913 9951903
300585 2640235 1427409 3896794 7794862 3467695
5858459 674380 1020633 1768643 6894044 2806766
6703437 3319294 8117256 9001333 1591524 263034
2929961 1632707 4941752 4104188 4463820 6819195
5404785 8241906 8055780 5313157 1933557 2009063
7013515 8317301 3169500 3232241 4178660 9601051
5964639 4978724 4261078 1784220 4540998 142797
7579322 5564972 2123566 2667734 8893506 6119734
9888277 3277328 5046218 141149 1603892 2769455
778548 3753025 4132741 1139197 6256255 9623607
2225059 66184 6200530 5239362 3231862 5044119
9955489 2099930 641598 1936323 207803 6932617
8737781 6146222 6724620 6101017 9686113 1262083
2045555 856437 995599 1267801 7017330 5516479
2607022 8151561 7908193 5230933 4954610 8925679
5018040 8073279 2487296 3950815 6779858 4147610
6547838 468600 3108879 781276 8102440 8676495
4728654 397221 6932534 1512631 1587505 5474009
8016454 9979211 1257027 1206810 1213552 7172409
5154461 5900727 497750 7913626 9643828 2717133
2963840 6452759 2078239 6810669 6391729 3276737
8410952 2444253 6914843 9491432 9239206 6317706
6032432 9893987 1514546 1664712 925469 7405343
2755485 3176590 4205402 9993608 8919443 1808102
4408152 396048 2842214 4667989 800390 1106831
5770174 9739304 6664871 2295411 8786772 2536565
2615599 655523 1988778 1211185 6846655 2364491
9868542 6160031 8484909 8360115 8806990 7987725
7454143 8218678 3994175 9106030 1171302 7521755
6888569 6598785 6080050 2162234 3061666 3725630
3362469 8010403 1933949 9312706 2205789 8083802
8514314 4763374 3048564 4952751 3294775 4321133
3877275 8881013 1162573 3091127 8916632 5473685
1104150 9449047 6949336 5646638 9885127 614202
8882316 7495512 5154906 9860548 9183055 3848311
811737 928709 7171900 4064859 5246208 279708
8213578 9655496 4365495 1200167 8369432 3768534
1763445 6003956 6811084 5827199 3876104 1679408
5855460 6677260 4911126 5826578 317668 4056641
9662902 1585269 7028807 7204657 2495498 7953944
5784236 2633541 1576704 6238325 5360915 2827779
6076729 8220820 4861345 9141875 8991179 8584434
5434922 9664917 5080497 9978542 72602 375619
4142242 7350360 5146721 7579698 7867603 6466183
6434841 7997852 560323 2921157 4397806 7848161
2228740 3825147 7136403 4973041 7067248 126152
4355761 5144515 2524435 5302671 5618326 4654533
8212017 5471341 3029953 9565143 6412934 5478665
9750766 3843183 8981901 7120624 2346664 8737658
8796234 8833973 2674300 1939656 100012 2747418
8304771 7566820 2456547 4772590 6320497 9696808
9342830 9563133 6619506 5805435 1727113 8957898
5033550 4308719 275443 1781102 6330872 3650157
9497878 5334892 486708 9428481 8754277 2243596
8646328 7780445 5773944 8987563 1198957 6368217
7884699 6649798 8509955 2607194 6768612 6577533
2344711 5352442 884126 5206693 6296373 1628914
3308539 2463993 9911274 6353703 7315299 2059338
7200163 7356619 2874946 4959439 8053507 8082450
4138521 2570059 6252510 3332985 2849845 5262721
7407856 7924305 9653376 4908057 7908799 5173350
8243681 9817722 1316797 1987580 9965940 6506526
7917758 9458112 9360072 2855096 4166930 1194786
3977091 179031 6420406 6233806 5947029 4737277
2006309 655773 5107463 2259143 3169293 1589124
2902792 3295601 5992398 6963090 195359 1932666
718683 9944255 2196777 741884 4433579 8524548
181704 8245560 3364838 3215349 9082712 5593676
1056290 5554850 3328501 4464589 1130327 1748801
2210968 4088157 2189255 6604259 287576 8298935
9304806 733839 3593531 6288893 8127507 2503870
7400008 6138706 8953972 6081576 2012923 9963123
1268445 4137047 1334563 2472694 7789388 980249
6041157 4760345 2839530 7262598 6323001 6960131
5422829 6134254 7517462 3216869 6293693 4667634
2386153 1756085 854733 4708207 9997625 3912945
3704600 8368227 6457107 3270408 7408154 5292124
8833551 2101121 7732118 5990470 3211423 6761529
8703677 1236857 9528028 1084706 4233477 7948371
9479594 9047723 709852 1018875 7066079 2227385
8696491 3859468 9622273 2756706 5829828 3138145
5646568 798311 800272 1390365 5530889 3962796
3858851 8221193 9302607 5558441 933183 3170329
5845293 931762 2303631 8439367 1789090 7107847
4812611 6092984 6232464 5629678 481072 9333260
385870 5462191 8651468 820945 2637735 8857106
3936635 1782406 4047171 7636894 638883 4815022
5758314 2333398 8580269 2735610 7142802 1247864
4510913 5632704 7349145 3959842 6770386 9217873
4744558 4634328 5486347 4171141 6947346 5326709
5333323 6489915 6502264 1736687 343068 9874450
5399557 8474885 8200174 9197242 9343306 9459127
2693002 4874731 9768146 7741200 1668463 7415507
1374552 4343406 4028998 1562539 5314413 576760
9062974 7314677 7749448 5825244 2706074 794902
9486057 4365662 8624243 2163243 9858020 5783691
2842658 9864100 8247857 2908990 574698 8126224
4750312 5469326 5358206 1463021 6860806 6854518
5908977 8633064 4859082 2693500 7661236 9508910
9928094 7863168 8422629 9697643 3977234 2948427
8568289 7415106 8129109 6618549 1615270 3222303
933101 8801793 5638594 4970557 4093231 7090983
5999420 4184836 7970669 9349476 229750 5792890
4933390 6280506 6965424 9095744 6208143 1638277
5680084 9484365 8890226 8145796 6843689 6398114
2392847 5083755 9047986 2444704 1628203 8613774
7059103 9751329 6069447 5225511 6362912 1973112
8153313 2225853 1430360 9963892 3958522 2374351
5496681 5330694 382792 6607316 3097901 2062624
1592244 7666918 211144 6841366 521545 380107
5972053 5747369 130911 5420631 4604371 4179761
4039151 643829 1448923 9957666 876282 4334724
1958108 3692044 9505421 6267383 9488308 9801861
8998552 6887231 491831 9092292 1095724 2753915
9658983 1732127 5085744 3366720 6796020 6493994
6346563 1209353 2326726 5769922 4047529 5875897
1644043 3630004 6252652 6078883 7795801 7666024
3200317 6618739 2130750 9793640 1839915 1810705
2021383 667331 1168971 8627379 885763 4771045
8309330 5378832 9301150 7891366 109812 9371294
9505506 9494164 5031657 2722266 852510 6629873
7422438 299129 5341655 7577340 7849654 3733211
5920813 1397379 4865475 2426923 7321312 9070890
1916164 6422437 7886295 9472948 213005 1468380
697122 3686192 9680846 3226343 6679422 3936317
7573911 5600402 4494263 9457067 4563086 724480
9770758 6430122 3439433 2617591 5551693 9793971
2038388 4164967 6568659 6469242 8744424 2457820
973254 9241382 4466006 4154932 3442068 4750844
6244996 5485978 553200 7384219 7127462 5868603
2430147 2734062 2327750 6699733 124690 8055807
420916 7005790 4644588 4649122 5015141 3278407
6745303 7086685 1567181 7071727 2994887 8356070
6429976 136292 8047761 5753329 3289684 5299833
2366347 6062465 8329366 4621099 5791918 1686915
8025840 6381305 6745093 9612529 3707416 8392079
1336864 2319788 5562113 420319 9302214 5611272
7161614 5349878 4555926 333505 5457538 2867195
4275594 1843348 2349042 2924776 9938592 6294243
5511709 4130112 2233579 3597126 6795180 5481266
4627977 6687762 3198910 7007176 692209 2647711
2957309 4058191 2099142 4101849 9914453 2615543
7421018 6115621 1931456 9851271 327915 7878590
9768404 4798087 8009409 8708118 3255579 7822897
418516 8500765 7168894 8923656 8590809 6709884
7789379 2529937 1095607 6568458 14859 7881247
7346902 1226297 4934258 613465 4154895 8122623
8142626 9472610 9046232 94024 5670189 9918357
2164876 6312995 7662276 5566328 1268163 4045080
5895667 7118000 7744477 5462394 7282057 1632563
7560836 9449248 1453042 4113044 6859202 7259196
4544563 9539 4211967 68683 3355584 1693109
5618258 4477599 6055714 996530 4433483 4646062
8053183 8100798 9431921 6563677 2891520 1604609
3629604 6734286 929959 4690917 6510468 7368499
4784764 2967877 5310680 3374127 1068674 5446051
334979 4844196 7481493 8256520 7420857 5890727
4000297 2327439 7739426 8485010 7346301 4736052
7090912 544671 9955756 9859266 553472 5628893
6361470 6566347 2304264 3156777 3242643 6899820
2764763 3255347 9417701 7695324 2294174 7893752
8132066 277214 4616841 4357808 4414026 5695095
1422838 8799056 5899566 6799625 8574645 4635975
3997929 1740219 5756484 4141523 2767472 1465303
365838 943656 3697299 9307676 7668726 1185897
658849 9561457 7631483 513300 8794836 7841655
6056081 6765030 7812322 5614541 1173513 4288371
8069262 2531294 4510186 5911388 9681113 6016145
2332123 6913374 2485017 2710217 4539466 1285860
7452030 6138373 7597945 8381494 8074367 5750271
4561237 7433563 1699299 4490087 1599440 3533027
7089012 5257948 2903667 7075121 5515996 2376529
1504245 7248149 2301609 9297232 1023873 9192001
7357072 7504641 4734720 4927895 5824229 1555669
2027232 7675205 7126972 6066741 8200068 6436843
9987900 1899878 1049472 7477626 2464732 7017990
2854168 5034203 1460635 3029687 4836191 4621449
7199438 2012299 698393 8344359 3784719 3992355
820509 7382672 1363163 5398682 2192959 1943087
7406602 199576 5626605 4378150 4904444 7007482
3308551 9635243 1758263 3584285 5078254 1834637
4113258 7123081 9528347 5287111 73559 2670192
5113090 9235473 5607131 4484726 2306277 8454643
9107076 3647951 1771498 7645103 2139209 6174749
4476877 4258498 8044571 1425328 3928597 5125660
9419443 4959406 398759 1659634 4671110 4293786
9975089 3204024 8401106 8773733 7205313 2655342
9052126 7570548 5950355 6486734 571080 9564534
2012160 9374143 4962163 2568690 4403661 8629213
7522661 9951798 9483 8898598 8358055 6337325
6019338 5977971 9141424 1886459 7229021 8807158
4838219 2398219 3786316 7282837 4239311 1741950
7606126 3691212 256203 3180386 5362524 3919679
4558235 8174027 6125476 5972698 6976745 9249734
9318987 937650 6739970 4787230 5524161 6160048
978627 3799289 6054737 2896955 8017080 8109800
2868510 2797509 3613519 1417092 1792206 2125189
8020028 3467863 6346521 8015742 5936363 262677
757054 270822 1135358 9770163 5412756 126639
9719746 8915464 6216074 7959149 1004611 5023015
3466240 9056272 3594833 4553323 6223957 7320974
9031364 78836 2689892 1153503 6182972 6732311
1992574 7008514 5800529 1122438 4908049 6939874
2033263 9662709 4637112 2137456 8534211 2794807
4612534 9374178 9541940 2732798 6039087 1336486
7874886 956081 9654081 4905637 8691845 8370521
1688137 7287129 4436373 4985833 5940064 8177469
1754225 8888580 8429287 9245482 1017317 8124289
8524897 2604914 8489371 3807013 956825 5423947
6538093 8292346 8398851 39941 4849988 3068175
5047520 1103739 7171997 5323441 6890980 5562327
3978743 4975613 6365807 8444466 735862 8602281
9377872 7616531 5309452 7973653 3829771 6519926
7884597 9544282 9566386 2520132 6391286 9371166
6836133 2654642 6181432 2475052 1259110 9579146
499908 7983244 2992125 5221434 5629513 7118479
5385391 1797805 4885352 6928656 409322 3413435
4306439 1892580 2455643 3035115 8850233 8766023
8064193 5813988 5360657 2477916 4829027 1767278
1687826 3294079 5331912 7785945 9576911 7620892
1108159 5922995 8933051 7778598 3038079 5645737
3777990 9776270 5810670 4633463 1734440 3676828
4457245 4158065 1979939 1481632 8249640 4213442
8143750 5417867 5407014 6263076 7783476 7396977
6781880 6749520 1557179 1109569 9492437 2888198
3989893 3848133 5777193 9288902 7268299 7515940
323339 6927430 6085198 8898696 2121310 4436371
523971 3220268 3589420 7330069 7885880 8153184
703009 5701016 2667556 7627423 1343224 5594066
1911329 3107682 4783647 864007 3324997 9338255
2608234 7525045 6123461 4068695 2458400 612541
4232098 2162399 2374398 8694242 1878754 494251
2009493 651865 3005828 1505061 3536881 9932423
407235 4203288 8470161 3713933 5576058 9575306
9031561 2521911 4931655 5003962 1478521 4363638
8811221 9181999 1457654 7460429 9937518 6912623
4557415 3809663 6561447 8354286 5361183 8082606
6784826 1431885 8320350 9201894 5249365 1150192
8195762 8326697 7348020 1395515 5862629 9563632
3964375 3673249 8126226 2941646 9064470 1399111
9905235 5879196 3032297 3552066 7839658 9174888
1906900 606462 3760201 6067367 7125724 5179350
1763447 3363793 93977 2146508 4800760 7587758
4234013 5715394 1064591 4410377 6492819 772233
7229704 6867213 5390316 3070962 3851215 5311897
7878385 1771603 1891718 5683602 8843518 845260
9230850 9054362 4253265 4306245 1710155 5875320
7129963 8586150 8208306 6735463 5681966 6834326
9723505 6169175 1665965 7909852 2120450 2336033
2575148 3544753 5278357 4961228 2563341 3078896
5650063 2198072 6741046 861485 1366226 8108726
6681241 7558913 8973630 2686573 5829411 7845776
8633160 266249 156112 5890701 2886516 2634003
530788 7764286 2110077 2656286 707827 3484876
416780 7870447 1786025 5273566 6667984 5027133
9739051 4017197 2932199 6280591 4823438 8647485
3305814 1886748 3883924 4843464 2013535 247170
9729566 468148 636253 3137543 1486586 9766430
4292017 6300315 9496294 1302063 4110863 3082167
2480491 1075915 7322248 5799311 3896808 8082616
6308329 4378625 223025 9870250 527514 3714553
7899927 9398499 7906540 545126 2320876 4293599
3312629 3859294 5088063 2818586 5022793 8206377
3397275 8512171 9465979 7927560 3401157 8388589
4028727 3613412 2849184 5484197 7871691 5810613
5638614 856737 7925871 2055077 973134 683223
4931718 8470344 2735708 7157135 4539828 2454713
8315139 5149754 9099509 2143898 8667448 2504831
1798479 7828965 5823723 186232 3158550 8488188
7123897 621048 1786980 2316104 9799744 6610002
4150644 8282912 1737712 3478866 9093705 9064253
5027119 7917512 5425374 3655806 772519 2385778
4198493 3748712 6536211 7923703 3476782 1665414
9006052 5479000 7446302 9159502 7858998 8012861
8659272 2485842 6321997 9795179 2371475 8671919
5476706 5677899 8420870 3793187 3775493 5130561
3951746 4501767 1565847 6621398 7089119 8815236
7431527 6644508 2167830 7581852 3365971 780982
1688895 4135549 9704704 11889 9511940 8004865
9206441 5432521 1062975 1754209 6889096 2908699
3475068 8855409 2492148 6233001 7424918 992803
821786 159697 5517461 1455321 6167970 7669676
340105 1392824 8098760 8529697 8912285 7933652
2531098 6938876 2047109 9397696 2558922 1759569
7679125 2101418 2665689 7032013 5142701 4115861
9808246 1327728 197372 9647255 7466559 5934427
6584959 9235701 9129799 3943051 2728477 7086465
5081831 8709092 4081988 4857426 8737567 9494649
1440383 9288601 2797306 1738640 264800 219645
2619151 7234494 2548615 9469145 8580702 5238286
7861988 109891 3241442 9278882 2179010 2670263
7498314 9024497 105074 2894960 738377 4235394
1983570 336825 2744753 5496075 5098561 8260563
5966309 3627291 7211222 2504830 1818563 442058
9489672 1243950 8186683 9600837 4994402 193584
98847 4026316 7682702 4768563 7360313 6717077
9603079 32190 6338687 1546265 1997015 5810640
2731073 3622185 5243750 2219619 8050186 9811553
9604450 691831 6241599 4578823 3621349 2064475
9025825 5704863 558260 2918509 9221485 3153961
4926275 3477736 1286504 151159 7696504 8704796
1728771 3637369 6794045 4428329 8984704 180664
8026672 3072143 6385513 4916845 8602581 3038459
62434 8899131 1145216 210392 6998730 8938815
8021192 874005 3051583 959411 2060567 331453
5097392 6415305 843037 8773190 9871376 4440629
9728743 6045174 9988269 4521337 4423537 2167046
2760269 8341005 1770629 9060861 8622334 2399542
5688538 6318913 7253228 9683238 8457989 5490715
3104330 5757691 426647 665016 1024825 5996264
5931573 5740265 350787 9692953 2701367 1510334
2336123 6101978 5127944 9235188 2728674 7876581
298361 6105502 8205343 3300176 3786816 5206784
5783214 2546988 8970303 2392495 6379597 819410
2354477 2546927 4318447 1218707 9030065 7579342
4036438 4723536 2514295 5791036 8300768 2452016
685550 8297010 9232513 7103612 5647995 8491182
3896367 7259358 8626704 411848 9894633 5307733
820511 2412826 4897327 6499009 4344477 9290714
9456557 3668802 2543377 173898 8840831 5910481
2145779 3922764 8384242 7030094 1950843 3536529
2762993 2626707 171711 9183819 4978942 6567038
8113392 380847 9217920 5468339 6354451 346156
2588835 1092411 5082418 2280684 4944499 96478
1152960 8221063 4324315 4717556 8107018 3890193
3921152 2091842 1788471 3575311 804408 655638
5058535 4698659 2537992 9102715 3082348 2861014
3780703 7110445 8136244 8235445 8959258 9167562
9711636 3363899 6114702 9465923 9175776 9210018
310965 3139724 992084 7741397 2320702 403248
6497519 2327129 7504294 386468 1369242 8753074
3439835 5777412 1605558 2244773 4943466 8364971
6670297 9554173 5191193 5758975 2780060 1883624
6707484 5946117 7777680 7865193 2517240 7700682
1336543 2808769 9624501 5409754 2754479 3328485
5313068 4006308 6632585 1469580 4990221 2428661
331472 2528837 3858044 4340311 9808266 6048558
3161574 2076032 4956843 8691611 8735767 1040597
6044768 5219673 4043617 8213753 9219452 5389393
4533134 6409033 1280198 2036696 3226518 8091983
9996515 9915196 9560557 7900305 2663986 1148644
4706497 2811606 3475776 4645250 5059253 9313640
4312482 1599417 8341106 707981 7423104 5133386
2187713 6973313 998305 4827882 240107 6798286
870304 2367864 3047868 3520669 2460515 2078725
4618758 8818910 1996566 8867777 540325 2800608
2743203 4805779 8340089 616078 9072177 9142555
9704360 5860233 2389426 3116841 420304 760751
5615299 7405485 7518521 8821935 8386282 865486
6321229 1928579 4456801 683639 9873233 4182328
3522704 189017 423139 3106501 4296383 273507
2075605 2628293 2522009 9460618 441582 7574090
19836 5626238 5653946 489353 7271673 8546531
7051503 7240371 8087537 6106804 8679650 8009068
5974907 9526974 1172334 5560121 4643901 3810614
3944911 4904151 1499798 3478983 4527793 9710506
9054476 7016730 3376640 5349933 589995 6358819
8839489 8145169 8296790 2810742 456167 3997916
2387883 2730016 7183797 1630618 4053736 8578855
7783405 6925292 3667457 9055698 9268795 7385744
1558726 2253345 5403743 6897209 4705720 5439425
4634888 6924467 9554561 1967859 3281857 4190486
505457 2430621 9999402 1344928 4599782 1809729
1429984 5843212 3453400 7088406 107415 4180485
5816749 5721788 5173323 508974 4402628 1540331
7406451 8925578 556286 9900577 1302977 5680755
6042412 1372021 7912779 3734429 3982735 6713341
9099638 1589564 5091865 2452662 1498919 1334640
5219803 8205676 3714161 6588664 1505713 1244119
7141580 3804388 7338336 8582922 2041984 5205067
6049814 9593620 8540282 1346908 3923796 209678
545398 6901405 2239797 1754229 2278995 6128537
2742154 853444 1832291 3683041 1547847 8489322
7220412 6971803 7988000 1075448 6590227 1680187
5926800 2146613 3556559 2628979 5361106 5638024
2167168 2503860 6811746 7710328 850587 8529166
1397648 9044940 4498054 4116715 2217 1148931
6359605 2965297 3065058 6985943 8470072 7791840
9424811 5044729 9615819 2996784 5317640 3172399
4975327 969703 6115642 8554391 5305304 7842482
7046362 8626598 9117743 1894485 715471 570786
5308702 8019323 1679371 1585026 9256997 6048531
8211870 4981311 2531208 6183783 9503099 4245394
4101406 7813629 4622623 7905830 7651052 3873213
7674625 5021628 3722729 1609808 5356112 3028949
4170834 1968743 1587221 7469406 1216186 7219792
523836 1698689 7347934 5025690 2037962 1582002
2844414 886021 4478376 9468514 2868445 813919
9862132 7570128 5494179 4733467 3350442 3093615
6828500 9489017 1983 2523498 2235720 7691910
848729 4775833 8024401 1419797 7789629 8003528
914574 5309264 7475787 8323676 5004352 4865203
2918065 7730276 8647157 2393898 8175821 1596539
5254760 5871071 8379367 8283725 6646783 7436455
2031249 5100571 7281734 1655223 4267441 9906745
3526781 9029239 1187232 2618220 8307575 9074355
6524695 4620432 6389364 290071 1550074 4069886
1950040 9840300 4868625 3212672 2887786 1510756
5448279 3233315 9290833 7443698 4592310 4363234
5519343 2079673 1789760 7569729 5769458 6672845
3863642 4916061 1242853 872355 5942077 6888683
2480294 2660053 8839606 4787484 4743133 4889127
6421385 8039784 5827280 9880114 3103495 7478296
4180919 6366895 2194941 737133 416070 1956796
6963065 1524077 9315625 5454935 3824271 2360404
8820820 2976423 3667570 6827472 9631446 2805530
4746028 3562061 8894813 3428082 5709108 3793014
537039 3663921 9290371 9464114 8020280 5346223
1103975 2207540 1595957 8429677 4661950 8368070
9648282 7043258 7715698 843297 9777875 5484697
7756675 5594862 2209084 4116267 3187947 2899948
555506 6074439 2338003 525792 946976 2973551
8876128 5588412 9691163 6069743 2780549 4573270
5329034 5028928 7251146 1100237 5310199 4795011
8299565 2811185 149304 7036002 7653127 7896368
1112299 4435576 9155408 21931 568821 1597658
8980955 6163354 5805287 1949110 2538125 4673989
3661694 8240672 8729842 6346242 2198790 2518609
2228904 8709797 110546 5294033 4783798 2268355
6373284 6200335 105725 9369839 6036397 2076880
8904352 4189338 1369508 1558771 3029882 4530896
3826674 3052773 408918 3330527 8967963 2869536
2354893 8086199 7058796 2598501 1426788 161575
3634628 1066541 7381556 404192 8474210 4124869
9419949 5693222 6578402 9169547 2626998 2788829
8247949 3584690 9122653 9649556 6888162 4322862
9136985 7263308 405881 5702708 4794348 1969246
1547067 3444997 6059119 5149458 851822 3467676
2283138 9400062 8420084 1621170 9739509 4791541
8679945 4453722 5921582 7771764 7432103 6233760
55494 8647336 5905681 2233094 5001314 3715600
9549448 504099 1563403 9480042 7411742 9272099
9406700 4633629 3121995 9186048 7510306 2231336
5915658 9062938 7552950 9209750 2759907 4572505
1215094 260899 285662 5023202 2953607 855901
1757991 246272 173869 8193781 8895791 9009102
9935157 3713590 5081991 8378963 3032469 1826693
6979932 3892922 1077656 8142023 4750205 8787602
7689695 1481961 7449975 1336584 2654709 4491227
9192327 9652530 9314627 7719427 1641688 653043
4319003 2511019 7594617 5382017 9249850 4176069
8031970 4012165 6814978 4149572 7544736 7847749
6550288 8819536 8066648 3913044 6540776 7616476
6077101 7999866 8801312 7819008 9194820 4899672
9243519 6272628 677095 6363805 2077158 7087459
9863796 8903800 6767300 3120600 8855820 5284076
3713911 2209485 4921433 3489294 1588207 3723407
4051978 3018372 97491 6485676 5906598 972093
1614795 7408742 522733 195937 6711213 7812023
3562520 6554135 3177789 9362980 5350240 1640338
4206827 5562704 8531150 2591774 4553955 2087148
6405237 9411077 2557659 9418320 517359 4545623
6672692 2415841 4154757 4872710 2772740 859764
8048008 4878863 4747053 9480346 2916797 5232075
2312083 458541 6493806 720923 5926989 3607969
9988557 5423518 7021790 9962881 1963376 5078479
1050481 2644970 471761 1038532 3816168 700598
2543248 5197928 8283459 4482605 4973949 1414482
4974544 3209608 9446558 4490814 2543836 8167683
1021997 8725951 6170128 8329211 319676 4614239
7577058 8722460 9693982 1982 930491 828303
1013456 7616203 8865223 628087 2640494 2367157
6023277 6800258 7249306 9657106 543254 1958149
5992267 489259 9850608 8278343 9667563 1299245
6121847 3910132 899370 9768965 37292 5994774
1419043 1828025 2213480 5232900 6428949 8590439
832230 267458 2473612 301691 5536011 5317034
9317248 8505833 6756404 3811331 2620275 36240
3919138 2898551 6406474 6356706 6768120 8762246
2561426 252337 7747824 9051806 1766975 9165337
9416053 7097412 1604955 5718262 7851087 2440897
251081 8150892 1493681 6537296 338593 2901890
9276915 415706 606121 4480812 665360 4154668
2712745 6074249 2134572 1753661 7373303 9890874
7563390 7327720 8648717 13400 5851010 578467
2702911 4790171 5333048 9717932 1706398 573057
8965035 9283735 2185309 6756652 8509996 7590629
4295221 5472744 9112914 3070211 575023 4226271
2970810 4847343 1910188 5591611 697463 2274485
8516319 6432167 3725803 6309580 1219677 1280984
5744320 1972411 3975571 8936513 9870805 4204605
5160593 88181 8916226 7113781 9055456 9441725
8932061 3091725 9575101 7134483 4783314 927778
1518977 7330096 7986393 5605065 5887514 668048
5224302 4407753 952595 8717741 8905232 9810379
7517766 535697 663387 5019361 3087557 2373019
3956360 795422 9351557 6347444 4014808 8604420
2525444 6917162 2686359 7587454 364845 6339112
3565211 6044842 7991417 7725456 8507064 770335
2070814 8341042 3088209 4854351 9869070 5339499
6665209 2537533 3410648 4441771 34083 1155993
9935374 3825501 9581190 1517853 4233507 178291
9965981 8836715 587903 5396671 3296175 3811838
7590289 5513172 6254764 9641296 5050980 3675624
4655816 6875778 4639762 3736881 2023163 6284891
7195155 4023567 6958469 9692330 6710654 5852305
7222453 4288880 7293812 7731581 7802803 7604578
8217149 4885720 9224261 751731 5827768 4675390
6831303 957566 7905437 1572676 1138285 8926364
5051686 3404866 1414416 6129137 8526306 503870
5408515 2694226 2428272 9557416 8514582 1910503
1043162 5142 4120350 2785940 7131295 8773702
8684648 8969611 3729402 6963302 6789184 3913333
2773933 1713705 9085092 9155525 5585223 8733073
4936435 9451851 2007602 9545002 6479063 7641622
7652894 3680474 5572723 186873 3467756 5177236
3717340 3107416 2087367 8949035 9874423 9489719
5065708 4078154 4010629 942717 8080156 8803229
8809229 4052630 2084274 8272476 2380670 9114595
9295686 4910381 7571495 6686025 2983018 383931
8457768 6315556 9765721 2472758 4723949 2730199
6735388 1234327 8780823 4575602 3546942 5505868
1483499 1224373 7617813 4353494 8448443 2381046
98635 1574242 7658354 1952072 6159421 5554270
9959970 7225725 4721600 4968464 760102 6084941
7468190 2473092 6819457 2964759 2793149 3836017
1711705 8877799 4678342 3218702 6483395 3397022
969371 9342537 2062880 3819311 4273607 1735669
4291149 6124426 1357324 826770 4423958 3685539
2300861 2499751 8120913 1219650 94240 4752923
4651733 5843098 865056 7236665 4976195 182641
4885245 3691832 336491 4114218 5399814 4111699
4361086 3990840 9643742 6370529 8171160 7232679
1108905 2725164 2153875 6758317 8378811 9864667
1982049 7875373 4525820 9059445 770891 4471940
7120606 2103946 6144642 7478069 2403224 4993793
1462190 2385055 170773 1772852 304714 8909104
2989208 7256230 736201 2779276 7333432 6511485
8575944 7530160 2111237 2478412 8846220 2324356
4171310 8439687 8609429 2761160 7013706 7208592
7219727 472060 9053836 2653975 9933321 4519459
2136066 9650692 996521 8969219 8311230 4150497
6324567 9452471 675884 9669606 2517736 2624695
4355602 2516288 8980622 9835540 8790358 6373490
1846245 6849058 7044348 5782269 5847664 8808642
9949803 3811979 3738340 7326885 5399804 6312997
2229879 2794767 3603209 7947049 9800159 7729004
6417278 2275853 2521293 3061566 2096493 3458771
2518687 4692886 4009161 1970076 46073 4122950
9830439 9443981 7285531 7761561 671779 4752721
3174093 2313059 138019 5999943 5015352 6199299
4598772 379209 2221781 620331 7268171 6197264
1789754 9153088 5124291 9636325 4844840 9769042
8965736 308034 7606502 5114517 5185205 5153184
6876711 1117330 4188921 7980046 8811812 5883860
9762760 6091801 7557693 2932888 3746860 7685186
9066313 5390319 3786461 6536262 5854380 1731241
6324664 1678042 496313 3682028 5728216 9054569
1732979 9254137 7004296 5600364 5696421 2307077
8622453 7068812 2551418 9839374 3344883 1849714
8887528 7205384 8649398 5139807 4642220 4458590
8745086 5593447 2490995 6800463 7504844 9127289
1922414 7699664 7436574 9924526 831539 2830096
7149584 5995788 5852614 5590100 3479989 1932452
5030868 126275 2693113 4392526 2242846 8128204
9183572 3615892 3257632 448636 1991924 2833051
9440498 4127246 5713728 5990337 5444127 2616055
3929766 8507629 6685123 8716013 4430511 6427892
2589776 235595 7853479 4078285 9796104 859528
2253617 3899616 7530848 107860 333935 3510717
1995710 5665088 5719595 4346618 7720089 4321334
3261704 9684465 5463812 2364958 1107849 3572557
4509230 5972688 4269340 5592061 6912864 8177075
323610 1534668 539688 1354546 4799271 6984357
4422391 256927 4698350 173611 819748 7406247
6050715 7087495 3649998 815653 8621938 3440445
6361818 2743007 3146064 5003228 2959027 8103772
8825853 5715235 3950514 7733075 4335408 5189560
1369991 135452 4771937 7315384 2930736 7641855
7803570 3307750 970232 692851 8550681 4907072
6410178 1179661 7667008 648059 1578364 5412045
3986661 6091036 3203849 941848 219715 4925436
1354835 1622066 3135192 1963000 7319080 4847816
1552382 243016 138161 4843237 4359742 4588676
8524477 5679428 5984407 4442156 3649517 5184580
1275627 8044708 3567890 8486613 7334853 5971774
8841337 6215773 5314906 3734104 7086170 9948255
9957404 7818925 8404653 668751 3283073 4255200
7569169 8270402 7462975 230459 5244607 6961195
9787072 7934299 4876356 3632505 7617358 69301
358029 4110904 814191 2824990 264477 4870345
9595379 5444679 3612959 8655154 6651012 7248005
1003833 4555975 7326157 6705410 5981834 3579067
9421109 1584447 8233118 514112 5636417 4569824
3886710 1633581 8483105 9820466 9823718 9655595
2834596 7310083 5292435 2449096 7914480 4930365
6993099 2825451 4536621 1880117 7642005 4747918
4961192 8510470 7781906 6764344 7066164 5087637
45151 8405612 8046819 1397996 5304679 6537865
477459 983641 7671848 4546247 965096 113881
8962792 7116381 9208241 2300086 8707244 7542625
267659 2480394 7527857 4880638 2628649 9701026
9215906 3414805 1055900 2433429 82976 8734114
3029920 7768498 1091591 929353 9282743 9885916
3548198 210876 6011947 8562587 6991766 3177451
4369122 201168 1738348 8585239 9172643 7406042
8104475 602765 9948182 2585589 5966264 2839534
4825455 2451944 6386701 7327934 9662827 6742288
2218944 3359766 3192687 9493646 4992838 5704392
4131884 3984296 3727381 5028051 3127029 1109926
5877678 3116517 4361966 1100610 5603266 5677733
5207453 2643628 4864605 1492461 6114005 5926842
9858618 5083606 757592 9535416 8018499 7583481
1056750 2773465 9719592 8920653 439013 6024050
3558951 5762285 7630361 6357160 956251 3560067
1095274 6569605 3717619 6044873 1367260 8044669
8275894 2799644 1135622 4713846 6024119 616063
3655351 8970783 1860171 8791520 7879806 6154840
6012478 6494715 4156381 3160400 461530 4373976
4104813 4138455 4176380 9676518 7542883 4022
613775 1798128 2104836 5962339 1527709 327873
8733372 8917231 8742232 2462030 87248 1475167
7395193 456608 2405724 935205 2234286 4470688
3534413 8452503 6544699 824247 4363649 9600178
5195644 7721836 7582979 8528569 9570150 9281131
1815433 3188123 500365 8939084 5850705 5549083
7248274 1841082 5773067 976389 7607825 4130466
9518058 2297439 7941670 3599591 4064594 374732
8467759 5402814 6483596 8575572 7640611 6807795
5728751 6615820 5146459 451155 1447826 5639518
5352643 9322171 8225608 8533346 3772721 6672658
8044947 5746911 2116394 9796245 443673 4602928
9375330 3741965 2066195 9544604 3296007 1416969
2629662 2142667 3583417 5403004 9987975 7937681
1936279 559171 3268611 2419453 6939998 5030820
4673040 9208684 7194207 4021938 9649118 3713715
5533300 9068430 7230579 6806685 7544322 687529
7124536 897323 5244733 3117424 4299767 9115565
5780421 4592126 5707247 2488613 3288782 8535708
7600378 6109566 387488 9350200 4058139 6737546
4292155 8537759 753527 5335578 161996 2127845
1486669 4593750 8819886 6920556 3512168 1214727
1070682 1635194 974211 2926604 6727261 3195461
8211039 5216034 9290419 6830642 7904029 1659459
7475705 6832415 3952543 615642 8097630 1266040
424525 4410195 8520623 9301204 7444636 630381
3564477 743271 6450012 964115 8781745 3996775
4209064 9333838 7600131 5021224 57788 2119934
3759281 9729967 154384 4523377 620663 2259561
2374990 3905133 7470517 4897879 9154220 3737722
127622 3057336 820826 9082137 3658084 2947917
4398248 264574 7868846 4846960 342338 6419943
5038817 4591885 9630967 9138343 2521762 5253749
2488510 8279046 1222489 6558823 8394641 4711754
6749423 591574 3528689 9377738 2931949 208466
2385070 9602035 6427261 4257391 3275085 372777
1946155 8756838 6486223 745091 9648838 4574965
3938766 2477247 6274784 6082036 765052 5464950
7388836 2134385 3940600 7406732 6175266 6004527
5613932 7169467 2189794 832334 1499850 5394289
5505294 1602277 22771 8704896 7559394 7671191
6623509 2781848 3884861 8893871 5674170 9056532
7182680 3111341 6517505 6380095 784316 6120350
7370309 7539127 5143984 2272538 3237996 770259
4957846 6556257 2673901 2326328 1373601 5625264
7549206 1632567 3747119 8168530 8961404 51702
3496792 6544719 3681841 8836421 8906274 6574571
1786358 3806988 5607611 2653796 5183159 6910465
676429 7443493 4075856 4341787 8444689 6289010
6956569 4048640 4340559 1790601 1531720 8705056
2242112 6573605 3909785 7032552 6455686 1990784
9920277 9411560 6015936 159098 9922145 1843930
8877983 9130831 9410675 5907664 7562348 2647787
9257480 4897672 1804170 3052381 5797317 6458642
5225417 8979462 6735908 840181 7670313 4248491
4606720 696382 7761715 6848144 7775621 8928701
912345 6480395 7646943 5058695 6139745 9606671
1539452 3863908 892600 4436317 6365319 7723597
9149043 7322984 755046 9931532 9817008 7618779
1942843 2968369 861566 1184550 5789789 4466133
9219324 3097401 2813860 985795 9926080 5761392
3897623 9627031 8651247 1686840 8567582 3922806
4501798 1052819 2937437 7528292 9621544 8378046
9541759 146313 9292416 615022 5582875 6562204
7098694 5354160 8142803 1862484 9855774 4745333
5208072 4233480 5880650 1491520 8921493 9344551
7030437 1274144 965393 8018824 2320999 7837559
9327548 9403790 9123929 640207 592693 6904511
9833844 5808699 9612577 7383474 7188133 5188937
9596234 4677635 1856485 5204362 3486381 2009929
7521566 5289510 5066529 5723372 1116692 3105024
1372540 5113995 4547336 7488396 4243223 2016785
9396327 3906624 3826397 7210119 3457137 9648971
6761539 9043718 5873913 7149950 8701460 6250321
8258378 322257 7903894 9558762 142821 3317693
5488488 374017 5419071 74416 732446 2597447
3725738 8606751 9134741 2635757 5975455 2348062
2015933 2531524 6437360 5464545 3736923 2866373
3427833 5135942 3929593 3875018 3063953 5504796
6096978 4494531 9465013 4533953 678813 2646944
6722776 4336460 2787129 9550808 9649106 2728203
7659536 7883235 2340310 5363319 3789315 8808327
6886577 2413126 4790979 7268909 1373695 4149040
3645256 906362 4505980 1168449 5261889 6552538
8287910 2356470 5547524 1583972 4003030 3209998
6200954 9244801 3567950 8427987 8192223 6474273
5649276 7488721 3058402 2499691 5669442 9315155
6042726 5167435 5437068 1204383 5662919 849225
3516838 9779786 4391295 4178339 2387644 5885957
7917484 670035 8568204 4663611 8927327 7280723
3050284 2934552 6254357 369555 925017 9680151
7141857 5712432 858998 198421 9059393 3193207
7787930 624491 4098251 348660 867820 7200715
6716817 9949024 607966 9557577 5443047 5373072
2381260 2205519 1563135 3722771 6590537 6880364
5741984 4996358 3696170 6753610 5262275 4932075
825385 7755786 6185709 2441775 7185017 6603245
3049774 8593369 5895337 3818757 9572499 1824064
5291514 3334843 6990571 3322695 9916216 139936
94450 4241593 5949748 751057 2235419 2978306
609978 1008921 9147457 3503102 6122793 2266183
9088471 7167975 7670968 1276847 7087733 2680368
8698056 719038 9533614 1236851 4501417 5882629
3147354 9664515 5277941 958335 3948559 465065
5037814 6485121 4607497 2859885 6478542 7072791
6528140 3240549 5343430 9898976 4902161 7701516
301338 7982006 3814660 3453431 5587216 6263859
5074866 1253130 9383326 3140198 729034 8839605
2901691 5852431 9371066 5830076 6894105 3870772
1962158 15758 5271863 6747825 3638379 6978651
4442756 9165449 6184355 9203479 8793904 408980
5782009 6324983 843836 702562 1224910 2150371
3630895 1656508 3138858 2117251 322177 7678586
708036 9019911 5630393 5247113 4488921 8488735
271549 2677348 1354599 4702167 4228783 8238083
1641226 353726 2766233 1027076 4405395 6403982
4876956 8928504 4217933 750768 5157619 7265989
2383377 6999537 5739411 6279223 1969230 2483200
3946222 8032479 7437234 6873778 6099030 7694015
4681814 9263020 9145676 6367133 1295711 7982789
5324370 5666164 737058 5390479 3233963 1496607
326109 9619735 6314154 4153875 3218863 3073637
7903774 5187166 9703474 3582977 7628663 1957543
730261 104208 7359550 7585324 6251237 4566264
1804555 5383903 6693055 8710673 8491324 3503177
1115891 6935749 6375054 165051 1974523 7978699
8427456 9722398 4974642 3569801 2536500 6812433
8585189 3648088 8939890 1105702 2769278 7650691
8542442 3105607 6214247 6630508 53928 5599344
7794916 9452033 8569383 3046432 5363973 2669977
461205 1439184 6630788 2705354 6356409 3846945
9438095 4051344 822256 1625300 6066428 2251611
5336252 5506086 3740418 1585941 6880094 6917313
5077393 3480819 8138753 9248971 613466 9361002
1139045 1896184 3127385 9618843 6678997 4355357
8521395 2535334 2915361 4806894 9522863 2731556
1800992 6806343 8622088 581085 9709720 6856041
3715409 3450652 7003489 6498868 7510114 6056321
6063558 4957541 2698438 5220907 1923786 7858832
516156 56513 9206076 7878151 8710376 1012681
2515051 4336188 3679229 4483332 5767448 4331015
1161394 6937405 7314913 5846356 4331058 6652670
5023029 4140769 7662876 8578202 9755693 181537
7206752 7177983 9737184 1098827 9523684 5144062
7262879 3529266 4619957 3751742 9609048 7108609
2302425 4375083 5411570 6243248 4611187 2442620
5793392 8899431 6815309 3220624 7868537 461860
560870 7633262 4504240 2477140 4554999 110625
7640872 9321149 4079379 6341862 2011487 9888969
107142 2637957 324409 6753256 6752208 3697452
3882549 3339266 5201115 1020406 9108167 8437321
7605656 7273378 3626242 3161748 2540766 5288361
4724936 2769404 8515364 8556646 5424764 6650104
7597855 4506536 485163 8765883 4489062 7577343
851808 2657294 2825163 977925 3858872 8214071
2183353 4494501 1910498 7665512 991237 7871618
5868580 2790426 1404271 1723322 4725554 5071189
7610535 8487462 7137421 657382 3815273 1466103
9736402 8221377 4470728 1714872 4542928 2286879
8040036 5232959 9095289 2776313 4012646 9453844
9322022 7466973 41389 3393247 5802878 7785698
3942770 2830302 1823682 2057480 2890812 9074112
2268613 5335109 2475812 8763230 2400850 7224052
7455358 8259837 3495324 7718727 8164928 3694494
218227 4689130 7012554 3013338 6329025 8093325
6461524 7449889 7136162 3468788 1182725 1808020
9632647 6696182 4343848 3842185 9045492 8419483
3902189 4592691 1883259 359700 1618021 9168898
865747 9552458 5428800 9154107 120838 4528240
5513865 5619989 3299028 1696453 5439417 7640838
9830018 294428 5962071 7402604 5015926 9556702
9714507 8469007 2336905 1339265 49780 1769402
1738597 9659867 143880 9333107 3315848 2015446
7835749 1610876 3522394 7431342 3897322 4242640
2233892 4817965 9829571 2119116 4842187 7482198
3092565 496239 7159018 8743444 7597980 6272333
8769722 624516 9898335 1551690 6043365 3225329
7245555 6171183 187689 1787402 7623630 6219436
797052 731777 7814075 6198072 2377737 5435297
6654645 8919367 5092497 5834326 3997309 728926
7175598 1214975 445848 1204678 3189811 3320006
3573008 2597361 6588448 1852183 2298248 5416164
1347309 4057420 9926886 8571493 2736073 3118663
42181 915075 8416888 7923259 1702166 6757068
8669800 6799909 1756151 1394297 4831998 7384768
6904038 7641390 908744 3992672 6130202 2946860
6313066 2042326 7647954 9476549 942615 8067365
39791 7109892 7437601 2187277 7630845 8894989
3301482 9747721 2691744 6412757 7859110 5736000
5634853 5162522 9539158 9382004 983693 97191
4513335 433802 8096955 803513 5550260 4338245
8110839 423950 2998768 6407172 3828208 2463804
5344971 2168512 4805237 2647373 1557205 1876541
5765254 2869971 5723429 1921249 917549 62491
4400368 3196601 4528295 5392671 6304480 6393911
2395943 3536508 4649705 8437394 6356462 8274490
6582032 3351602 749397 2053035 6383878 8160965
7744004 9659107 6085647 5384742 1196720 6285045
9583586 2721043 2792172 9471631 6501997 2516255
3763230 8145577 3629438 4239854 2675264 9663042
623979 6878977 2625257 9191845 5625847 9926
8770283 1137375 7853807 4847895 1025425 4986330
1636406 6014682 1376289 2510843 5619644 2337684
1667073 2378783 2173005 1842805 2879198 5932929
9477824 74420 9278109 3917371 916806 7229717
6806675 3377894 2751337 674534 231693 5506745
2150456 4175435 8513646 4337650 3897668 1234740
7330515 3172590 6730240 1856228 8864633 7899684
4602788 3642690 5575054 195304 7616592 604841
5628655 6035970 2087636 9402654 1860385 3888079
9189989 552879 6417982 3914094 8716101 5517400
3520996 1428739 1740500 6580219 8820107 303229
7230557 662038 3860061 2632543 3611635 9661137
398071 3426391 3779555 5000646 5851177 9722235
8478189 8036652 2115547 113676 9918559 2571293
5222391 5942440 3798896 3731396 1628416 7855597
9964579 3365270 6309753 5091899 5818707 5182567
3563936 2307129 2072583 3855790 2499055 7609588
6073407 943500 422059 8791062 629405 7571635
9200498 122922 9106476 4802487 5881383 5144350
6326298 9125486 4634101 9812745 9649529 8070345
9614851 5149287 9171558 3206606 1019300 3574036
1596908 1408027 5154439 4601023 1658303 1244714
929267 6633998 2367053 3900782 1280093 9092121
4716533 4982655 3809944 8043577 1224661 3698753
489416 8511321 3383906 7774052 7773334 969548
8070939 7984746 4029439 1538219 2638588 9903418
7074848 2119321 5688563 5696099 6600020 5443954
3882407 5519742 6015246 3969212 1995040 7691654
32934 5946126 6495987 4332105 3399436 9352259
3625437 5513412 7419089 8481099 4964361 9514095
3583006 4394500 756149 9493272 2092157 2927535
4605424 1803981 3871791 1715726 1033160 5039221
3852755 6739138 7459599 9353980 9686519 5360584
5157317 2338304 7251991 7532790 7188408 5583360
7309666 1070524 6554016 6728637 7842221 42189
3385854 4393282 6500906 3598943 5938565 6099722
9370975 9693364 2004477 665081 2284974 6822796
6185613 6543856 6859478 3987559 3935652 308749
6711027 5618158 8666721 4663994 9307230 7518791
9322842 4500854 7218678 5716024 9588740 9552148
9493490 9624590 636007 586912 1550323 202797
4556295 3163776 9314846 3123215 5717963 7760025
4105354 4815945 7790343 7401673 5910640 8663892
8972743 5675094 1442423 5194522 2753294 6559663
9230190 5866458 9653757 9692444 6758826 2578672
128627 5727100 8826116 5214385 1715429 4425911
3632351 8740245 1375429 8494089 1187104 3013593
2600752 623322 2213262 7810368 73310 5131750
3555488 2964498 7251298 5533406 1070384 6819623
5681749 8472965 6533006 6827724 6589687 2705891
5586624 9187352 7826369 4201028 4906661 1086504
7168172 5495299 2399558 4211195 8733618 4939205
5075327 8741099 4963804 6455639 7783603 6308148
2539852 5387422 5625743 5037377 1625603 3888789
6953711 4718448 9544815 3116649 9500526 446733
1921538 1324803 521765 657086 8371283 7828902
284217 9360910 1473572 7039031 4144327 181764
8213658 4844362 6752144 6351005 6526601 5280449
4740760 6280379 3840207 4367791 7474633 5222773
4289932 6445966 5728200 253601 4094146 1003744
3013298 6882037 2001679 636815 5811182 2809611
125971 8061309 7802732 499265 3783679 6398141
9930881 6552670 6362045 9805849 1395280 9458634
1142975 4612596 619946 7758946 7780467 387576
3996371 5021073 7597311 994370 1704886 3616775
1880213 3319733 984112 9921665 2743378 9384940
4158148 2905477 4210524 9410566 6059449 482035
2141298 3801700 9363804 158893 1963498 3628784
4125864 9146319 4126612 6377089 2553896 4621409
6211898 1887445 1149351 119820 1650065 8781118
6434216 5143241 9668693 7153055 9214762 4775488
8594864 7225096 6847096 2689776 9874384 6566586
1768076 5647110 7407282 6818768 6769530 4659721
9566990 9465014 6568821 2003838 144584 4250884
7648276 3412636 426237 5482893 4968511 645387
7389161 7272753 3193134 5478928 9916420 1966156
9840415 7913596 9148089 5475988 5092733 7491817
667523 8078866 6781859 5995960 7232077 5768089
6809974 4507722 1496025 4159043 4224822 6457833
5239006 786373 3171373 7773116 7004561 5904342
3592135 6686474 8239204 3519935 2646591 4761092
8452734 3613755 5073436 3804903 4733298 7849293
7705102 5297672 9445478 2176298 5259871 3472778
5670810 4319926 6338144 8297256 7431568 7658499
3287428 4437152 659648 429722 4994787 2399727
642317 8658570 1500773 445915 6113626 6820979
6092033 5373346 4782098 1370253 1458063 3914181
577495 9611808 1663599 9735034 1385760 9722739
7662288 4240008 1326028 3224893 6021022 95046
9847392 8390321 5770853 1658182 2220873 5540812
2243307 6880735 9373368 9573115 7066427 7181353
8031990 7717880 7383408 9794757 3347609 1117307
5747488 4613717 2679084 7444391 4416286 8121308
2481492 5314376 7457156 2547650 916456 7717981
9479625 7583514 9058516 3621967 8732000 5258369
8059285 5363260 9935146 9117115 2297522 5607782
5823547 4409552 9144531 998130 1000911 5593488
1714514 4031783 4407324 655166 7660566 5902864
8994759 9981933 9158808 938514 5678861 7285100
9653079 511844 4611177 3960591 7343229 70338
4665544 4132384 4294004 3388393 9828895 769922
2400913 6315175 6382861 2023279 9932231 6098663
8982335 4081716 3100269 4724461 8168724 8310931
8023075 8069435 5330871 9321433 846666 4780296
9349576 9878169 3743583 5528174 4498105 8022585
3352879 898018 3042686 9351746 7089150 4421352
281428 1570740 1640823 3358922 2695902 20894
3859293 436339 4586025 4409013 6120124 9631465
6957321 2675892 4551634 8076988 268288 8374820
192750 9581570 2326130 570242 9795823 317370
5429128 3473245 3038712 5288423 6296056 5170606
2323247 4479373 9069706 2068476 4330423 6140948
3592138 236314 7311005 4906802 3414616 1949061
8510840 7531420 1748181 7208695 6266794 2917398
2103835 5478011 2584139 3983799 843461 7390343
7993080 201048 3333665 2638468 2993130 3245287
8827477 8022644 7802358 632867 885510 7853815
655744 3908001 1262286 5969358 6340803 4646141
4450467 8479927 8710069 1172938 7693224 5446582
9955902 434026 4084536 4083074 7653030 9447430
7001521 7579592 1596576 9925620 7589001 9887646
2908555 3870834 6081513 9612930 4581053 5540360
1212187 2116028 8335451 4283431 6819232 4570713
9336965 2961469 5879610 3483051 1683303 564089
9914703 9282014 8245789 757180 2053227 9983217
2041771 1505818 8379518 6027212 7866563 7227352
4600891 4330422 6994170 8176645 2349486 9809829
7150127 3786361 5825077 7158680 130402 5705398
5215731 52376 3855276 4479492 7560200 3503004
4393080 5402220 8647089 2399917 773714 2848020
7903755 9106810 2024355 4956206 4098975 8881687
1633170 1672087 8666276 3679159 5087170 495509
588476 9561634 8556446 8280500 1917604 5566797
5598280 215611 6799959 192764 3924642 6054856
9862919 5574381 6372301 9200479 6076204 9456537
1273710 7678534 8678020 2694929 2217795 3620533
5630277 6875250 4874181 6472403 776762 6709082
6247806 4975941 4704222 2235207 3743100 2106856
2772323 7805151 4371722 3490413 7726509 7237314
9732283 6333210 1343367 2577600 6309704 2037337
5539880 6329099 7065021 8339514 1600915 5798108
1373463 7177808 3684804 8332990 2990034 3688192
554712 2290625 20561 2462878 212814 7789213
3753671 6797647 1897465 7946589 8809761 3653553
3916331 7541143 2393657 1293411 8108960 3127609
3158261 3778095 3327642 4816585 9684479 5343741
7283339 5431229 1423792 2451154 762157 8679660
6108147 7221921 7862135 5623880 5914157 3346492
6884549 2447581 1067519 8169997 3845900 1053611
4611645 1444631 608240 297470 6983644 6209244
4454643 4480585 4220478 8375863 6866123 6289001
8058778 9650 854112 3742389 8433841 7358234
4707783 9648929 4968047 2714225 8375223 9915301
5970404 8686743 8750547 5241431 2982409 5591637
1276368 2993983 7801248 3749279 5946962 85100
2878277 6672021 3421199 2074838 4369991 1009786
1577996 4401875 8642292 1182854 2606814 1413742
1582037 9285027 4856422 1542304 7490663 4689505
1530625 4235086 5128911 8691544 225768 7873100
6272338 4198475 8912383 98825 7529606 557767
8724230 8530900 8264114 5020724 8116716 2235259
9006291 5589041 7044497 7579925 1237073 7554158
323537 9839156 245840 8826306 5823438 6793786
6358963 6015740 2319353 3109229 9000141 6663598
8649429 3715148 2806865 1612509 2138945 865281
5969186 1476954 2782622 1022685 15430 4870221
752264 9652827 4576040 5616124 1605950 7069610
6040285 2595444 5280282 9479202 2870338 5003958
9883569 7187069 8384848 2666983 6462756 4615563
1024921 3903244 3661975 7084904 8848159 271188
8900151 378367 2187141 1458364 3704835 417954
1824178 9793210 9810862 4567683 4292119 8940749
6990179 3627206 2483692 2475570 1878905 7457692
5867229 7844067 3954937 4349247 8014760 5545771
5969535 6060363 6830949 9788868 6280232 7223989
2117409 5968279 7731827 2164173 991173 9572808
9754460 6540787 7198719 5258161 6710721 6450285
4611941 2970115 1844988 3866333 3234381 3599752
951952 3851439 2940473 1259490 4184044 3886295
1690443 1772171 3692993 8533180 1707331 3832543
9560686 2831535 649076 8860277 6463983 4031022
6071503 3167006 4122507 3313074 5040020 8950937
8139105 4531350 144572 194445 2884404 8789343
3105675 2793651 9650048 1843714 4191376 9348818
403987 6641879 8958708 5236776 368755 5573560
670137 7414106 9851380 808341 4953490 2906729
8717211 7233465 6146660 9877133 9586955 4202190
979617 8176486 7366916 5782974 9848446 9253382
9844117 9007103 9145990 1340590 6404985 3687949
9853851 8973873 2411622 8112400 1089107 6182543
7926741 89344 4972499 9630505 3925814 3728891
8776444 2160611 3329885 5099338 5510068 1095629
9088445 9719369 7245588 2329627 9546619 4145318
7117969 1747916 5353605 3043991 2084730 5042767
2251741 7893305 6283863 5565941 668300 9983594
5979744 2048213 7224946 1949379 6054617 2919400
2399703 100689 8637224 1834144 8611679 9660623
2126047 1011565 5974513 4995177 7252600 8099128
4157483 1194087 6814762 4898134 3486448 4296693
8716332 2737788 169580 6510409 7782073 5720682
9234245 9607160 435731 7878161 9343516 6398060
1352530 2082936 1611260 930492 8283912 9200931
5298938 2171109 1215061 4536549 3380218 450241
7816957 1197501 3644804 9409749 9287041 2751124
4980588 6166888 3497536 9575950 9932884 5863839
3972762 4619304 962125 2504879 9851378 4804364
2996947 8345107 2475431 9630746 1413523 9837600
8382662 7705164 9794852 9350919 9023531 231440
6388086 2443040 6425751 9010438 3583261 1672156
7391985 775616 3725501 243851 4858298 7024969
7010893 8898936 1488370 8190106 1046094 3041445
8747854 9811352 9509141 4417705 9264401 7904950
9889523 7117237 1501805 5561929 2052685 1314463
4334253 9909377 3722854 5527486 1343742 9025656
325076 164585 3987563 3910047 5647531 2764965
7684696 9431743 6096459 1336964 1531271 7406872
3621925 5030487 4152087 5567894 5369606 5151556
420365 2219455 2284931 4606294 6571572 4967918
1125377 7277147 4289395 1998803 4174757 9082207
9873978 2505720 6335519 5646391 8298498 2089199
4976301 3540916 1822796 5015154 9808474 9444395
9253651 7483220 8509301 7591787 3924025 7198645
6151709 9057859 3354115 1916552 2787868 536391
3513827 2589344 3828045 822503 7635734 6035084
8266679 2661983 5520636 4653193 990390 4436070
9659103 5977069 9514333 803218 6702249 1896924
7911013 5932650 1709564 5154534 4415001 2771453
4741323 7281924 7204318 3772860 4470399 7471370
4090124 2914119 5439929 7569763 8931636 9053964
2627739 202608 2840743 5076721 3599568 7781955
4016060 407264 9241314 900990 9240464 4716248
1468946 7712209 5601903 6463244 3616965 3562055
9979380 2062519 1761251 5648259 3758171 7016841
457234 7206310 4945527 1692258 6288879 2389101
7456126 815184 7754993 6633041 7829105 8871726
9445918 6325730 3767097 9914779 7162089 9053151
2169085 6456115 5277660 4609441 3826794 8342039
8908804 6485926 5657074 4864943 6877537 5281036
1645988 7457344 7130233 414894 4033324 4243006
1132730 9310857 1134999 762453 5849233 9903316
6416425 4897414 7499695 4230141 8302588 1888847
9973721 8479394 7144805 6521319 986137 8341186
7690348 1805306 4622773 2626326 2127867 8631829
2199656 5921866 663876 2178369 1161045 8089616
4957933 9981114 4291510 1843921 7739044 7141315
5259584 3114739 5093699 6511663 4807986 3631882
4722803 4037840 1431888 1634681 3018916 4951501
7324918 5594117 2942232 3765856 6380549 8367611
1276069 119904 9460625 1188416 6826011 2001223
6436707 4352155 39215 2906918 9701571 4922426
1174184 57882 4848939 6462980 5734132 4407357
5034030 4755780 9004083 2735180 5448454 7463867
739723 7237797 9266689 8157294 6229595 7413298
1742928 9931136 1142142 7066980 8847295 8777968
6993403 9394152 5052927 4030260 3009638 6496999
1648825 5095007 1656555 8745268 9004539 9597597
239285 8972806 891106 8641083 8128884 8982793
6647034 4254451 124503 4400056 7067011 4422056
5730284 1203659 9796119 9365741 6285111 6497270
1869627 394830 3884920 5639482 4542331 3007462
5702685 3214176 4851202 7059667 724539 9042313
5710514 8594701 8779149 5654446 1447610 4409012
9871649 416748 5790441 9260207 8512089 9233654
4528738 6344410 3181972 1519890 4544484 4090275
9701607 5132952 350685 9016311 3017181 2828858
6833071 2166860 4027435 3886336 3097200 4776150
3786171 7863700 6821400 6898709 4016274 5150412
6203026 6034279 5875378 1107812 9100518 1339503
6529078 8795299 9592243 7151998 817212 3092025
4363001 5638617 8331644 4977335 9724763 4595068
2003787 9344718 2181775 2275751 93611 3695870
2089957 4220044 7239827 4313846 7344437 1347214
7518067 3489255 2195346 2182253 9011635 6967840
3550951 2078294 4836753 8665489 8141511 756201
1332262 8398803 9203046 9023605 173399 148351
5992826 4589445 1924548 7800490 8194298 978229
9319918 9532265 2654377 8360409 980904 717733
3364832 5105616 5512913 2596150 7975553 1416797
7112683 5136013 5643801 1129350 7498993 5780807
7433749 2164394 1829616 9351575 8364195 2115714
6311079 8244176 3933143 6739508 7853914 6339112
3008879 7162025 6373557 1212387 8270913 3143215
4436985 9731418 9208805 421953 3779839 610639
1683422 869942 7616165 3445803 4121216 4406334
5731879 3670858 6562188 6612208 3905735 2292613
9113534 2796843 9066218 5190149 4783005 3809382
2080571 4239531 9862902 9739968 2577565 4004720
8398175 7234208 6374553 5684322 1880070 5976376
50742 2638599 3157985 5299159 4892679 5348934
9170288 8302357 9499398 3600568 3047003 5917286
1104457 4862398 2929650 4591636 962944 4210712
5372450 7657323 1370433 9162857 6295928 1163979
4945924 3810016 7088839 4062670 2231230 76586
8211519 9886272 2175752 1427593 2422710 663687
1488656 7814962 6875541 1195556 2344901 2870186
6751425 9031383 3820961 6566417 5394170 1778884
2318269 687681 9874405 4785134 8235496 3336820
1097079 6333532 910024 3934115 704255 2327076
620505 5494033 9963186 8518422 9567577 6361816
8981679 5805158 4309840 8865270 4831628 8431954
9115753 6294322 9158739 1625867 1531279 8139602
63594 5510648 1003871 4264670 624739 9214463
1782755 2585218 5801632 9278761 1029128 2303255
8422978 1581525 7385007 7022508 3607238 686338
2299917 1942726 4023108 674495 841034 5767229
3882425 2593423 3781019 1737394 1926037 8709995
8204053 4974448 6199536 9778074 4117338 4568857
7222106 6448109 9473594 5382258 2111095 9647341
364166 179844 3726083 348462 6271587 4923827
6975147 6866085 5610123 7115003 6822560 5769131
5841789 296897 7618548 4683709 2016893 3293591
4662269 609691 4431486 5167511 3722268 5783831
6617898 4368629 5874619 2474920 6038767 9277855
4157665 1379630 3516398 2946640 6288164 6904133
1037214 9193721 1294571 6963240 9871493 3209154
7767004 3774721 7923300 5934150 5353004 5950372
9122255 8551889 9239973 9924209 9135133 5722915
7220674 4354986 4607395 8508645 8435127 4527079
6481665 7606872 7439645 981291 2306300 4610202
8492207 6806689 6409479 5645715 2683628 4489037
6528222 9335703 3099907 5243183 3287271 5984703
265089 2850840 2200043 3421236 742479 9194406
8874657 6690883 1406306 2985283 7527420 8326882
4224220 8130227 5284093 4011064 7646350 6836169
382823 7391425 6388888 4622391 9966850 9424337
1208878 6277159 3707278 4523833 4747533 7669246
9844767 1755283 4018535 3621078 1701960 4644190
3643760 8296478 3731636 4215588 4940573 2800203
3693703 6585612 6403233 2729885 8890959 2011706
1091383 9952774 834653 878383 5441392 7172827
7678368 8904089 4658212 122962 3194314 7891881
4619245 4772392 1249726 3118163 8486482 9760268
8125898 6210055 6174021 2671411 531843 8122285
7976453 1587300 4293806 9954527 1044956 461082
3793498 8846489 9452572 3380995 458775 4150007
5720408 1918889 5704375 8548551 9809632 4907569
322748 3410799 7111959 1889625 5970828 7518050
2009137 2396241 9910087 3131187 2733272 2927875
8774450 3379985 2231282 2134837 2274068 8126492
3638093 3229444 2645208 9084287 5080025 9962985
9369775 2102542 4018493 1395215 639567 9309787
2352431 3132754 8846611 7942961 4378728 5724837
4310376 6214885 9055731 6720416 1840286 2839686
6805788 580361 2949107 9962534 2656343 1886188
5420207 667474 4932416 6953113 3583433 483612
7370456 7684422 575262 3259914 8283257 7850323
5026995 1107798 84812 6716160 8175614 3878691
5980957 3390767 6244473 2792403 2312272 9430198
2597312 4329050 4393749 2893608 7807647 9434477
5525755 844302 2611115 2071533 396578 574745
8145250 885881 6557898 3361459 9867584 6180074
847864 3670309 237587 8940136 3807830 1597856
1161673 9850766 4695573 6449118 3249680 3566361
7191833 6819860 1788147 2373221 5513115 6583066
8612565 4061614 1661811 8579308 7534047 7487883
1472055 2598449 9765335 3485245 5989979 1339225
5634898 1847520 7748468 4834707 9280162 5200837
3202840 2031240 2070147 939750 9569976 3048200
8976338 4311427 1064431 3713337 1562854 1580496
1644759 7577262 1215680 9982048 6697136 2116236
2854257 189094 6706116 4500286 3073648 7344819
1460126 8040758 5101257 7749694 7383083 5937976
9071786 4218441 4089658 4385892 5863212 785994
7191037 7213194 2172065 8159217 8522855 3659316
7592646 3740196 4082933 2706372 4784530 4702505
5018192 1268326 2528697 5434083 6895509 4029072
8760384 9346711 8041297 1049252 6181633 1908992
1992711 5705151 4622454 9659832 6988126 9619143
8387268 3545845 4283473 8050724 4710289 2776228
4472160 9710540 2434700 7828191 4966173 6239944
9659292 4308247 3754165 7460547 4138445 972421
4057634 3386854 8432735 3654523 5645887 5352317
405005 541281 5251398 5530795 9681264 1766445
9649131 5681130 2149389 8085477 3600130 4488152
3601038 1860294 416505 2291477 2552558 3770149
1291860 2651124 6134964 9433983 149975 2183874
8922591 1779083 982142 5159422 9478677 2027706
6836837 6920379 6385514 9035671 9392730 4768009
9973719 2709014 5053040 7912759 7823175 5108291
3336482 4361479 10270 6608012 1499326 9516234
90254 1464523 8819537 633192 252375 6807701
5157688 6430046 3133602 2371628 3405307 2967781
696619 1118362 7316922 2547388 4701913 5358262
3338714 1639203 2218777 4018564 8490811 6939261
7783637 7234042 1953221 6774971 8171254 6428314
6098081 600301 804205 1597888 1862220 5569990
3494935 9201028 4081192 8360378 6437751 2141108
1211561 6646092 6396173 5731011 6364670 8692577
9871750 7651748 7230180 5256625 60950 153850
7476281 752632 4069804 6987116 4854980 6456204
5346990 5075051 5119018 2329125 9883355 4744650
4100240 4699804 940856 5084487 8421985 8445298
884351 7609845 9467990 7125401 9050877 9166154
3629076 2162753 2579587 5052640 1399863 14763
6676844 5943136 8449992 4080145 3498329 2531802
5224566 7133248 5963936 5824455 1501397 8041030
8728370 9863573 3375869 6269246 6145040 5809467
8062372 1328711 5505375 3989844 8835115 6008976
6935888 9267049 3819092 896627 6619646 902368
4880771 508961 2837432 3850076 2303917 2792792
7508084 2323804 2987155 4839404 8631940 4152569
7829133 8175373 3447615 2710176 3075726 2040986
5619138 2336752 3607635 3423373 5522956 7721758
1516079 2503457 5887422 31005 1678395 748851
2963109 6327497 6256016 4744654 3186263 410159
174385 8218180 7318877 2306227 4584522 6651220
376815 4996789 6413704 6500966 5095499 2402428
8183450 7565496 4059806 5717817 8575567 1808541
9362776 5113530 2348319 30340 3578775 9174659
1371303 2068209 9311208 1454374 8062260 2350114
8942997 5526044 7241215 3830937 359649 5464914
4363337 2740650 9476535 1943695 6063007 2184086
5050467 7581111 2073138 3698701 1717294 5666863
8491684 6963057 5037637 2593540 2301630 885548
5974060 978051 1616807 4348133 8911377 290365
2626476 9003838 436613 4183976 6512618 1667670
4316357 4730175 7081314 3395882 2875158 778614
1082411 1753896 8775286 855066 4529717 3155503
3402093 1979127 540932 7848081 7902826 2675548
9600234 5784189 8773111 1167636 1088677 1467593
2037850 5425485 3352488 8814097 5815937 7809360
603244 5187316 2877523 1164144 4399552 8272177
1135626 3954385 3264913 4772605 6483499 733405
6773090 2833045 7850412 2029893 3054546 3528386
9040806 3082249 7249615 322543 3029122 3352920
6507213 8391062 6237123 3635207 8942690 1905045
6116580 4009667 3163995 6988939 9097673 6187696
8321384 8352374 3092169 6278527 6851457 4841891
5673186 7642327 6742381 2383077 107102 8286812
5140166 5826794 2005191 2477937 488654 258381
34096 343650 4993247 7093978 1681231 6065716
294896 1547016 4352236 6587065 7624923 4409925
1297154 4001110 4819485 3746746 892861 6398845
6926835 6434007 5610380 613015 6983084 2822035
5399170 8783629 7543642 9181127 2166891 4697574
2161886 462750 541957 828644 488877 1346189
2520896 4746384 8225602 5069253 8889376 1627818
2361043 1976813 6673821 3201078 9008086 6038162
43063 8883134 1445320 7777049 5693672 5020847
4279172 6623568 3017947 4463656 6475361 6304053
8833992 4165467 5639969 2266017 8976295 8210486
5093157 9577713 1890788 7118635 222155 6460358
875266 9343549 4249805 5604883 7371862 4545180
3263844 2400136 3519769 9653264 1953929 5273350
6565736 8678769 9629771 4250753 3315771 1651855
2300484 6012867 2650982 5187126 8776312 1764231
7798467 7381573 1616524 5157643 3752329 5271309
8445854 1218878 2386015 5047844 7948334 1057988
1216847 3346637 588610 3472858 7479476 3038303
5741042 5537177 7500416 6961681 9056980 3404437
8587558 8909645 6695766 1150695 8021746 7775354
3883127 5915060 4071542 6040297 3611449 4408294
5895947 8491852 1855027 8970891 4461151 1461019
3877915 6711003 8995322 3418950 6243704 1568004
7595876 7033633 7292190 7965866 2934144 925630
6157043 6501838 6429563 3953795 3805990 1526754
3891231 4365877 1329884 4447493 978105 603975
7054786 4869609 1296041 4472187 1862313 7478185
5806873 8855028 9603658 1402188 7547487 6208173
5071635 8936332 1403408 429387 8576583 8070883
6443529 8546736 3821749 5865126 3329335 8965544
1018648 8740949 2620313 9100356 6086407 1986897
5992890 2905454 3876769 1624610 6616319 2341068
7564430 472499 4153247 6658472 8782984 9879026
2067041 8040726 2152932 8864900 1715864 1732068
1422599 5957993 6339661 2976214 4644384 2518677
227222 6849397 7192085 7551368 9887802 9044786
9169744 6151582 2701336 3884273 2309344 7284125
3697136 992331 7316658 5295837 4022553 838438
707665 6319974 8184391 6901740 3603553 9011710
9509885 6721362 9624127 8943008 3642978 1322970
5342961 7756644 4476684 4189488 7138406 4675595
5430110 840813 7087710 2169906 1943117 1026972
4544782 9874034 3138547 1747523 5813363 8787416
6755375 723179 69208 948426 8983768 6729691
1776058 5982015 9650184 1012835 9725654 2160665
6366370 8514236 2097338 2391376 7865737 7750852
7864786 5527332 3882766 2976642 2467332 5094739
6595437 4378174 681601 9645706 8658526 5012668
3001333 1584608 8957530 9472892 4708235 9515775
4025529 5532424 3530822 7166583 7902211 3139710
9274599 239685 7511058 1996452 5359502 9394988
3929812 4113728 7519980 1292795 1412154 8879723
849880 2125451 5763118 7010736 9965503 319115
3808856 6365335 9340414 2612095 7675309 1757862
3838750 1799094 2223514 230711 5038170 1077761
8157162 4658838 3687848 3865283 3529914 5966027
5893456 2585689 9783958 8835798 5062702 1508533
6081148 6181363 4953184 8064051 6047841 5561856
2590525 9198290 271808 1284441 881078 5413425
8793868 4256202 5084410 131827 8198666 8730760
7620994 8544041 1284860 7131037 7261108 196050
5289386 1690367 4049008 8305231 6651279 2172004
7761964 4064532 6043186 1357393 7750978 4880419
1462198 9467134 2098065 8853800 5944255 1330116
5932829 9504652 7638224 3007346 7334864 4933774
4758084 5816130 1871887 6359238 4104887 2520988
8897843 1137923 6678830 4734577 3544457 4472760
6612734 9785966 2127921 6883030 8177437 7671468
9261787 2804169 74973 531476 2275708 3115849
8035389 6671073 4128380 8498020 1766103 8360202
2420328 3078518 2686884 1069586 9104934 2673932
1423392 9356443 3178757 5928790 5759330 3025841
8836118 2561351 549176 8088505 5344555 8343595
3269739 5256918 288433 7354951 3940156 2445880
5586758 776212 3267545 2199832 511586 7835308
7302383 4386925 1783040 5501786 7323872 8571192
1949386 8310783 3800247 3709586 6585928 6271055
8229579 5276808 3389910 4052221 9477549 6038213
5075538 6835631 922313 4477854 1871911 4187421
1689840 3116783 831199 119295 3895554 4777727
9041149 4298336 4155919 6625859 5547708 4230654
4018224 3782150 6592856 5369706 2235314 3743031
3495893 7217799 6091891 9691090 1544338 7580412
8374405 9895669 1415323 2880463 7216310 6490020
2922345 7704667 9860730 9434722 7862817 8427758
7526097 6741806 7188120 4803034 1752984 4411273
3535361 9117660 3982306 9402472 9696874 2838844
8837830 1455408 831326 440453 9299991 3729545
3351034 6027568 1377932 9380668 3241020 4128104
7503904 5202439 1649473 9888135 2374951 3879886
4750063 4168008 6758278 6559385 1960027 320311
7628389 2400954 2307552 2982184 3869486 1784816
4479288 9357682 7578465 2560961 9585891 7101028
9973268 1077258 4417794 8032568 5392681 2533373
9045408 4529787 173988 5596926 6058969 4954979
1238284 5130484 7189544 4843168 5643126 8479288
6960733 478931 3369333 9233582 6408818 886720
1476849 4168260 6361779 8285238 3036794 4491875
651941 2967890 2777647 3336990 7385889 9040751
6170044 1380182 6904136 5753047 8373466 9720642
5802529 5110918 5751557 6674227 8860575 5340617
9791848 9444007 701809 4322047 1965281 9957093
635598 9535818 8395756 4613943 1028372 5147075
2194968 6954687 6903037 7097266 5570693 8068254
2659762 9478546 8468032 3734153 6930957 8892919
8913561 5990216 1390187 3161529 2412261 615537
4899817 8629826 8287409 111450 1880468 9076184
2285239 8024194 4280107 6470357 9847235 8879942
4547038 7628432 6919676 2965521 3747968 5426452
7423387 46624 2841896 6253067 3068337 1787789
3166297 1962378 5754326 8907857 340854 3965936
1437349 3147837 599025 9037852 7495292 1123521
1058506 9961655 7815238 7783645 1570921 6594006
7316247 3088180 1238284 6691616 7056671 4261099
886993 1170295 6741016 4603855 5492006 3009632
3163372 8357138 6782031 8812483 532709 8826361
1170365 9064912 6991248 7178352 7920399 3759031
8744511 5981111 3414066 5683340 1397617 6588521
4800395 8873769 1427809 8902356 382398 5129158
5080098 743553 5977801 5908585 1994356 2139227
5450301 1961185 9056864 2644611 1531541 9516057
6514403 3718539 5633348 7299685 7620487 9520155
3180547 2407605 1529129 174045 317640 7053598
8443779 8007723 3584099 8038221 7897560 6476339
6424966 5998305 1214868 4454033 6121747 1614479
5311934 783369 7283729 319885 2523675 3118495
1043652 9503647 9039085 340822 4976074 5230971
1789800 5223045 3430179 8928921 3272739 8227946
289241 7032826 4329769 3171106 3961912 7762537
7328844 8570851 2708388 2761295 9574362 8015145
2131730 9315268 3660065 1785389 6037692 6092571
139673 6559542 7403259 340410 3541297 2963702
8556944 9483397 328642 224962 19924 1404053
756816 6732470 3409124 7229445 9728216 7332446
8612853 6644544 7443067 4080891 1554364 2920614
6272192 3514624 2167685 9098504 5082039 5142238
6551196 5214022 8003825 8288391 4320218 8749104
3289648 833933 825813 3220075 6857367 2875393
6270282 8166753 7547434 5124973 3964961 3251268
8003696 5602179 5844955 6604913 9035025 1136890
3660228 9747372 8460358 4261482 9732752 2047972
450536 9602618 6590292 7622787 7789414 3330677
2459640 2089776 309428 4381775 3936796 5410931
8610722 4061341 8224853 7187989 6531785 5281444
6361194 689083 7455286 5282335 8597690 5595916
5724542 7827079 7378779 8270788 8941892 9486503
4225403 5453238 9360038 5647727 7500823 659083
4832843 8661522 4668101 4589463 6384896 34911
4093133 4835046 6782988 5112806 8494808 1374757
646501 1227193 5720463 5855625 4438809 8790837
1271392 1810991 8611705 341741 8539978 2719681
4323900 7485504 5832958 3607503 9993632 7615390
8523703 1227754 1131357 9850007 6778087 9563036
4036403 2755583 55503 7128236 4382335 244273
8118503 9790912 424669 9179362 5684244 7513490
8560224 1134287 4398680 2163099 9990340 3816462
890815 3282671 135234 7195315 4168794 8931241
5691699 552752 6054306 4600685 2077911 89367
2221818 2395576 1321899 2322831 9701158 7596153
6928137 4963917 9357956 2545690 7161221 1066228
8464718 7038616 3149837 3264566 4920929 4361528
9852609 5989662 6884167 3199903 827102 8557846
3363636 9198448 1972702 3967346 2449587 9655536
8890329 5981892 2938508 5310669 1059155 1277272
903851 1049849 6062566 640160 5331485 2458912
45196 3768746 9123198 9504687 7679292 1566013
2427196 7036933 6586045 5059787 4534983 2245312
3250998 3462794 6177185 6038483 4230960 3264717
4164892 9565986 4509703 8275331 2880399 853933
2431166 4378744 5533439 325573 3896016 9385529
5848127 8380270 30816 5502432 8817102 1702556
5428301 4498404 8345314 7179945 8436064 796841
8374950 4088367 4354537 557727 2081723 470230
4336343 4260457 4451847 5124621 3974188 6671396
1842738 3824071 8233766 2463501 2214291 2807841
6052801 1155785 8297049 5288285 8805064 3917188
2865055 464447 3096777 2783577 2560637 8337923
8079849 7054685 2724862 2721006 9344867 1835532
4536573 3581784 3824848 8088127 6354376 4729547
8722234 6085021 7431795 691304 2567752 2100983
8044316 5218301 9086997 9049650 5458653 3455762
3807639 3650994 1390341 4926140 3964220 673061
6173437 6014051 4491585 3522561 6175239 7950112
2708738 9647960 5054206 6815973 93977 3209416
5114199 1039241 954601 1662383 1571683 4416062
864813 2815709 3808232 3569366 9719948 5411431
8808002 3957206 8043784 2948876 7363627 7478633
6925865 8242359 9387727 1599171 6554117 1014663
8036739 3176227 4997236 9619471 5759593 3551169
6127053 7369901 1266068 2799124 1812584 8247024
1516077 7094810 6117193 6105444 4520558 8017110
3648252 6457925 7932069 4102881 3186911 9527247
8285283 2423765 2842676 1862762 4943693 2829310
8229304 7565181 3081418 7873034 337859 5851500
7470935 2835882 5039370 2129076 1941302 8714746
5292968 8106732 65199 3892759 7771822 7054891
2800670 1657760 7592195 3841444 406664 199046
380559 7884400 347658 8215281 1698551 549498
6652222 9000648 830455 7708948 264540 7045514
8459827 9520257 7975960 6881049 1582235 3525178
6876485 7250579 8606729 3036031 8655527 1193209
1479984 5516447 2843603 2989034 1922607 6526145
6840164 9606845 6848254 6725263 7488527 2085522
3005363 482683 9862487 3108401 2136577 1869263
126340 9881508 5507530 362755 3210444 6659274
7841438 8538493 7838689 998011 4168497 3177569
9563690 6022960 4097506 8965085 2212911 1345263
4547642 7256989 6340734 8011993 4556654 2365083
7315137 236644 5472781 673302 6228746 1340848
9734636 5784746 4362531 5311139 1368730 9175663
8570300 33461 9861980 9240144 4855598 4824635
4021611 6678618 3304667 5953081 3075336 5183229
3452302 6089704 9320935 4139727 1460223 96757
8748941 2325047 5110210 9549309 3202677 3592869
4099226 177118 3593111 7335369 4918572 3742627
1409347 4322440 9964352 6046061 5997694 6237855
1882221 992584 995980 8167941 927798 6320891
6601144 2306819 1419824 582697 245867 1100364
6321755 4101707 1181818 8383485 8599039 9845233
6038779 3834415 1872880 6742836 6573243 8511530
8662471 7313036 3828362 7384540 1110516 7497374
6042029 2253747 6446676 4582315 2619613 7561446
278695 5062068 2672422 9785972 59258 7074432
1613188 1439692 4030083 4564859 6353279 7393986
3625321 3997107 3001939 5396304 8323087 5571917
6308881 1997873 2607415 5050737 650737 6726077
7323435 8426018 3682665 8288245 6331742 3316650
2767958 6138346 4253138 9558606 7975216 2139096
3088450 7925195 1850915 8167277 2661999 2406556
6633965 2426868 8562109 6535322 6949557 5323446
9130937 3165004 5761094 5474055 3631931 1502767
1495433 3016352 6850536 9752080 7749917 4486878
1492103 4012417 3089035 843066 8848122 2554590
3241512 5225326 9623256 8182037 4822212 6594026
9533598 8611917 6410505 487788 4712996 1088769
2237540 3495292 9831675 9665543 5387861 5233147
5613448 774436 2428358 3014070 8163855 1589948
7575177 1466272 485310 3491339 9293072 3500116
2434769 405215 9469693 5757143 1769011 3922636
8957016 8800469 2432518 5394770 6627776 8194873
2542785 9968183 1163768 3311933 7252222 1603509
9907185 3736199 8468475 2200416 5363826 545944
5131086 3688063 2344831 9915034 3266520 8638879
1738607 296628 8502155 4110535 9475079 3552033
3108648 2410845 948894 5433296 9147244 2353216
1891115 655485 8076969 8247457 62667 8112192
6249594 8951588 5246563 3770942 9484805 9047034
2373483 256262 3723417 9939536 3920736 4746210
3065383 7457312 8180288 1326611 9360850 8142860
9451099 1293911 1927162 2203844 2487750 3243420
2835800 8628256 4604538 3309886 1161955 342696
1696899 5980425 1335821 8402160 6054884 8375778
5381430 3326304 4303979 410168 7873350 6580525
1044386 5467021 2981018 7148467 4628381 434107
9364193 5286133 7993199 6049416 5765500 8684992
3441971 3911660 4634642 2117925 353301 9630939
2240059 9767641 9234305 1166065 9310235 8999489
8298586 3213602 6196716 3127867 5074142 3700324
2065238 2646125 4719419 2987031 5229155 9963941
8958843 5154720 1034388 8827715 9285483 6883441
1162628 8372898 3801723 2432928 7576782 782005
8845763 9239874 8644773 7021612 8749720 1806727
7306103 3021909 8510996 6104478 9831280 5670353
5594161 5244145 4732246 342754 6540954 1392981
5308779 3082851 1690025 9648263 8091125 7926798
6785317 5780657 5346351 9624779 8780908 2326359
6987562 6241121 467744 3976007 2287163 1727408
6380253 1074216 7833139 8242273 3188626 8145510
3704175 6838917 6403910 335182 4303794 7236874
3878494 7935482 3627969 9810863 4384736 5400221
1071453 6362256 8584751 7001355 8330661 977305
5141086 9800669 3962899 2550319 2858778 2531271
7156561 3432415 6656926 3078579 1079461 6684904
4969291 956306 3100283 3116174 1110694 4718730
3837361 1550401 8139118 3359141 6873378 8436992
9716975 954974 6707247 2237592 2476167 5800737
4577104 2095375 3019453 6967764 5123196 2163685
7264650 5140103 8473712 640995 5605581 3550573
2921973 8148928 6037548 4094764 1394594 8625163
3787356 2432611 2433841 1974424 7720339 757623
5494909 7614883 9912894 8628354 4209302 3548993
9626134 9170310 9125936 8477315 5572170 4675956
2980649 3076651 3011282 2820837 1975521 1061328
7909423 7959038 7562599 7858825 9359581 6056716
6536306 1039093 3431403 7631296 2901481 2180658
9401635 9099544 4598262 5481146 174983 7234690
7892068 5013344 765662 9706603 8566122 8300406
9588650 2234253 344231 9559469 7749768 466548
2828852 5450553 9737913 8563890 327229 1720478
4603923 6117571 3823246 3952747 5466336 4309071
8829686 4597430 1829456 3529597 4291187 8921558
3679760 2014916 9363420 4901509 5559858 6627009
8512845 8164413 6812427 6369055 548827 6104469
5411292 9324123 1161270 2604767 7283772 2435463
5177691 6068831 6256428 9990777 475310 1565194
4907596 5441446 903442 7969463 4124224 6508380
49845 9036057 1186695 4058407 3277248 3592325
2024499 6937521 1991401 3276812 326864 678782
3490838 7034738 7273201 9174928 9036206 6886599
328758 8318686 7071640 5122933 8166503 9559359
9516736 6519217 1918394 5058530 7817567 6584105
5939913 3374247 2263112 8632951 8208526 4600393
9706578 6680535 997376 9431138 4585220 3376830
773789 8221141 9274778 3043064 6649747 3738961
4615679 1328303 5375087 5230069 945089 6243433
2207266 8569409 8640602 7509805 5976961 2710350
4730259 4515300 2031032 4187629 9355147 3426823
3207417 498012 9582960 2804020 6537469 894782
6895597 2885924 1647 8914590 6556941 4236308
3936038 442748 7063656 5900803 6649686 7065290
8182510 8564587 8835458 983789 5972377 3445175
3669122 6679600 3650637 5009183 4568641 9634127
6731322 1860467 8208696 1421565 9038050 152519
8541759 4169323 3334473 9033875 5754567 7728042
4860154 9934108 9289553 1482387 3952404 2077895
9395235 7328798 4583852 1954071 5447232 8078309
8154739 908627 8641706 3660241 9695145 492115
2948867 4352566 6045651 9403916 8899913 8417587
2500245 3118123 6252770 3944325 5217943 6427165
45504 7341453 4876465 1101693 5426350 801447
7556623 4805630 4260939 4386940 4620605 1675121
6588660 120997 1419514 7985092 9975963 9803993
6150804 628165 9291416 8578606 9435548 5978877
4514132 675126 2099268 4654829 1039499 2105514
9676254 4137999 7993853 1629570 5148387 1258114
1771592 9045028 8331324 6846854 9325098 8161122
9552878 9093337 7849396 5614560 4351746 4245491
9665315 9177200 6785066 2762815 790403 4798311
7484315 8445687 4155331 3144903 730451 6000410
6131505 6079934 4068262 3853279 7678937 474368
700567 5149236 1628890 9186557 8722368 7404260
6083795 9436871 8918295 435902 4666320 2100088
9482226 1503357 8057442 9781334 1051797 8120429
505342 1636812 2636365 7255023 1347701 3977959
1502614 7007458 950464 441363 4095300 3808020
6541022 4848427 9346701 5759097 1559386 858418
3806126 8208716 2503356 4892718 7433402 6818727
6885589 4632424 7862236 9564887 9585364 8019582
9413097 1760006 8901101 4639513 1928383 2592830
6726614 5954042 9423251 7987106 8064403 5526306
6497995 9559736 6629321 643196 6530414 911419
4097566 2342051 9113315 9536029 7937619 8002451
9240985 9845935 5891945 7022472 791185 9515297
994657 6727927 7479609 3365677 627957 2033462
3030489 1904685 8118282 5627636 8345329 7646411
7604231 9914614 494586 2591858 7728845 6753828
1765758 9110518 4522881 2767663 67768 4257174
238593 7597960 9512726 8340803 6133250 4452595
8741945 4925735 5037284 9251921 6609698 2006147
3953700 4695376 8287776 2189185 1015116 2379875
6370710 8684644 8760623 1797997 6084282 3245002
5268858 4883151 1814894 5052816 1402403 7219878
6139326 566372 9670886 3749713 6411274 790627
5965987 3728095 8925395 7693917 7593020 293621
5741304 8266043 4611010 8459959 5293331 1811954
3034742 8973698 814099 6318686 951208 806073
1695948 7380724 9893507 3384845 4709297 3764462
2829176 3524622 8138654 8843646 8427013 2487897
819343 1961532 5492205 2316731 7264608 327358
5613752 4714763 563375 2193941 4798912 3733601
9699370 913845 1248441 8254667 5892902 867762
5355198 213503 5333914 9673332 6354471 1907561
1521184 468092 8560486 8279167 8920123 9762610
3887254 9776330 9639278 4283983 4573811 3593335
1819571 5704731 6113499 7223378 3426021 8542357
8037267 1656570 5962638 8436311 3510145 1969603
760130 5906257 1918629 2573571 7108383 7348413
6778912 400624 9259739 8482621 1109522 1893793
8901671 6811575 9966824 5748438 4373427 6028901
6687045 7663357 6841264 5800010 7131317 2366445
2013826 2328011 7551005 7538672 2332908 1811753
3789537 246412 7682083 6988048 5887842 2075904
3346138 3501820 764602 5649736 790922 2681494
3737358 3968791 2953711 3680239 7919826 6363797
6686886 1311639 6367459 7169401 2660444 895224
1688007 5469100 6958046 227481 7106583 5523889
3048155 2053304 4972891 6582341 3422932 4323909
3562280 1222503 1392252 2751347 1608912 8741836
9504585 5295580 6538486 2873497 3031719 4610304
1712492 5316735 6530346 3542181 1424195 4527305
2445329 6125886 1297582 3111524 5287910 8309616
4474694 5063606 4467957 6543144 6371999 4466180
413167 5766167 8544236 982324 360541 2285832
7981085 7748623 5445801 6518312 2488104 2571889
5436496 191360 623660 1710251 3608533 3179455
8588682 4867589 3947287 755948 6872307 258111
6346925 9086601 2592443 10586 9092946 9022699
58319 3646407 1154039 2700254 8870265 1653066
5489838 6966790 1537587 1979728 9879217 5233212
2280631 1844205 5225235 1516528 6205994 5138983
4964777 9881539 9434537 4843812 2052182 2744777
8444527 7499478 3833814 1906053 7138847 9308496
9069018 7963521 1694684 9025150 5288812 1715934
841842 5460323 4551052 8350240 5578801 3025387
7761857 5894179 3989006 7677685 3962716 8214775
4502453 2562470 1248170 2165565 3527578 104557
1697340 170294 7017437 7793934 5096275 2964059
1440779 8436399 3833889 6488200 3717095 4879766
7243436 8103074 9335302 9945713 5312145 4454238
2968257 8486353 756269 5296774 1927372 2747613
9798467 3238536 8041254 1076907 8087422 8626059
6609511 4499986 5942607 4863089 8052445 6776871
3506417 3302248 3465327 4630616 9090717 4546786
6367891 8024232 6445518 8425989 432001 6184088
8866814 1221837 6874561 3884640 1554511 1182741
8555587 431709 2574896 7179250 6278818 6300168
5547698 7580770 1933645 3071693 6091874 6339357
7482162 2198339 443130 6188696 7184621 3512202
4091888 5205109 2490171 5541630 8621735 9848304
4306211 3023015 2196934 2366898 7317269 459468
4523686 4132681 2488807 8557581 9168393 2252659
7796063 5827196 982324 2485991 8603543 2169685
9413321 8170386 8148534 1821781 7371354 4361040
2741904 1304852 3776407 7664868 2874913 706846
3674998 3657964 2772425 692226 8691803 6321237
9270409 1460106 1009386 9587323 4121548 1339869
5392180 8437740 4269169 7082372 4359803 9031452
1049472 5504094 4638282 8452200 8125744 4577464
1805637 8305653 8475816 922821 7947838 4799806
1336924 1046116 6698527 952118 6908890 3642947
3917883 1453648 8701496 434800 258947 6637433
9034713 649408 245390 4347738 1671912 8115516
1700618 9810551 6056423 287793 40527 7008817
6584949 1707527 419381 4799808 8805799 6884064
967944 3703606 180717 393850 8848551 8927005
973421 7209369 2953319 291651 1386957 47966
4089676 3986841 8939823 9172649 9180037 3199180
3038292 1158524 4012774 9563745 8738619 753346
4840391 2738510 9412010 4377778 5061207 1672905
7696695 1118442 4982429 7871289 6441449 7922959
6908693 3501327 5508500 5828953 1314748 3500542
6214834 5194587 8823940 8433473 2932326 7344074
1530479 5253654 8079865 4865633 6801023 648775
7133228 6279935 2600475 5659083 4629865 5376914
2363391 6995772 3810337 2717110 7794725 7290307
1117946 119236 4546863 1344543 9761102 2628365
7684647 4801356 3950311 5457299 895564 2934542
939184 2016620 814186 7669300 8613840 9887641
4483405 7240867 2589999 5571207 68909 4739059
1499684 7688845 4572975 7091245 433189 3862143
7960434 291556 6605318 614020 6799799 3230713
1767867 2937572 9648546 7659150 2521387 713022
3471401 1507337 8236560 9138112 380845 3744894
9592807 6909159 1076518 5533109 2972496 6353789
9023582 6607355 3536677 2881305 3278700 6137424
4252393 2850388 3710317 1227558 2146406 8874296
3564924 5307381 8846977 5616584 2697824 2899726
6887037 8907730 1011196 1299336 2219772 2558900
4764957 5072502 379156 8689850 7229083 4753833
8066278 5350735 6224859 3107052 5857735 3297989
4769187 2709428 4377374 6622911 5520084 4617254
3935835 4889454 4725993 7882204 9124869 126003
1464891 387203 8884752 401321 6936782 7829773
1800699 7130895 7979611 1503370 8527385 6227265
8865156 5406503 7065267 8682020 4650664 510927
6284157 5005686 4520808 5011143 2053025 1281217
2720623 4913549 4112599 2108034 3075172 7323375
1443501 6355381 3645631 2334669 3865859 9160814
9152017 424529 6606034 3782044 835913 2157937
9400959 9121037 3132132 5922785 2146805 8724661
6299344 2379945 3524226 170007 7358870 3261610
2928246 5465966 717150 1185786 6609065 5091071
4431725 4083747 7273497 7223677 3728302 3279576
7819089 3916204 8502369 9103918 7934459 7643045
5393480 9209919 4525876 1044884 3273025 5720663
2862974 8522175 9517980 2148021 5307566 3704843
1680346 4790746 8166937 1240052 7871926 3251238
9077764 2701659 6662070 8936935 4369458 1560602
8600944 5629697 5329957 5294958 6469102 3517559
6896444 654291 1316808 6982716 3352634 6889978
232699 9594478 236095 9677927 2168346 2346302
990762 1147965 1574634 2439665 1203854 3879026
8121783 3454584 6596753 2989111 1562893 1705897
2914125 5030806 9629859 9226707 5619119 1628051
629442 431771 4827257 7797085 9596708 2578917
2906579 749246 1442663 9760279 5700165 8856935
6986819 4831225 8494233 2906624 4209875 7261842
5961108 1584056 4994524 5347814 5934725 161570
1815443 8371187 318061 5636924 4498176 3559965
1081675 8729184 4037772 4059498 9463669 4096977
1331767 4714180 9826254 3218910 4632067 9666710
8446931 2987303 1984407 4156294 5718376 1509417
6279782 6255459 8755109 674551 8631097 6114517
5010217 8165679 688704 2793735 2358051 9625711
3099193 6649667 909522 2179870 2522223 4637472
472878 9671884 5655100 5220151 8696399 178218
657751 5952274 1888694 55487 8290220 1842837
7826367 9219409 1105886 3285818 3663471 3465927
4315471 9823552 6600879 6142345 8466475 6152232
4706052 2184721 5019774 3709260 7747414 3782716
4718928 1766669 4674117 1546039 2833612 2905822
3710496 849770 9377089 5582716 9477307 3411926
5949044 7162383 4640840 3482901 5670283 2807344
4318896 444885 8080667 6487578 4097860 905462
8033149 8368404 2772386 8271295 8249283 5596073
2154897 8243064 8066333 9027149 5245255 1545270
5096893 7979946 1847218 9933065 1633180 6327713
9770174 2561483 7156479 3179811 9028549 2402484
5074203 6189563 6480441 4023768 9486303 8130307
8563955 6096916 6356814 2454924 8233958 2905652
7398235 2355316 8788969 7802994 4962012 9237204
8119527 2411900 2002213 3652824 6422479 2372927
16489 8068323 857450 4998729 9259193 9057512
7867576 9554366 6302329 1636357 7144081 1682837
2665267 103343 1083571 3199563 2434558 3720841
3332875 7464584 9971565 4098948 989878 8497480
5105785 3249802 4174982 2305224 9670116 444045
6362609 4749899 4103278 6641704 8280555 1075838
6999908 4887422 1106160 5242740 4370559 6940664
3790164 9424879 7661062 6406062 5289334 8419747
3054686 3326903 6366032 2489610 7764068 5078397
3495116 790663 4461834 2581875 1207887 6925811
8244859 7029088 2485666 2004416 4880433 4318402
6131867 5268059 3719411 4481736 3063452 7784161
9082374 3853436 132343 3458897 2140805 7041124
5784484 3906620 703238 9197292 8014422 1040858
8230813 9669901 1922958 3457469 4059654 3178761
6309606 5567268 3676426 2807447 1922889 442547
4848433 707617 2189281 2487905 6416313 6255112
7729478 903165 215754 4681654 6122928 6993000
145268 5531659 142306 3957929 5082765 4411250
2866369 4418105 7687330 5893142 2857983 1880723
5915327 4622582 615892 1824049 9561414 3573453
2500742 5710305 1214514 5138914 2734527 1382361
8749217 4910763 7512271 3602209 6329009 1132518
4499562 2849639 9445467 6410044 1639870 3523290
4442571 1563998 9964483 4099453 4694346 3062941
1721773 2198399 694981 7456195 5987625 1143390
5109910 5501685 481510 5214260 1452441 7846196
3129261 1799033 8669477 2206354 6653206 3480399
9548802 2093214 6587441 4687663 1960644 5537927
4027445 9832284 2624569 8727975 999707 2824382
4064904 387519 3393329 1305698 3574437 6842533
9768740 1251090 3818753 1736603 3590576 2785204
2775640 9861934 3825195 3214672 2190494 288991
5085162 57735 6620313 471993 4401980 2276824
2920036 8823437 616014 2908341 3686903 672094
5363221 1453903 5744398 9683043 6032420 4224552
6103313 2931785 4847431 6302640 1768002 2946255
6793805 3573931 7665408 5887682 7158441 3432741
9911078 3878454 1424855 2589122 9637182 4241737
8598866 1970243 416263 5044537 8601406 1388989
7137899 4726703 2356556 2659880 7819545 9399084
7868431 7292699 2880874 510148 9750483 5980618
5382755 1858635 5904948 9540411 3469902 8222694
657244 8536047 3516838 1855972 6705371 2560080
1765339 2492178 5270530 450568 6788955 4171458
1767570 5498687 3770508 9626046 6040274 9011004
9611533 3676517 2736393 9444900 7120874 7579106
139304 3764341 5945199 6586648 1330689 2790571
5463728 90666 358715 2504916 616655 9130151
2277811 4977401 6821798 5274984 8819852 1664362
1366054 8083430 3894492 7731413 3844366 9359769
9519234 7071729 5507200 855110 3917548 3402332
3791889 7167923 4385927 7839234 6219721 5864368
8729532 9582998 6997133 8951118 6628431 4842140
7866412 156262 3955003 4475111 7475027 8319614
5720995 874952 5430422 8145509 5542897 4283330
9800482 7756539 8136237 5034108 3220923 3721304
399321 2728607 5894384 6240983 8576071 7245900
818240 9245856 1166953 4522697 3879103 4678570
2137102 5059231 3685794 3909004 2539820 4843609
242880 3043166 6103009 5608688 4428964 5295679
4228562 5656478 3021871 7579888 893312 4074561
8537665 9635020 6316634 160291 5284397 3606249
2841677 1805870 9517210 8012400 2622601 1796994
6230623 2572805 5903486 1806555 5750309 3769322
3006061 8207558 3205742 624652 3524219 1897538
7697567 3594226 5901902 6061985 104096 5169889
4718571 8482211 113290 2199558 8712942 7747059
7528533 830656 3751011 2117731 2398803 4788886
8772069 3642810 8470840 9589135 5125377 3458156
2134906 6534950 7387289 7866377 8558461 6976186
5423962 8004223 5704108 8390911 422290 8694268
4266476 2288726 5228888 6435792 6169154 3632816
1388807 4811530 1688842 7179843 503526 3541390
6369512 7564761 977310 4579810 2190503 9117967
5509240 1830585 8412763 3684842 3963832 8454260
8474420 6174836 4679965 4078551 7059480 1291811
9157353 8691232 9106089 8857009 1446323 9467048
461010 8014765 8000516 8323787 4860224 4562308
8946235 9529728 2954784 2296718 2308500 8417777
3754301 9791768 1700820 9502545 3867939 763038
6821228 4609742 5108850 6688675 8962672 5625741
4611807 7054674 4591300 4969259 323382 122800
8797040 8165832 3072076 6055492 9890383 7948974
4431689 275383 8033487 14637 5344304 4700539
1656850 8877627 6943771 2573763 3520806 1989056
962713 6113879 2269574 8357120 9910903 8326149
7833032 2644002 5151976 8696832 2537063 8302881
2766500 3789593 6223336 3875525 287897 6758078
8081886 1795686 817716 8931329 2640050 144310
6756179 7167909 1999785 8373541 31806 2766024
1913979 6153954 8069177 8767040 9410126 1191743
2883478 5309719 2447031 7140450 8340050 9103170
8350453 2317379 4257178 9747292 3466792 3197293
246705 1333051 9881843 9214557 6108413 8087001
8308402 8856237 5950297 7322671 6626040 952043
4836585 9247609 9818565 7421771 3245998 7419724
3196872 2364504 8049784 1428295 809624 4658502
955126 9995674 8532807 7559591 5670826 8218479
4435932 9012174 632183 8336169 4490264 9648794
7679295 6477859 9634471 2547495 5828882 1871788
8492504 1814021 2639288 8786334 7970436 4354673
6532497 7821295 6061889 2677103 4987224 9348326
9950745 2675837 8397848 4676502 625570 2834144
4193931 5591130 3319864 8570101 7569877 9072339
2579513 9986507 935850 2407652 7089068 60707
9869792 2778905 7703951 7814139 9495932 3948324
697234 6201451 8466363 2709570 1724087 390041
1879734 4825200 2857377 8732660 2918633 9108370
8789650 3751783 3221947 3670383 5495981 3413518
1254316 6084492 3076500 7501373 3489687 3447448
176626 8581061 6883773 7421920 9668625 6829176
1719290 8409809 1188640 7328806 7660302 7671338
1919520 7162657 2103788 8685733 3712200 3306110
5675311 7552040 8490733 7534878 9752429 7774436
3069758 8980609 283169 9981017 6570599 122415
2414498 2324538 5071535 1432549 3999675 7564482
8386305 7670809 5875760 8216366 7401350 3345965
4480803 1872393 6780189 8385175 1834892 3922903
1094324 2681871 2718167 629805 7438485 803836
6594894 8314354 6064131 1157043 437400 3164013
281327 2606381 8477395 5397071 5750896 3803177
4854970 4251469 7662953 6567221 5013428 6728180
6970181 6673430 346267 5851607 1683618 5088065
693569 1771908 9035337 7501460 969714 673168
1465291 1650940 5640536 3345839 4330552 9127502
9572123 7744878 8229195 2352592 5247808 2394173
1820400 7722617 9852591 5359035 8921222 1549315
4309266 2493910 3583991 8850176 9224859 8101803
9213140 6074487 3747374 6870480 2037694 8667512
7766285 292923 7318152 3360632 4775796 9594367
7023843 6979358 9367901 4240988 3412005 927803
2442548 9099322 306716 9961218 1804254 2517746
5663872 1484738 1563954 3086659 7922975 7469153
282262 9464327 3737924 1843800 2005888 5410543
511031 4267180 7375787 4680857 2369565 7593246
9294477 7372081 9191378 5955535 3628095 8692159
394260 6255939 2892386 3792127 6478442 457739
711635 5715268 7843280 357808 5984970 9759661
300644 5824845 9643069 4401338 6839527 5163866
8412237 7180358 2737397 5796229 6494133 2354421
835570 4976154 1978580 7419957 9493501 3300607
4631401 1031734 7587763 2363992 7576767 1682945
6219302 2113767 4325041 9119690 498479 5423437
5922539 5325559 307974 4362358 5229911 7143415
2156186 4013293 6694861 2533036 9262872 321109
1760841 2656110 8098503 8036387 6037362 1061348
5696168 9795395 7099798 1949971 5869318 3027995
7808149 9921418 9511126 8664746 4994500 1734505
2919269 5474229 4954693 2246998 6519006 6842918
6221847 4426724 5915858 8322559 6855930 8082150
8988292 6644170 1102358 6411291 592063 6611259
4155264 9552971 5097973 4294367 8497822 7434302
4634248 8131749 5028103 9007125 3306092 1080658
5582980 345322 502740 2985468 6598513 6725112
8394996 7467812 4059816 1507348 2661015 1794681
30291 2604214 2098760 6338883 8977116 7726104
4620036 6683423 385291 6321757 5891199 887798
2752367 5627866 7091784 1692651 9535404 2457377
5394790 7038754 8577522 8704030 9773665 9516307
160301 3822156 9561397 5464849 3824466 190215
3066613 4258852 9021621 9679996 5471194 7188366
6520165 2974843 119824 2787649 6168621 8440246
2293391 5100460 9631074 5398143 308070 5642969
4489078 3668061 4023392 8123794 7336133 3588477
669481 5540632 6432278 450221 7897558 6791897
584946 9862835 5993065 5162840 1481339 1805671
3182784 2221243 9938481 3945053 4262445 7813573
1541373 8202186 6734741 4658578 1812549 4418701
7941117 1345758 2362705 6796719 7275983 2884530
5498850 8056288 5404081 393547 4439685 4459642
747493 1918473 2535243 7819701 8703026 6091927
3795584 336316 7012168 8429499 1275867 5642515
5794429 8995329 3363935 6333698 1318560 9679699
4224500 1657262 2147528 1106148 2976885 1981003
2162562 350368 2991071 2227238 8703824 7364762
9413216 8177028 5550261 9970832 6998872 3396740
9515518 4076253 6152654 7085095 2304568 3547245
509438 9826710 1987382 1135040 4248976 7893058
2449985 689193 3878189 1250587 4587041 6809990
4748319 5642797 1324794 2008092 1625227 9162190
2755794 4351765 3238535 8181779 9536029 7125187
8770662 5611408 2569770 3835921 3962908 2037320
4275764 1891360 2592658 8962227 6253620 7055351
8532932 6333228 1185721 9994624 9969400 4265506
565275 1783481 9590108 4901579 5322290 1111496
9561284 9958543 5021059 4383221 4363147 3422932
9348594 6007972 304977 7654958 2093652 5171008
1672272 8340277 468836 1525223 1264988 7334622
9415828 5705635 2707842 9472192 2520458 1344447
8257643 1724674 6430122 5213684 9049987 6105789
9372994 2061364 7471464 519046 5165480 6544196
5817076 5583071 9856727 8381555 2266611 8974247
634661 178671 7982982 5990926 2238273 9422605
1536610 2690072 6833530 7973774 1663664 3802148
4708546 6742048 1660481 639419 230038 1476636
2611103 4878427 1595601 5575988 8375001 5265205
6687929 8298993 5654349 9090202 4048170 8377096
6971859 511995 4575231 7697138 8993465 3426153
1840093 7078808 3331659 7856396 4528140 702584
6543266 3035441 9049241 6930791 7769675 696951
454633 2388694 9191836 6226208 1825537 4409188
6574824 4128758 1704888 4199360 6081691 7512613
1308617 3245720 6509103 1883222 8193621 6634398
2929349 4842649 9699470 4156848 8921459 8488643
3961232 194759 3399333 5900849 9110042 614781
2083391 9918012 9154272 2651519 7577949 733133
7877453 1693781 1884181 8227905 9144638 6863259
9210437 2515363 7667663 7146876 8364860 7356292
7661892 5665026 6922657 9747710 6971712 8349600
9359785 5831355 691167 7006419 5156560 8973502
1192618 7624087 3006076 425817 1468273 4895088
8389584 3030253 8172026 3496297 7914773 6707468
6746749 2692336 4935414 785844 505330 2491048
1813488 3146845 5661923 5124881 4158704 5352165
4650542 2869840 6188194 7792792 8239080 9453600
7128046 8853027 8931645 7487123 9922344 4440101
6951507 1199950 8365579 306813 9657594 8275147
6076343 6962188 8557324 9789939 9237819 747290
9647434 2129054 9695919 9505084 9141027 6235835
9433802 7372518 4353314 3105483 2491182 687600
8774729 7547068 9117948 8454663 3227494 3440768
1235609 1854502 6441530 973443 501929 8189053
1883648 4919500 1338057 9734230 5569673 657786
364785 8440367 3893660 494304 476146 9571448
1087082 3544037 502905 680456 2993707 8433254
1591220 2590589 2454512 6152202 7554021 5228871
7113991 3479224 740952 3859733 6578706 5693318
1492725 7813971 2243912 6557004 2059557 7535881
2350681 633701 9706518 1454078 5042745 3901844
7611731 5893461 3385274 356095 5299187 2328656
1848008 1575309 8008065 3979642 1353427 8332685
2550816 2052727 4164260 2907678 8485917 1214296
3327206 1523012 4308763 9078463 7975303 5412786
6331890 5299528 1885620 9613203 6845406 7990866
5488128 8071338 2659286 533057 7943378 1396966
9364331 5842906 6869341 4973997 5468096 858481
3432518 2627704 3777833 2228764 3926979 923132
5982676 8590273 1501000 8858414 3895773 7374481
1374848 9551711 9891511 492754 9402604 1770350
9051427 5967264 1271825 9679269 1256799 5838068
6809298 9461350 8089209 7168978 5291275 8644465
1490853 7551922 485941 1621048 1802522 323868
7058793 4624686 9405415 6739081 2062395 7989009
467765 8065861 1007508 5340597 6268279 712708
1445062 8971689 2697365 6498190 7867560 2945762
3258483 6734467 4528335 3320019 1373888 3214076
2403397 4922062 5130953 5427965 9039731 3007205
6352619 615131 4574823 9132661 4937908 347654
6243661 196667 1151534 9814532 3831471 7223678
5683288 5124149 2054978 9787278 463546 5328975
2120185 83694 8614939 1435325 3129108 4568530
5531164 4884855 7459596 9762067 4447772 8119852
6251103 7155454 560778 9282656 9362943 5963141
9908474 6578454 957523 8582836 2734341 9072475
5351820 8199712 6104919 191505 1659550 6113779
3831600 8233401 5616434 6426495 4693226 8736396
6063264 5884085 3794452 6178886 7500550 2394958
3609697 8982419 9814325 2367745 8964189 3600604
7563834 8545358 6229255 5553416 5385845 963053
5926218 4034068 7013503 4222648 6039872 9778442
3639346 1306795 3215689 5121220 893512 4445085
3561498 2602520 5919441 4847676 5552495 2713912
3777313 4075772 9601147 4087718 9593175 7409774
8251560 8118842 3742802 7897643 3236389 9164872
1632077 1992547 5697355 2716349 5224621 7293881
7541216 4730037 9757169 494222 858774 941730
9184250 2519813 774044 9918349 7748435 8676864
5116583 9178806 7023762 370341 3043471 2326208
2719672 9525111 4772857 2807466 1147956 4159725
89273 4348623 411036 4277287 844564 5178194
3295941 5060866 8585112 7358104 9050121 9785964
9708980 1133559 2493438 937736 7694257 6248297
5453099 2131883 4646016 9560387 5257417 4113277
9634330 6549761 2172985 2348732 9983339 376715
1393365 8846898 1535911 1073546 3634652 6563995
6108613 2276837 9644528 9544447 3766691 3886091
2036139 2905417 4864072 8827810 1696470 3949401
6188489 4316719 6850916 9627869 9168865 4601387
6450910 8961193 8101905 1572582 656326 3302839
808026 8891298 1161475 132818 3430913 3603555
2184748 7306235 506264 6138038 5523128 9838994
7918406 2708567 3929977 7291267 8882568 2309138
9167033 5464219 9665906 2761142 151149 6642163
9912532 3914888 7831971 6882092 3712246 1538159
37141 6149480 2524694 891435 5780100 4115499
83277 4458492 3366727 526624 7655689 4821146
3072403 2671246 9898767 5720493 6585931 7491369
7189043 717591 6242079 3109347 43948 4102065
7007036 6455083 1685211 884799 8431025 349943
7088558 2460670 2223791 8156385 5284272 1676642
9872859 3446573 2277748 5774397 6275800 1452497
16832 4526360 1469773 7699399 7817921 2812414
145690 747814 4655783 2868115 3702356 9489889
7651122 7093671 7620219 1962109 2277302 9916295
3814817 2157018 4036176 3205558 6118867 1003804
9540579 3514215 1284290 7251764 8075078 4345891
304517 1526738 2862354 7837380 1589079 1475442
5895503 1949950 5712109 4893449 7315336 5078526
8544954 5026627 3553703 697811 9448528 731762
6860068 2363073 9397192 1430864 5124603 6095997
1106743 9184709 3105994 3230361 8623444 8964658
7604592 3834447 8200640 6120145 9682543 5004451
1690844 7211959 8048441 4125030 5001148 1129029
2570685 397614 2084404 4056143 5856667 9131889
2060152 698108 2314974 9918426 3676565 2495926
3569320 3868049 558789 1652131 1419755 8712205
6526267 7065435 5240030 4586673 3785425 7538744
9841317 7899008 7746756 2176585 2251760 9078781
4372904 4899691 7640088 5871343 2251367 3081773
4238551 3971107 7235289 6914063 6766398 7002289
207168 7753322 3704307 7891339 4997873 4955503
2744292 6405779 2457639 9846387 7983443 1621834
6292865 5829651 8153416 1531342 5121108 4647273
9406495 2788512 8585045 123348 5735915 1013412
473713 2377278 3730346 7345569 127374 3982091
1612667 1592999 5899667 4670737 1565583 6362099
4025022 2357293 4451239 9058165 9721091 1192282
9804262 1381799 4422065 1350617 9707361 1621216
1024759 6125159 293433 6510517 7602441 2553951
4889909 3961191 6605552 4228122 3936812 9331678
8524626 9141213 2818174 4245435 4699647 5200971
5280224 499607 9920713 8337198 8405757 3408779
8425055 7890901 4067288 5036891 5247395 5074353
4575545 4722670 3993051 101333 8604018 9733456
2170241 3257108 656728 5364631 3859801 8548147
9948516 1424441 9125255 9695606 5766186 3418209
3274720 1788918 1522101 8743380 6101068 4400896
5422203 2478482 8087014 5981569 8772520 3551211
5828502 9213805 1387822 6012097 9545357 5196981
6584354 1576860 7115135 4510069 6872308 8765579
2568184 3250230 2638776 5914256 1318876 5716942
9496102 7805910 91399 8508605 6863283 5193344
6564434 6083086 8400642 4055087 7470360 3401037
4039281 3679049 3860361 8698845 8375634 4734757
6741459 8237375 1937074 5282524 5603731 8741114
4606324 9446248 5619091 3298023 637412 9838017
4596461 557130 8973192 6548812 5194554 401588
6766937 2536536 5790497 4019445 9340106 3698785
4867032 908171 3051897 6839839 3782554 401211
1267209 4818515 4303359 6676806 6409151 6847269
8976683 3688718 7034886 3334473 6719637 1947688
8672088 3308881 8658365 267675 7510090 7418981
7160213 9794837 2744416 6278872 7100921 5499149
3907350 2652358 2053084 6220098 1059179 3038681
9571126 8310316 8551774 1220677 7976402 3866738
2226977 1710470 1893838 8478629 1936198 7702149
7181353 736169 2991162 3731330 3121567 3369720
6896092 5332704 2854669 5976312 5942413 7606133
2750686 9827176 8270002 946114 6971434 6163133
4984694 8666817 3343387 8391318 7912979 9849066
2374089 1508089 1035347 4218122 3004618 3134172
4353432 1713365 2620055 8078479 6747643 378583
5953038 7680511 4084494 5661699 7519033 9031331
3436967 5618821 5443104 7139009 917342 7699590
3859721 394661 8249495 3795318 5159049 3399280
948237 5205744 5931054 8454235 8746234 5066355
2324928 4323152 6569518 7806875 3066254 9110635
657844 6991311 7624547 6340393 5851527 7227505
9213296 3264901 1386681 1277255 6623507 2529116
9801626 9878315 6653363 5820936 8039366 6694774
1758136 7340097 4643851 8799528 675808 3596670
3607061 7504825 8768582 2714418 1458883 5969756
5872807 2476115 2403040 6084333 1602077 3106273
1345713 8862627 4780568 723800 1151828 1822250
7078739 1160438 2283378 7271953 8276195 1972980
3865124 792960 908130 3666422 8442499 8671962
2967520 487316 231157 594648 3791313 253107
2032617 6359604 7461368 6842602 8212390 4751684
7564962 7069563 2344797 6814826 8512072 707643
4956674 1508830 1801098 13244 2669989 7874198
4721626 9667304 4654025 3229809 3085389 3573971
6737771 8464452 6308098 2969338 7484273 2392609
5809075 7828288 2102437 9956264 8763053 2210554
503394 1554413 1285289 6068241 4825781 1087665
2470719 7949857 9978362 2369414 877976 6286420
69603 7115609 4596462 5548617 9230275 9169326
6979273 3524266 4548165 3360480 261283 5885239
8598226 3192095 9463890 2853990 2386508 9891482
2618467 9776353 270358 1894522 9113412 3121155
6248920 9696237 8617891 3471358 3652850 5063064
1060782 3908305 6071702 9792156 3532409 3032785
2737297 9347222 6119469 5425215 1203288 8598513
602040 6152325 7176622 4150010 1840480 6174196
5923787 2094136 6536004 2069057 4209763 6462198
2810490 1724776 57533 370357 9630910 8136803
3726357 1751334 996490 5836261 7746988 8350368
4296493 7103336 3907287 2969743 7193552 1290689
4627147 1384489 7335254 8400851 1823493 1660480
3221534 7885730 710132 5939442 6431365 3924346
9656450 926820 8865482 1045609 5723290 3811303
9501257 7707738 8295727 3788609 1835604 560605
1508625 5857976 6305197 463958 8266598 5177329
2207571 7990191 1512575 2839804 4976094 356910
5457986 8452153 4621886 1700285 724620 80620
5202213 5067402 2945702 9609877 1999503 9243638
5392711 1610918 1923733 7689982 4106469 3495420
1480190 3219140 6533131 3599070 2172257 4519330
626203 7362509 3579039 2530656 1083598 3046486
4088994 698296 4434979 6217057 9122019 4343270
3647856 2199019 8724680 8855756 666870 3454924
5007411 4232183 2094121 1771565 9099064 933384
2109909 858323 9369311 3742809 9133846 2038309
1012952 1893667 7234431 1164787 6063597 5344880
6553766 5999678 4551433 2078661 6115442 2005222
6136244 8736191 6924850 3769383 9297687 4531004
1902329 2218391 9990433 746902 8999990 9565578
1214482 9274452 5225985 7032529 7165965 1152505
5360014 3099788 2054870 9198699 1717813 90171
3683880 3545991 194368 3035999 2640438 2466676
18606 3317893 8196950 5341410 8770002 9459415
9264672 9020638 1905927 7034838 3215543 977543
5201610 405608 7872460 3579245 8140063 1330770
4883385 880732 6612250 8680344 4517680 7423868
8777734 6547631 4090807 9218933 2368830 4077955
2875126 6200887 6421514 3307142 4393915 5562765
2336585 2198031 9612467 5361040 1363290 7222798
9885355 8708101 9832945 6369956 6456040 2683075
4782521 2957403 9501565 6357702 3281515 1704360
5292100 8809356 9975800 3886291 4463510 573348
5453134 6467452 5045607 2499956 1423434 1026682
1053540 8111115 2009665 5660318 6577215 7625177
559783 7791882 4937489 3432290 4140071 8519541
553083 4038041 8155921 4252483 5116770 6044420
7824130 6875480 6597833 3743747 3384407 4310288
2435641 9625845 5251308 8575962 3854960 8548995
3052953 9805020 9786003 4609450 5163301 3987892
3814307 7498479 2758544 920079 4617471 2207029
2891210 6538311 3729807 5503193 5617549 4592253
5130210 3780036 4179626 3330700 6302536 6560727
9140148 600779 2982188 337630 140813 4513168
4272730 7383164 6578296 4577112 3618542 6121247
8367357 3818813 8128338 2098513 3010542 247591
5332575 5992694 913434 1353911 5123820 2226513
1227978 2788935 6851531 2436133 2452100 9144156
7688406 6088065 596917 815706 1360023 2964537
1552390 1478887 5803952 3074598 6876014 3440998
3329557 651332 3043746 6467851 7977565 2908225
2787767 7787547 8808429 9514639 698580 6911284
303916 5676574 9170240 9128242 9895438 3648213
2855194 1268153 5420984 866047 9963863 956175
2855772 6233085 4561581 4106626 666475 6165138
1397303 5937206 2550860 5079843 851 5591727
9151228 8622858 5964914 3406211 596394 9811325
5050833 8182871 4552550 5840082 4827133 7676280
2980856 8841014 4065019 973618 264544 8342157
7498472 8176701 6875428 2714747 4238056 345829
3533227 4851912 3197587 8359490 3544026 9088545
489644 6159589 5846424 7977996 8651841 8929941
8896675 6454181 8888386 9572855 1082235 3938894
9334167 7100692 7188380 9729851 5836404 4436433
4491112 6664733 9129106 9355468 6584082 1047784
5377097 566999 3207249 1188303 9516014 2920426
1482925 2718155 2524918 7817026 2903994 9026189
5896236 2608155 9185250 139229 253834 3716843
1181287 4362004 2860054 75736 7928896 223199
6852819 5618735 8382101 7104747 4533424 232855
1675010 5285947 6547705 4521812 1193217 8458741
4772245 6495590 437250 7665432 2652609 7789542
9615744 5414791 7531883 2843885 7856131 1631821
5752566 7383880 1422003 2904732 3136043 7042961
4426175 1512478 9556709 1229912 7721018 8247150
3758982 7606045 1262464 8398450 1350664 8575924
1321229 4854962 3154882 4331180 688702 7330996
6787606 9846355 931323 1617266 3046111 4561680
9415995 5221365 2598345 8458126 4330233 2160420
5967146 8288044 8311980 8210423 9348967 372875
2387061 5432943 6606744 9639421 9333481 6399914
3720849 6061994 7239821 250167 4027992 4265571
329053 7948380 1545611 5384196 6717384 4191360
8189456 1364677 8331466 3249078 1422634 167262
5437256 9801597 4085880 1430172 156562 6410533
6789828 3535893 4999321 2738179 7597639 5296201
2133141 6098556 9022530 2714342 7397486 5350365
669852 8823460 9878029 2743682 5090934 8912864
5940133 6951414 2134117 5617895 6258953 8791626
2210199 1633328 6368962 5591110 4131573 1554531
4451153 955470 6492403 2041383 4153921 4946600
8828956 5946343 5744129 4871525 4734452 5833598
103736 7015771 8273141 738292 6251380 6319909
6616543 9380717 7000135 6178530 6846865 141572
2905763 7786061 5758879 4024413 6830098 5344838
3682323 779913 7098436 2496592 4529284 1851648
9992831 624843 836169 3086882 4762649 2361790
1563807 2172066 8038822 9695832 9175627 2272050
3997962 65064 7107849 3341387 5984023 2416672
188091 6609433 6633330 2992694 1669728 4269477
351405 5015413 7546070 4360139 9685387 4006453
1197081 8504159 9245183 6693663 1381159 409045
5020995 8440281 2410659 3738572 1088307 2601872
4921411 5614416 7436169 4396174 5793801 396707
574928 4012526 2068726 8550371 3729094 4142063
6678347 2547162 812175 3346847 8667062 2162145
4547321 2111710 6761579 8022266 1520789 5305659
5818056 7598954 277900 684202 9529775 4207111
2942124 8991922 3065643 1174494 4716817 3577767
8558770 1650252 3877566 9603384 6539535 6169537
5564967 1474228 4400684 5661691 4399422 8117604
2387736 7267310 2724502 3585977 8445306 6453078
5015418 9639471 3121886 2462178 6484643 5439703
7004288 743379 8175878 3332207 4979634 8106165
5683061 8444330 3702036 9405609 8477598 9062250
1520314 2484307 3581184 9685346 8395786 48783
3798089 5732634 9436016 5265821 7192396 6199569
5712580 5604135 4424431 5732667 5023458 6199988
8300110 4747703 4013186 6571972 9685107 1379666
3684022 4847925 739162 7575888 1398497 3226725
8519119 5779522 6305380 687746 3346870 3255226
5978282 7689537 806403 5350346 1296695 7865817
6291744 3589401 1633612 1130919 2022895 3328131
4217828 4603647 9200852 6709124 976540 88882
2977522 4636618 557758 9261021 3892558 6198802
4429103 3462505 1161521 5003454 838198 1181865
4042853 7487355 3736457 8488620 6548365 6930097
1292949 8032866 1027845 5267221 6066121 5139282
7547297 2117045 7873624 3179150 7229520 9671139
6618552 2019462 1954250 5774570 4083070 8145198
8377871 5116915 1221871 2899834 8727513 9661551
6618376 9371939 3085332 3801606 3158465 6392449
3383424 3874912 198546 9705486 1778856 3174734
9038094 7687944 2444423 8743217 5464488 3255671
342595 3362369 313390 5530666 7784620 326396
1797609 7410603 4098422 4905202 7162005 7435318
8665240 9352304 7642097 9804076 2391449 9075768
1878779 1630479 1674401 4546657 2314295 8867888
5645319 4143783 5977404 9057130 6667165 9538146
3023175 3783604 3507511 9236335 3121660 3974557
9194394 9702317 4941411 9471935 123606 5879237
9624695 9820675 2033053 7565629 7299041 6312781
6160049 3063375 3771406 4047728 3651900 3819396
1046327 8116552 9807315 7280767 2336211 3327071
9389522 7844038 2103330 7381126 8301062 8867230
8651356 3877503 573143 4664956 7088097 7350353
272927 1173478 1993160 5220883 4412411 4783477
6257824 9215786 310827 7241689 9920774 8388555
491282 5543851 1541799 7046444 9717298 7107278
1317019 6126536 7755442 9957285 2013536 3063281
8654749 5528701 7054177 2625690 2219789 7186193
4276405 4126976 4887221 9688938 1519575 7275371
718376 9248890 9730946 5068215 1925191 7093648
4608661 8691032 9265656 4267964 5178104 8995225
8361407 4814649 6816246 7586221 2320414 9964996
3714277 9921006 9185902 6367699 2857185 5101052
102805 557478 7936217 8913327 9796815 2489350
1282291 108325 8301529 9609075 7178949 4434186
998715 6547237 7699900 7243715 8416562 8079617
1118716 9674385 6870390 9674000 6200383 150489
9614714 9196954 3333853 8556091 3981791 8217547
1829319 9009382 248260 1286280 5412166 867569
6295491 37704 5378997 5841265 677533 7206681
8241553 8148334 3851868 6591105 7957969 6632354
2422994 8726463 7823138 8277990 2253940 8514213
1389049 804938 8551868 3178007 1163047 8650413
7102257 8947786 505087 3523179 1802788 7332822
5552733 2682541 5190478 8904227 1931803 9994280
6672591 2400619 3019440 483542 1943973 8598311
699526 983670 507474 1683605 6784708 9001047
7104914 8807820 3877457 8295073 6173396 9038988
3121560 6027450 6107578 9093406 441097 5643197
3339651 625117 6388652 4457631 1665626 9530717
9355910 5263171 6166747 1158288 3523384 5802897
7731414 7689380 2114398 911917 6679053 7564241
747444 6357920 3387113 6143760 9030274 881919
883763 583972 8551987 9359602 5928009 8911058
6261259 3925024 8712640 5328736 9718028 2364207
343620 4724882 6535214 766961 1357369 8685688
2697549 3758570 1294127 8350388 3362618 1381522
1964609 7394719 9893229 5227201 591176 3049213
3608982 6368462 9512726 5265294 6219655 5055204
5889142 7246687 3999194 7777253 8487287 8222692
6936369 6967902 511235 9707951 8087565 8189189
8016128 6677998 8344115 4845809 9955431 1417360
9574870 8127495 6622815 1815443 2934543 2420119
1365252 2266057 4192047 6030956 3905071 4243339
4267286 993663 8467355 9908074 2403763 9774786
6183975 7238827 3388614 729078 623457 8812844
6707755 6593372 4196699 4735063 297498 7442962
3686638 1770093 9991004 8143941 8870092 9948237
9036877 8078773 2424792 6122293 3579308 3660700
7183966 7735297 2441291 2381618 2043728 8268896
2998948 2745393 559037 2780372 4214076 2425755
8361105 4896704 8745829 67218 9204535 7897141
9866215 4190904 3412985 2146974 58023 7383633
7629315 1999787 2352813 2731345 2922465 6298335
9587272 247477 999449 806540 9653379 3416856
2598179 6841326 29277 4163667 9805404 2686314
3643933 7001737 9207911 2215740 7807364 597746
3681334 8045754 2661659 9719960 383278 2959705
902351 3766773 6976189 9043078 6672229 5087526
4105331 4730070 7742503 7928313 2740222 4983706
1192649 2752065 6517872 9029620 6558508 4906291
4868595 746084 42437 7018957 1548373 1270960
5989408 3389688 7294953 4083041 2065242 1148635
6011656 5592539 4106363 472715 31398 718124
2248714 7888168 8710038 1395999 5509198 3397450
9570448 7070352 4603722 6970768 4591492 8637629
8632741 6072618 1905275 3338163 7845566 5260122
9256731 7999010 5869596 6934790 9724406 2388532
6893189 6008409 8540016 3509622 625299 4556365
6067739 7445469 3794492 1567371 8115976 3526305
2332075 9750675 2949665 3751011 4820259 9391352
9150054 8248089 9138033 4303295 4508676 5469083
9669721 3730543 792452 6843941 3980757 9365338
8076077 294082 5733535 2451251 8404912 9355996
323888 548263 8969547 9260247 2368711 9196181
5599746 2274989 1448813 7204719 3801939 4454045
57379 4143064 7208778 2180094 1097167 1152476
1859022 522270 2730572 4750251 4207745 7004107
6519840 4399345 4770791 382003 1037760 5540198
1629712 8317746 9844130 2117541 7489234 6846542
3158781 6384542 9890873 5201029 5478995 2278129
9593246 2432696 3830703 3021790 7865802 4064314
6152397 5048913 4794304 7843799 1677219 951180
9505652 4921180 7449877 1202931 2877732 2402680
1319035 2311742 7003721 9867723 651208 9387606
1495101 9736836 8503899 4904772 446648 2579723
991537 1770516 7406031 4068467 4380704 8045934
3808296 5401097 4245151 1171312 6694800 565506
585826 715922 3026800 1264609 6526946 8751678
7313228 6390156 1699011 84050 9325334 4371665
7759019 6349334 506270 7037091 8369012 7303615
5283831 9408697 5636188 4234844 4215987 89592
3891675 1339099 972917 4746576 4561912 3581568
4351430 3830626 956152 7821477 7809681 1550859
474775 8526101 5521143 4159959 6021297 2629782
3800083 9712148 5215007 8959816 4718387 7710185
6013219 5616196 2009282 4483564 3718275 5450076
9432613 3652105 6306802 7078077 4093010 7203866
9145997 1635377 4359859 8088466 2456165 2220344
8598622 7696285 2141795 682875 886151 1349881
3844350 2215102 7600622 6508830 6341976 1386936
2667286 1410066 6741526 3306748 428021 1948799
973266 2621283 4142528 5716314 5611463 5694218
4683700 6691 701529 8208699 3107063 1730881
4340663 3683668 2819674 9732035 9517844 2972326
9039897 9879302 8545485 1193491 2096213 1121528
7495866 8672871 5902408 1637490 1160577 8201843
6186058 1232401 315891 2080222 8236885 9385054
3938927 3883479 952927 1683847 6137193 4191932
2085829 743867 3569025 1094375 3503379 717285
2763986 4442266 1071155 2471784 3511870 4847963
4099036 8689383 3798530 1186528 1649586 9068286
8342224 7202228 4521187 6793432 3524607 4049636
3721409 9933745 1385736 1154271 9544083 1276931
6010395 4949085 7504628 5175321 7906478 6993499
1493745 5091039 4233978 6663731 6375165 5154454
7660245 4969773 430417 1763697 5552954 1711782
2447960 9090912 1242045 1266183 9850973 5231022
6920723 528040 6362181 8426230 4880098 7071683
9555261 3894332 1384142 3348793 2466887 4910739
1373910 9290672 2187663 3947053 2963351 8628075
4566085 4957063 7166828 2210614 3845030 1670505
2228754 9184200 9752818 7585505 6638064 9828139
4178982 7876992 366295 7814458 8173739 8172432
9545065 8130422 4311447 4479651 9060647 4453316
8183064 7601634 7183173 9126376 8066726 6605685
9202762 6058623 3732914 6122840 969698 6767825
7086548 9200266 6883389 9046310 6215264 3578695
5530780 7670332 7097905 1988474 7378486 8872959
2834398 229867 5699689 9437810 4423719 2386958
3005125 8880270 5740081 7168006 773271 4970240
7430280 8391157 8146243 2159775 289270 7125674
9648445 5971782 6629971 3902587 7257926 7310712
196685 2487865 6792099 2190801 9513193 1412955
6694076 9777744 5073272 4862795 3165122 4714369
9994406 8974827 8955195 1328473 7103931 5777206
9585364 291971 7895637 8361103 8644204 8178331
6094691 7071012 2967158 7514233 5054804 9809236
23267 7805117 2791129 707904 9736909 6173366
1001154 5457995 1586404 4874455 5601108 6049805
4280025 5581693 7007587 6381999 5660392 883344
2345057 7537742 4496345 6559145 7397991 2958952
9196116 6808952 8338069 7905014 8020537 6574701
7042957 5850508 5671939 4940836 3136331 7341041
4760694 4093920 1543736 6070981 9575531 7869034
2567407 8573383 8934010 5253892 1841686 7619022
8650573 214163 9205949 8138347 9454951 354937
2833193 2757568 4641985 2811691 5981232 3729212
7211374 6315172 4488797 3201150 3445316 9055597
7199604 1922891 6686938 2616731 6492109 9650282
8360284 2425020 1464735 6881065 1843918 6362663
1834490 5298553 2800158 2745978 4538704 9340779
8136934 4250673 9613047 6583798 9724140 926180
2233479 920675 1363805 3501941 6228428 383034
9990101 3619685 6025295 837398 5668757 6687746
1479949 2269183 4310167 6224153 8243673 8221550
7217144 1807351 6142316 5270764 6886448 813133
1232266 2646049 4538585 5347291 4335959 1148869
7775762 7571799 3461689 5236717 2434347 1246648
5745495 6459448 6744841 3407753 3142115 842513
206850 1844456 7443806 4931363 8864134 6612626
531531 5224756 4544603 2398007 7230181 6935080
9891069 5996521 1650059 5598082 254758 8090119
7247151 8294692 2383252 8995302 4821796 5616652
7522606 1456542 7673505 8844743 2361287 9579240
106659 9298025 9364248 9948351 4612867 3913272
4814494 3088670 1304687 58803 3225393 5686937
148511 9599970 9716360 5276185 859685 4579353
7937245 5873613 5111341 123947 685935 5571925
7293292 2920148 9530929 1751430 8286655 999467
4969701 9034431 4983596 3288798 5242562 9170100
9118082 8577448 153445 6120349 1848254 7566161
7259834 4389813 951934 1448693 7216183 222260
4557819 1768532 8159480 4607874 8085699 1638158
5689836 9722134 9554812 1975588 6620197 20133
8149999 3608199 3272925 4483371 4088817 2970391
7275459 3274039 309205 6379588 2728982 9454705
4274184 1656238 2464405 6477959 9844225 3597199
7440323 682620 2244416 6346799 6939640 1786689
95708 1973185 6048609 7079608 8992110 2440607
2394088 8718885 8704478 3564790 4453473 5230687
9495437 4923822 1068608 1257894 4383142 2469022
1416339 4645477 4888027 2024776 4466398 8823430
8750541 9895524 5476188 8984981 4493989 1397042
4697844 7657938 3078029 6285860 5917624 8571611
9715766 8882434 9329595 7385430 9594030 5165680
4127462 3311202 147525 542623 9261519 451744
6726464 1666435 9068392 2644557 482832 4210301
7454770 8375422 4526625 5381624 4011388 6144291
6137468 4323791 1661274 4486100 8755595 4092555
9933086 9953574 2226356 479253 6170344 433626
3693912 5221699 7163255 3935653 132701 4433003
2736181 3295969 3418496 4338122 9923016 5035131
7314466 9623327 3732115 6928818 2153576 2275806
8047212 2791898 1899416 4875825 9524878 7366730
2687674 5090243 1881688 8307100 7072829 9703434
9383244 4266291 9450655 9342040 7598283 1778348
5911899 9558477 5015755 9536439 2099479 5874709
7636521 9719105 2478853 8134363 3073796 8587522
9772696 4893685 606490 7407217 2026890 5387733
5589286 5876140 2506684 484334 1006861 6306543
238138 9659646 1633852 3613213 9069176 2330685
8020702 5510253 524489 5954972 4151001 8337643
7961821 6521955 9528310 3111916 3485115 422445
3117130 4741238 2493132 8572379 7178621 861530
4265521 9812900 5193042 547281 5452430 3493307
2674359 3439410 479193 4238107 5797423 7221959
1142715 9208414 3193431 5375727 3764250 7850269
4571581 8656146 4003614 6982923 7230388 7438437
3388466 7128697 2114140 38345 3287304 3372219
338859 7177972 8366315 7010147 2526557 3383670
1742274 4565044 1226079 600340 5701342 9250478
9742525 2596382 5561317 4711969 7700500 4069887
9593702 993745 6217815 4683729 4453286 7795951
1360556 8585409 1641900 7300783 4618406 4166287
9538294 9627385 4306984 2793815 5393422 9163109
2885554 7875040 8346829 1595981 1841056 6880519
7281655 9459159 6850134 1341820 7474102 8093374
8582981 8843950 6297680 8352009 4997540 3337500
7097629 2753143 9946854 7248005 417040 7065403
2519296 9499942 7312557 3155625 2906805 3601473
337436 1016215 4826938 5277909 7058743 2579350
6834838 9501048 3862949 8787177 1922916 7719442
9263208 3721959 6764816 5009020 9714389 3113289
3505782 8269915 4293455 4461707 1599418 5323136
4449358 9179151 2440698 9033840 4814697 1916308
3514988 3709718 2370038 5300775 3254916 4648171
3824358 695905 7805321 7772933 1751215 5113433
9714940 6071644 8083989 7558923 9758769 2061171
9927948 8703007 3922888 3789895 6162073 1035768
7032568 2634190 5293289 3732806 7603594 1953066
4994409 9422847 6029407 7617225 5035620 3128617
3113180 3453391 3516975 6766643 8808621 9536297
1198342 1366231 2556234 4377034 7975887 5526515
687268 1535010 9417462 2754095 8386688 906436
6158631 4930736 6445044 1809908 1352697 7673008
3908039 890836 1001105 4766573 5922582 1499412
6442793 4630536 3643905 6807443 3575843 5506098
2008749 7789844 2081873 2603675 9827305 5013262
7942406 8885804 2395639 3511085 7261714 2335131
4592483 3014062 1136037 6905771 6877864 4105862
8157168 2414522 4496278 1276476 2112718 6818047
8740456 731604 9758962 8829002 1517906 3676486
6078591 1154959 256601 6914059 5268036 6338177
3815157 9138800 3618897 3029309 9236142 2132126
7387145 2005015 8058623 9681638 6656380 9103931
8716559 8022587 3245606 4612759 9765895 2067137
100695 8002121 267917 1026529 7272250 6772316
7629147 8638158 1365626 257869 4829330 3019681
8260235 5006623 4489598 55068 4231559 1943636
336137 654189 150436 3476057 257112 2919437
2563614 5503825 716854 7925205 5362982 8073302
7079336 5077870 7330685 7648979 5819553 5875023
3107775 2911957 5695358 7478685 8318134 8045502
4374149 5596780 9451092 9074919 6714644 3646818
7463451 6145497 4491404 3183359 4098976 8028436
8114159 5936786 8040907 1250249 3576202 1653720
7620251 1002532 920843 9615217 1680457 8553684
5676910 790371 9576330 1885815 7715135 1402587
6385835 8575183 5455119 6593599 1088126 4688733
9265427 7691011 2056456 2478889 3889012 4149692
7226733 725611 8331469 3976658 8308097 7845695
512837 2783653 3204536 492678 8703158 1693731
9723695 3569829 6131445 7081195 3602726 3150106
6077843 4160442 7180328 541449 7816377 2932999
9317226 4918460 3999879 8401873 5706733 2361823
65498 6013209 3554988 7895008 1112219 3428989
4722809 9875203 61404 9779123 630594 4248851
1163708 4913740 1459053 659939 5265342 2084457
1641828 740895 8060034 9984850 6973847 6287508
3557539 6505796 8569219 2887898 3493935 4441786
7269995 3568059 1967382 8790520 6655678 2869034
7923931 8461442 4224307 5640063 2593829 2556017
9330293 2722095 3145139 1314116 796092 3201115
5381202 2473663 1615200 1037056 6042631 8594739
3142546 6672325 1031846 5829930 6799977 3080127
810775 6604809 2198154 9810229 1583264 2365063
2048686 9951075 6967473 4089711 6994893 1339265
6641086 3835331 7610358 9055988 8424379 9573390
7697790 1640062 4528163 3927794 5992438 1694311
3326255 4098624 491655 6359331 1515583 4101257
4617216 7877385 8562932 487073 8540150 4027990
3538540 2252263 4867750 5302386 8832700 5791568
6630739 3857196 7582523 2173802 6036948 9327928
4462666 8900915 1040451 7546338 30251 1982260
1505428 3400387 3621758 5202406 6375015 2097110
4911723 4204171 6657973 9290923 2935063 6220697
5307391 8551437 7624165 1448285 9330306 4446647
1585369 1199140 318793 3763942 9832753 2569544
6950084 5116108 748383 5784374 3834137 1623080
4989180 6067631 6552973 8560790 5835596 2646545
8877812 4043573 5735636 3290718 6287063 2747364
2108439 5555983 4524453 8798915 8483157 8339665
9951152 5500879 8439844 883417 300729 5160080
4034156 3235885 6957214 6035115 9641041 5342214
4397037 7935417 9735838 3226135 69990 1037342
7926365 5162516 5757796 6216235 8101153 7631996
7049180 4451135 9224632 6764175 2245479 528058
1414610 2763913 2264962 5948680 512311 4164977
1247669 462443 6561975 690129 4603542 9422557
1845495 7871352 3435416 4323201 4109446 3697169
1552360 9225288 375864 5641372 3483153 6165472
7319813 7189301 4405514 1978893 2035699 474244
7784702 2405696 2651711 6335656 659440 7441538
9259839 5592447 58058 9908240 458663 9236752
9966503 2827614 6612958 8791371 3101103 9553278
2491314 7751236 4298950 8034713 5134414 2621642
5708705 6136662 7979269 2922823 9117740 5154518
1153632 5840710 5730788 8541906 6886288 4632142
241262 49420 7446247 1766016 5951891 6195024
5083062 5614974 9814486 6003365 7915667 2110240
9890758 4971405 3164322 2030528 5046489 7460103
9867937 2928946 4368175 2793244 5157184 3947647
8627983 2330803 6736371 5418439 9072601 8698370
3102953 7238981 1790871 298275 8968218 9351087
2775099 3396575 4657418 9804191 9799174 9197297
2414394 3761654 5743473 7447856 1726161 217828
308511 3066062 8141064 4214323 2006579 7410157
2201510 6234662 585368 4985878 654476 5853910
4618896 1222972 8462009 7574208 3258007 2196386
558255 6413521 3951371 5258225 5052246 3515868
70417 4582887 5798326 6080908 706041 8437560
3618055 1967766 6819522 1843699 9165025 2698455
8965651 6021341 5268336 8154954 3498220 7675306
1839890 9699328 8237596 2618139 6111498 8602558
1525668 1555617 454357 3947868 4865022 6689336
1925535 1369682 4176947 337179 5767244 3307711
6880709 5789584 583220 7219521 3800918 8040236
5622894 7880679 3143993 647985 4323298 8787766
6221321 6595178 1148523 8259702 7286580 5857733
9605392 8384292 2696133 3393658 6092685 3793772
6905021 6608570 1993462 6962688 522073 7473353
6297220 3832318 4519664 2683248 6705955 2447546
7860687 7803862 1122063 7712376 5494484 7493208
3359839 3582399 6250633 2367548 8366134 8225642
5753166 3558466 3510479 5882078 3652190 3522599
7913124 5362197 3710523 45414 7942984 3330674
5255165 4827287 2869434 1567829 4511998 9698060
896053 8897907 8438339 2534935 409477 5768539
7841038 3671751 1684765 9539196 5987395 9282944
3940531 9511898 1854605 5932181 328469 9413715
6616369 528383 7071167 1879894 5088634 2642353
206613 5885265 8534117 1242457 2866604 2647894
9702587 2530558 8077589 1235204 9925429 3291678
6986939 2259674 912338 7408952 7399866 521210
2749946 7163887 540607 4919805 850117 8648520
2987250 5305936 8876546 381543 1611471 8545915
8177605 9751888 4539756 7293992 8851676 5378644
3247694 8826458 6677811 9994609 851811 9956474
4590552 8023327 5379086 4482138 4590888 1811149
97622 6528079 9323544 7916602 9092804 3748623
6876163 233852 7464949 4494986 1646857 4644004
8756558 7483048 1433542 6701640 9875894 1246025
211858 2757555 4949632 733143 9082758 4940661
1796696 7638490 7482128 5815417 9202927 1886025
6626051 2577665 8390690 3985516 890146 158059
3898390 9371535 1835178 1909434 4141389 690123
6285140 9768161 6328139 7607923 5827384 2980805
3307955 1840482 2141002 8522304 3827395 9301494
1077850 1073291 7530633 5324445 9351553 994382
8870043 6743372 3720181 6458934 5413413 1773412
6586622 4808345 383931 1140311 553241 4961166
2455123 3479139 9060017 268724 2267830 1787586
7727337 3380662 3899663 9801669 6260389 330457
9709880 6535468 7896982 2565799 951678 5755701
1442756 4779212 316694 4170582 8464836 6494168
1654819 2571957 9281125 7961354 7194492 7466698
5350909 7494899 2247905 3467403 9636510 8452115
125761 9541447 9938745 8788984 6657154 557733
4508587 3552709 4402937 6962526 7549800 423882
9085973 2008410 1793474 478036 7475971 8638283
4866882 3245058 123478 4751901 903946 7367452
2086481 1541472 1012958 9553626 3491255 276959
6912065 1946100 8330513 1985249 9737614 5311251
4057111 9965607 8615654 1277356 4575224 1299801
3971625 7586401 8976222 3555443 1603278 9356112
3910049 5370037 6086343 9011952 9410512 7418898
3495423 414361 3069799 3745726 4563545 8372554
9755965 7033370 8176814 1540802 8668585 5518209
9261636 3589160 3783918 2811999 8987059 1608183
8407382 3431400 9363971 5587163 9657921 6116660
3998578 2448848 3438871 3004296 8186852 437472
5644492 5163380 9896680 7157430 5951206 7033056
4060689 7661224 2071133 5926804 5780726 5867439
1772952 5707812 9189518 8395895 6130536 6524464
4085039 6711336 7301 8454695 8161579 5106628
8721194 8945734 7185131 4866206 5079581 8496624
4977847 644640 1567739 3773694 7985149 7821293
6558327 5981994 2933326 8178930 6843304 4290596
332798 6008307 872289 38423 3372636 8581438
754681 7562439 9003070 1220080 6860666 6369055
3382837 3736692 871780 8171086 1433535 7035677
5826435 2156404 9852899 5852513 1300963 72146
604448 8509647 9018783 1379033 4979215 1249325
8509666 6145019 6343984 6375433 6438049 191355
3531295 2130314 2652758 1702124 687221 1327827
7134583 4985207 1837608 8028924 6421675 9021927
4603511 5723903 7472011 9455030 413535 767249
6689104 9400641 3933205 1887168 4556362 5469799
5779178 6634380 4754792 7881409 8768778 8893485
4545044 1784642 1148222 5934623 3140768 4903820
1757456 4592765 918099 5354026 7410682 5111831
2493546 2781578 4988789 4523747 278165 5581105
8474833 9928164 1769265 8344247 5851397 7695137
4190993 5042171 1529217 5102166 2943396 3431943
9535233 5147673 8815605 9318056 394791 7446157
3864715 5439482 8457246 1556509 3395197 6515832
7487254 7150003 7201474 6290569 2556500 4708785
3335041 1901394 8344734 8298005 4741306 4831259
6895138 4573411 1500523 8397442 265383 1589271
6859553 3758007 4495003 3418288 692296 4195440
8280765 9725268 9543578 789154 1513904 9085530
8844955 4028583 3174149 3052867 2040853 8153924
9777005 1979865 1042566 8898906 7961754 5910248
3357927 3958461 8996654 6455199 490185 6995983
3491036 1431316 4209732 5979105 7237332 9724858
7348193 3055210 1189943 3573620 2852140 9494382
5633737 7193280 6825892 5082699 6730158 3790204
2732982 8346177 1862547 8268303 9279601 3397011
7440722 8956977 6758345 9238672 7305609 7133402
2769040 3422912 5915130 5446473 8571814 2872894
4804441 4857596 4843079 4067308 3983943 8115417
2186523 665184 2074878 2921072 7752752 6801225
319468 2897567 1705125 2737236 5413225 9781968
8935296 7433742 4502834 5130191 1848352 6903761
9298280 3733959 4415554 1054657 4929913 9684703
5985478 6014736 7971497 3217226 1880606 1609194
8061769 7473275 1581338 9515577 4113381 9601548
958196 6796107 6505083 7674573 3815206 5307418
6300637 3014637 6596388 7799901 3121552 9184720
2469424 8993417 3130241 5562594 4525954 461
6715588 7885648 3355737 1874732 50995 7969015
76745 4855889 6347413 1552008 3066232 7882365
7061316 9425419 7938915 6959439 3248472 7780355
7763818 4244154 9488723 9629119 7273679 6136379
4006274 5093691 2340415 3971487 8066431 1290161
3361979 3002520 3955824 4586405 1084858 3041912
7025332 1316041 8984953 1144117 3108440 5627588
5589807 1630760 3189838 7429144 1123749 6861021
3295297 6593271 7738122 6605720 6236523 3616452
7651730 788241 3533401 6230377 2194807 1326752
2303769 2556279 1214301 9193451 6902918 2200183
5141733 2474325 6012700 312170 5168183 8166177
5807269 3801726 4747446 2625361 399320 368194
6543149 492532 1165680 1207305 8117274 4552410
7841610 6208782 9693417 7633736 453923 6289237
6808784 4308907 8112445 118598 6503545 6696554
8085459 1594377 2551109 26658 2927726 1637198
2361586 3391929 7507180 1232095 4503426 1584778
1440238 8874619 9547283 7564060 8362428 3006354
7352596 6458226 126669 6627875 1093765 7422245
7913044 1589945 4829756 1941521 5236703 6379919
8750688 9425514 1765931 5175870 9540213 5477487
9103838 5184932 7327995 8114457 5029695 3280007
2064983 2092953 5660287 2638297 7488978 8597615
1445630 6155376 2787251 8667042 5646409 1829808
6938854 9487775 1128509 3075403 8978765 6119833
2183289 1106819 6229538 6771446 3529604 4220426
9563971 858930 4912639 398337 1604187 2404135
6087151 6908428 1388904 7682315 603398 6353562
8936693 4003106 3996207 7359728 9253704 684832
2399402 6010367 978444 4439259 4417169 7161176
2777492 9214936 5454531 4853035 342580 9988256
9594565 7323102 7737718 5781034 2136033 5251826
1954314 8016689 7188047 3704845 4144375 3283056
7840585 7368464 2948126 95537 6390863 4022023
153786 2314073 4534973 1532855 3858689 9582934
324642 4796789 5327582 8553431 7344582 9791424
2465933 6233534 3188603 6719055 6392574 3797346
3100622 9338952 3285240 1009508 3659564 6826761
9392002 3683739 4151629 2596346 9387087 3324740
8248996 7322538 8835501 4435943 272450 1668480
7339264 9697302 3123880 328928 9207317 6732472
7874188 7376379 6022594 8941317 7675851 3250844
536489 3434911 2739184 6836309 9060694 4248106
753249 648566 6381635 8680159 1060489 6898452
6760232 546413 1743710 2937030 9710072 2590015
3903165 1273170 5380389 1070630 3109330 8114299
2436710 4378243 3603865 5991648 9059199 3789097
7562947 9578505 4060168 7326206 9029785 3244218
7129478 7684042 6778976 6504796 2487676 7376865
3354871 8813619 4541371 6871547 7227086 9417509
6137561 4218284 8302743 2232155 6652945 7099555
8469565 9092959 5671361 9764185 3144581 320884
2823721 6815652 9478625 7565596 1461 4459221
4840933 438858 1366298 2530075 7366158 2371002
8178886 7558891 4067711 3239078 2045563 5825874
5422025 3753252 2664982 8683653 3396599 2086611
7918098 5856440 3036761 6263959 1266224 7572160
8940578 2615881 331180 7482144 6013590 8669659
8621482 9635415 6693292 5041239 4853614 1732227
7799352 2733734 5276085 6836498 2740742 7699959
162192 7614161 8947765 7819467 4473913 4328177
430917 5947514 1093158 6858392 4151279 9155585
7847184 7870622 5452638 3061520 7924665 6576593
1660559 2685288 610613 7305742 698859 731470
7833416 9299318 5421573 9853891 1155282 9842207
7749987 453793 6023629 9697156 9610361 5903755
4155957 3026708 7357302 5376057 9591179 4242070
1447594 7780460 94670 5050648 5483848 8603135
5241144 2469463 1711971 9498237 6464488 7956968
1695197 6178447 372022 9288663 9993227 4943282
2452043 6588510 2809872 6146882 1085816 6921701
5692179 3207563 5613117 2636341 413712 5609131
7928844 4102792 2918632 4450297 9304602 4278198
9497807 390511 5481438 8201456 62508 9249695
780882 3049140 5203544 1284701 8895586 6935804
6499153 5740458 6995420 9685091 3785879 9844480
8095068 3998027 4708532 3515687 2172222 8511314
5733060 8511906 5205391 410197 8712510 3599175
8441901 4348774 7541732 4241104 7340226 7419009
9023588 514037 500308 6588856 9132391 7784075
3304463 7007640 3192562 7108288 7812125 3087388
1556303 9119214 7711353 9757400 7299643 3236592
3196253 9142117 2074602 6996935 9073491 127366
8784760 7113707 6674467 3866267 5085379 3656737
5491813 1072715 595092 5780091 7160942 1703541
9940367 5079184 7401846 2598075 6117603 1433511
3892950 4000531 7497864 6369634 5552438 1698798
4247578 1120508 6938830 363845 1493185 7179396
6594074 1335719 5847706 9950117 73438 3423758
9314469 7889177 8960988 7352714 9699331 6859143
5343602 9832652 6632560 7186511 1789332 5530224
5655944 9578228 1830021 8391465 4643754 9551985
6537886 3065238 9643643 6535159 4339853 9227323
6517883 126753 9243880 222072 4875152 9304454
6882908 3239087 6442478 5425067 271594 6908451
3725718 4073412 1627821 506215 9924628 5540299
9316884 5633186 871324 8875276 293846 4591575
4125604 6189893 4450265 1569313 5980214 3351154
3548974 3244657 7752186 6206052 147418 7779255
5858490 8722415 8544893 29822 961737 5803851
2738586 3479345 7804221 3078133 1514931 3940534
2846598 2648860 4133381 8887337 5793785 2657602
2210883 2829538 3904001 3059053 5706413 5399494
599064 9922274 1523119 2803634 3554046 5602599
4184090 9504355 5990325 1626825 6425998 3949957
4403756 4333541 6438811 6113203 9107580 1946964
6994520 3949400 5206509 1610323 1438173 2581248
8720454 9049696 8205808 4735300 8359279 6542632
3861638 7769763 439449 8484353 4718394 4967243
1496812 8479342 9487616 346033 3494822 9838070
1382762 8450505 7888701 82793 6716367 3039545
1662303 9400338 3538287 3889663 3555328 5737476
9668421 764119 2646501 429133 2595262 4909813
2316914 1280994 8601944 1732669 9691501 8439094
5434028 2356217 3525587 3415298 503865 3188749
101020 2991698 3268069 6669797 6103517 5268566
2243741 2985980 4329482 6588900 327744 369895
6754169 2977126 4667485 3951258 2206119 9818563
6712423 656775 8991340 9380918 1493998 8566362
9414258 9035924 3217069 9653218 5146430 7539838
1627063 2847365 8775932 2308776 9496253 8091857
6894199 706316 6646522 8587599 4599968 8987146
4566160 6898119 8962570 5801486 5361552 8404732
3184456 6145320 6464137 2693784 2417108 6389115
7424750 8005806 2540049 9628914 7490202 4064687
6331920 651756 8635562 7487852 5473135 3308122
9914359 2456899 9275748 2300183 4378958 1195611
834706 2953092 5629885 4425608 5642665 3348084
6237208 9643809 7890462 8405426 3007254 4641323
643628 6289577 7271623 3586240 5765220 8097336
4843317 9285358 8987890 3115763 8311757 8188692
9407185 7555324 4797314 8552179 4881187 2297138
8405492 9801219 1477845 7180034 4889548 5991505
9761279 3233798 7938787 3638378 7136124 8634489
6977487 3552126 688044 4759963 8422630 7319037
1911455 1501674 8289233 575379 941904 3235730
5355147 1443520 1784984 7033141 4588244 1661371
9583070 180982 4605695 38681 3488503 6016851
6023966 8750277 3918387 3996571 9899270 5706411
2784485 3646547 8515431 1389650 7367360 5546933
3136324 4200982 8088049 4620904 5235378 1770587
6440445 7402683 9649564 2339611 8970940 1982995
1329611 8922511 5181911 27280 8992142 6316365
8146333 2362477 1799541 671004 1256067 7927740
6947278 6986202 9835136 9933488 8890325 5668990
5156445 5565951 1470006 7997174 8427130 7552700
8553581 204663 8398011 5365591 7037764 5258540
8050964 6521321 6519221 9318272 6912943 3646099
4288868 6849251 4200513 9062727 9723711 4833672
3693517 2266384 7238722 7004577 5294789 6407000
3311091 6570733 1855382 7229905 8938547 4042746
2373943 4813286 6497436 5950782 7739091 1821187
6762210 9633560 3447823 4086701 4226367 6441368
3357263 7966488 1261678 4899249 9946176 9595522
1279400 2352437 7808553 1568195 5545837 715727
5508053 1037823 5620190 1294741 8223964 763395
3891899 7831925 6045692 4526071 834392 9798636
4894223 5231293 7529001 2894179 8272538 6419999
3268873 5211821 3058074 1712580 8321905 5674536
8741990 6692131 8188147 8802379 1400473 9830860
9519492 9094756 8634429 3105416 4706090 58800
2976191 1074624 5748548 850588 5731674 9968897
1297924 3091743 5404488 6462043 8020327 6544721
1515751 5248668 6683053 4748163 8515332 5537484
721265 6379503 7525880 354340 6597722 4416109
6189684 8264883 8580006 4551711 6712941 6257030
5350199 8398598 9222062 5533954 2053042 7875752
8617954 167249 7775071 2230981 7519861 8700987
2967034 4719398 6767740 5684358 7569153 5857351
9472838 4214225 3940968 3534189 3216660 3244179
4126218 7700760 8865686 500234 9905806 8375196
4374358 8874153 9144584 6296858 1426272 724279
9605533 1225735 3343418 8864600 6570918 6526256
304161 9859372 4015996 274402 178481 7583263
8720335 8692337 1158402 5893543 9398697 1615690
3874922 985460 7212448 6867329 9790979 9523953
9335403 8431947 6085592 5600738 7000678 282514
2141471 2133000 7861089 139395 7067354 8568282
9905443 8715102 8679239 4942168 7650412 3203071
822344 2584018 356584 8419271 7849392 1662631
4792197 3410845 4619688 1427981 4454926 5236309
3340084 4850664 5797344 2422608 7864230 6471272
5348786 8113465 6960433 2950738 5928528 2374243
6002923 6072050 3961627 1787088 1125161 3503621
1829009 8153217 9529 5827602 6501504 9192341
6134100 7689061 8898339 5676038 6243262 353734
5686564 3350100 8801868 2853853 243135 399724
138920 6508738 7255893 4951697 357766 4505395
1999269 315302 1179493 9100238 1787756 3797139
4938252 6247593 8091671 1038706 9489369 716949
1677156 2843284 2575659 1258639 7855001 1070471
3990163 7246412 8430556 4801146 4166919 2065015
8601993 7225937 9875911 9635501 275213 116205
1674157 7954960 7277404 539263 3535616 6059281
3487355 5121906 2345927 2750742 1849841 2701651
5652730 3258620 5186771 4697121 4803628 2592979
5053103 4142562 6895336 9299886 940459 416144
3146290 3803148 1728052 9875884 9032079 4745999
9876102 443832 4775992 1440063 7910127 5785380
9655359 8720197 6525148 5555639 2704779 2674559
7605303 1323863 3292729 2809840 1115273 3586678
8873664 5296938 6476018 5862256 2355219 5778979
18364 8755110 2615 2011674 2464243 3170713
3994110 4237257 5079700 2927209 8256233 8827585
5432935 3210049 7539983 3947757 8004068 4199077
8123226 5772834 8627217 2425851 7364480 1838392
7924434 5232294 3208566 8530043 8575190 8799809
5325840 2103329 6470355 9722773 3067510 6742136
8379256 4273160 7773215 6019924 3379971 1231816
6264381 5787203 3663421 7899317 8422465 1951029
1382051 5098673 8808649 4678659 5565775 6310573
5948794 6998145 3371893 6228454 7090979 5921750
5599065 9467503 4739716 9241350 5334421 2338083
8977103 8185019 8352072 6542912 519359 5537360
6823769 3434510 2234557 9938593 953485 9399761
5668940 4962032 2738752 6120524 8188247 9487530
2896753 883350 4631236 9447133 16504 7522475
7386793 67882 7791467 804177 7295634 715273
1763369 8484857 9730147 7158542 6663405 6775412
630981 4375707 9828566 4249839 4322207 6631813
7846740 9686231 5361789 877704 7116446 5127448
713582 7487300 5139310 7559813 7996268 5477032
2097729 9687211 9232780 3029053 9318001 2679258
9588819 2927823 963782 8062701 5893555 1638857
6751140 9428422 5998565 5201814 5933122 2081784
6515054 5225210 5867958 6782616 7487713 8474280
5857169 8415259 7804576 4993973 6781517 9772322
8287910 2870424 1496937 3956369 3488900 5910745
1043256 2071409 5170857 892012 9867140 9233073
2819751 3812292 8194432 2832452 6287571 6030227
4871841 2489749 5733463 8083574 7921095 1439597
8361166 9358077 1187949 7812685 6905286 1133777
1895447 1230834 8797631 5848286 2230690 8742075
1961631 6336576 8509951 8849546 2148198 8833000
7309728 1553302 7317904 6551793 8737304 6260880
3155953 6299803 9306571 945873 2524961 7318224
8523955 7023611 5470534 9071904 493363 7500722
411619 2153708 1530851 6046802 9386415 8348525
9538748 8591683 9705415 2817480 8833427 3964807
6379089 3802495 5888478 9458732 4686300 8775548
8983886 8590761 6443411 8946389 885151 2474939
7113710 1411432 1578860 3515797 8062840 9826769
8725225 6531621 4432956 2702550 7983329 4508569
7670888 3736692 9936850 6798787 6538087 2170566
950622 8248678 4159848 9109292 8127897 1203467
9995305 5447725 2429810 5801616 6712199 7636195
1873109 4553073 8448514 3560697 9398683 2054352
973014 2395704 9979192 5805231 5783778 5069248
3876207 9260315 561498 9887091 1270539 2347127
8868192 4637005 3083571 8659368 8495561 7506706
9530776 3701246 7940037 4169479 2467089 8942993
3727193 9801330 2524942 4636352 3275028 4156488
5032215 7839047 8463010 210414 4752160 5575624
5513920 9472609 5621505 5064786 1865561 8069437
8704643 5010534 2207555 2568713 8599925 5049286
6178502 5534336 5410320 7797894 9706499 5042473
7997626 2442370 6598700 2873425 2002816 6565421
5179272 309061 2916542 2201545 5016070 148512
3019451 3771631 2665080 335349 800172 2083461
4337546 5017727 952593 851 7020171 1292850
6182026 953558 2657425 8658867 1929615 256079
6933899 3912257 4395586 3441526 5390122 6838232
6669855 4834622 4970085 446681 6877684 2546111
3754119 7806526 1820708 6009964 8272222 8030966
5588732 7141417 3840021 4054203 6160527 5675481
4095487 6963428 4210207 3148152 4829629 4759865
1786542 329355 963609 2358705 3910299 353877
1934333 4203007 4184983 3107890 7579966 9749476
6463094 4123862 5956633 2937259 1194984 6814053
6089803 8236375 4958800 1701687 985855 6874326
5133266 9057524 9679203 8923414 4451847 6023675
5482050 4070100 6265077 3671870 7125867 4434075
9740824 9928143 2756898 13170 513759 328570
8116194 5163841 3756488 975417 5827424 1048253
8310186 8536197 3409270 3049334 15466 6708808
8019287 6986062 3657218 8019635 7129408 8171271
7896046 4138424 9347198 7129948 5962225 2955556
1273558 9063322 5362614 2749509 3846412 4922570
7178310 5412758 293635 871175 3038573 1548322
2484816 4024599 8438293 5257589 6267544 6063078
4567604 7588201 1670327 88281 3827835 3828071
2163777 8587466 1035331 3957167 4183811 4232216
7812381 1141373 1034726 8292454 2604453 8445856
3688510 6140564 8085811 7393272 2505486 5701619
5977099 1423471 1182011 6410420 2641255 772522
4973838 9565092 9751140 5000502 4287483 9374880
8499505 251400 5114198 3457561 4196399 845800
6224459 5438300 7472455 5131040 3285831 6649734
5145580 7134498 340360 6884101 4827600 5973804
6525952 4565069 5234515 7587897 9209941 95292
7861146 7716949 6220354 5436908 5340850 8756866
448666 547409 3186035 1997483 6875956 1956102
6852335 4099294 3105610 5308025 5603722 132647
8904242 1081101 1245085 485782 8622319 4658487
5538672 6637638 9240796 999614 5544010 1892727
9848242 9560319 2164488 1915627 5764375 1197462
6604732 9735798 2739928 1596818 2413902 9051976
5794079 1282299 2142901 991427 1189711 388194
3705897 217657 5251755 2121747 2920400 5539187
8748094 5088879 5707271 2837396 3060442 7494639
4790949 4416168 3370827 8135517 3354155 2479715
4223175 469719 434476 6859575 4164478 1006164
4809772 5586787 6425220 54533 9381366 7197029
8169858 5481803 77600 3309712 3402307 2859401
554991 1165227 4586038 4620406 4863501 6915126
9385079 7719521 7657669 4317372 4685634 1098645
6932114 3731529 4406006 597412 3629733 1798304
6308752 4107158 6540252 5886173 6610983 3890114
2607399 8027104 4098807 3705916 9087747 5868264
9965177 928254 2008273 8566766 2056745 8483235
1499791 4297848 6636550 7243782 2718759 952967
7756686 6672972 9049671 7612460 9858660 398172
1877413 2363764 5800182 9243568 965309 9120777
3506279 7087558 9169255 8789140 7908374 8173359
8570626 9246309 1440440 7938236 2512067 415299
9711478 2892317 4005415 6047725 8318657 4921131
8366746 9726625 2690876 3841902 4290657 6138827
6368304 3421820 4446316 8885013 6080167 8695137
5395568 8854834 8187036 5768345 4885988 1480802
9370108 7039997 6549410 7668396 8516318 5430059
5875719 4471385 8970665 1388853 6897288 7623091
5437149 9616746 6436359 3745914 7627216 4282899
1056698 5329967 2958332 1366126 5813310 3897590
4488814 3125519 7643139 1929817 2096133 9572303
4148566 9018211 1449806 9011859 3786573 8962230
6899657 4710011 5236154 3004530 7159889 7516781
8964182 6947169 1369088 2888278 7427220 4797203
8771272 7101393 8050013 7196565 4342840 8729727
6170193 1947890 4589845 1182640 5876080 5571549
4726289 6925360 9362119 8104419 3756157 3637465
7823725 5550188 4540170 3244192 630529 9867160
6920093 345340 5561920 2369457 1894366 386770
3955485 3518302 4238042 1160895 4246209 7261319
440484 5604707 9474837 4804190 5831811 5036412
4304662 9203952 5199230 7440513 3025091 9952595
342811 296670 2906636 7983674 2328472 7893563
2062840 3852025 6730444 8032201 8673364 1367860
7585923 6974511 7246134 7801373 3665895 2690057
7657192 422889 6155359 5581220 9276149 3349938
9854970 7019610 1689412 8666527 5315550 2797175
5393407 4113711 5900298 4520904 9165350 1777817
2140822 2880042 8208764 8460060 9999798 2768177
1221431 8186310 6966343 7425428 9259163 4424388
1035448 3925714 3962127 4762359 4791709 8116623
5518571 6067144 4473795 5658095 2001911 4919894
652859 344549 6358825 465406 3223568 941969
2156940 1383464 1336358 8879861 2650416 896602
107526 2602927 948756 5708219 4367912 1244669
5935489 5792281 8620084 4804728 8072148 5484341
3878414 8281449 8522112 7964309 2945090 3614151
8957818 5800082 7978280 6981378 6375401 4242034
8582586 2963507 3047379 1815242 8134805 4984484
3417366 8098186 1772002 1508562 5600913 4301861
642392 7503782 801322 1526458 9920641 952701
8346877 9360718 2551612 3543602 3313985 925932
4064890 2226507 955577 2596136 3425004 6623530
6465876 3883291 670980 7322276 5365047 2056153
8261918 7172170 8952836 346750 8275456 9607145
9972511 1951812 4857827 6530418 259273 1592845
5962433 9111052 7142572 9564151 5686204 9990889
1619683 8777329 3975615 5433392 2063165 4498739
7210890 5882989 5877743 9659587 40981 961126
6296016 5818319 1758259 5246593 6816921 9639717
216861 5337553 23881 2589386 7020978 5675800
732779 9844907 7420493 91690 4992277 6729225
9829301 7161548 5961017 6944233 7213568 2609440
9496279 1952144 724495 3785592 5953751 2413507
6803758 2566785 5740827 1943120 1648597 3182594
2433431 2801577 4848142 9113616 2228185 5650903
2634699 5098657 1454910 9686886 4734612 9628858
6537194 5064823 12198 801642 7169278 959378
768733 7543331 6765976 635194 4718587 4076554
3613187 2414143 882055 2782034 3545727 7529411
3871815 3048786 9516950 7888318 5424972 3310555
1162741 6859739 265240 527569 2118313 6737413
2626112 1555707 6697472 522484 8580787 2566318
122567 3156672 455929 313945 2520599 1335296
8827070 6993437 5187281 4172745 6948599 6413540
5855710 4097557 5191585 3218794 2242923 5695731
3089502 3600749 1070039 4055338 817812 7959262
8149796 9561198 2057887 6611628 6466072 8674988
4467699 1047888 7208432 5196475 4722485 4829069
1611346 1240414 2040089 6862474 5964937 1907365
8574276 8489236 7355793 1168906 1542671 2474076
3924840 7505481 8877839 1479020 4879499 5117457
2630065 8298320 6188391 7717471 1232054 9305401
6703759 2137522 325191 5341794 2691084 8851936
2003590 9180958 2754401 5167221 8729157 8212366
4600100 4480227 5723223 8190317 4853814 1549561
5990471 7918513 3010898 9445806 2841729 4776578
1885649 4836593 9930438 1466896 8667157 8533823
4587470 5179340 4967838 5619377 9425783 3523066
8317974 1404381 3503401 9694808 681484 6786082
1040173 4425687 2154010 3147682 3707016 6256531
8864579 1397799 4048401 6160388 1631594 5507337
7136958 4314595 9750219 1449372 6382832 5025703
6004831 9144930 2147404 2500480 1308413 7295623
8495926 3936246 5157332 2724955 1338614 1123774
265999 4154198 3136778 1323732 7447887 5133682
4517743 8812908 2236499 7649604 3362463 2092729
4111554 1098034 4692730 2806294 9692626 3314945
8888637 2005527 3953864 6774207 3379558 2354580
2173106 3793703 2186179 7300595 4707322 1276927
5049325 3883389 7319470 1232699 6505121 2244085
3711758 7871489 1820502 5457867 9878992 2376973
6192487 9570843 1164816 3987835 6470713 6691730
9375890 4213459 7464263 3436491 8382590 9895040
806739 4278893 2261362 9552449 6535239 613721
1344678 6318378 5930792 7095468 9077438 5999955
8539586 7013385 6665233 2632741 6559305 7223963
6230885 8668019 5962112 5036012 1731179 4080916
3167372 8652061 5076951 1896920 8682898 6842174
2590890 463542 6355927 6013988 3387476 3421386
738286 8057420 988407 7109281 5848276 4900197
7640941 8140798 3193049 5495798 8194025 9240373
7996764 1334799 4958331 6098283 1132613 7630084
5302266 9775986 7949371 4673324 6704862 3860480
1332531 6153573 9142725 3921253 8740825 6180792
2752826 1082976 8393898 607933 4399935 3731315
9668591 3549435 3423232 217382 2178324 3329642
7428535 4294536 1064203 1903944 9829951 5105495
3591621 8935734 4187796 2522535 5559958 7939141
475960 7608985 7896355 2602955 3731611 3513641
5541459 2487657 6638642 1871761 5689728 3425452
9581655 6698099 4608303 7934922 9267991 3038684
7931138 585602 2717896 33382 2696808 5507155
1392751 4617949 3738722 3337520 2961155 9920665
1208963 4475378 9578459 358873 6724670 8923243
1482723 8557222 127023 8310852 3962485 9892385
9088066 5150643 3831310 7842635 1752904 4580612
7093723 2925320 5918344 859625 8313115 4726848
1289611 5811266 6556636 3919040 3421167 3723791
4896485 2176560 5479162 4134979 8055081 3677968
3159921 8619743 3469928 7195599 4940355 1086838
1188371 1652307 4039670 7012629 9570647 9593565
723175 4452684 1619601 2055432 9484390 5564266
1019508 6468205 5168986 612097 4272807 4421337
7129781 6061258 462473 9951991 1459151 3775302
2873150 2136426 7074008 7735871 5138880 6458505
4305212 4916450 7192003 1266095 7736542 8173146
4138021 3530351 22022 8660130 6646733 5269541
8475467 575350 5327274 5828412 2832386 7385646
4054468 1702073 6269584 6128513 4751556 9922901
4669911 7546180 5673308 6498447 72478 3274648
6800079 5200357 5394342 7911094 7193347 3126934
7725831 2700245 3770816 8741932 7088322 6886762
687552 5382987 2385215 2694878 370210 3638762
6246757 2688352 9833283 5494400 2975756 3803841
9133346 4980241 81384 1045076 3950300 1572231
7902809 8970186 7449795 2188566 4339331 935825
9449478 2571454 2249715 2289009 6874051 8682153
423712 4070942 6330917 6413099 1798664 5262487
4693361 2924976 7405573 8146737 2876812 2543122
8838956 5748168 7524568 1044171 4342058 3672541
1297333 2505094 6214038 10695 9526978 2618529
213157 3141849 5491669 4045679 8582926 1584054
1832030 7774262 4378992 3349182 1264303 2267881
9627795 7904475 8891446 9031489 3855755 8413937
2208909 6137321 5384216 9665722 8544944 7453389
9691317 4168589 7705907 239952 7658885 8854960
1776246 9154034 7984125 6336436 9236649 2478810
3228685 2539237 4949765 8910531 9523805 5904912
6879752 9011733 6122026 5849405 8149211 1434674
2929774 5680008 2505766 6177803 498387 8081361
9958812 4173031 7701527 7308641 8002436 5419763
3633628 6786833 3096324 6082015 4719956 780315
222688 5332382 6952529 1752429 8436695 5210910
8458162 1918693 6348575 222650 5726861 6274716
138318 4442274 3510813 7274835 1905190 6428622
3862626 3164239 1186788 8950468 8421481 7066663
2524270 6740113 1593835 3905690 8492082 5253343
2613660 4862227 250851 7401558 9832929 5348167
3537020 4210504 3547291 9596431 1414105 7482905
5228345 4496810 4081585 3486283 4691096 4716362
8916548 5247471 4080470 3439044 6730810 98
553424 2696729 8202439 5089983 6561733 7742826
7983595 2222292 1849503 145958 3058223 4697307
1109114 7112293 8491370 527374 8507286 7419472
241379 1074049 9990569 2455128 5521226 7560000
6532326 712145 3081371 8196329 1020556 3938392
9000095 3178449 7440872 4657235 3583102 4028869
5386036 1941950 9935286 9092034 2305685 3202306
3163778 9397410 3403362 6452442 8159072 2936904
8767477 7838466 6116591 805039 3468947 133800
4865230 8466238 5051357 9637623 5724030 9032749
5720787 1657947 2030020 3278643 3362705 1198712
6914754 2247199 713075 8458923 3637806 8930536
8214301 429883 3508509 3608307 9669434 7113460
9182984 2839290 2293103 3269051 7132638 4456059
1232578 9434667 4422111 477117 290286 5450115
9024933 3254562 8067670 3703933 4943237 8499957
4154237 9520533 5860721 9420094 7313385 1443025
7482400 8528470 3798091 8078980 2177509 4723182
7019112 1932754 1272089 9099055 4125350 5641573
401629 4800608 4031079 600889 9187750 1416823
3089805 2181777 4389274 296654 2295957 5916448
7895232 4479154 3737365 5800232 8509491 6477826
1281356 3709142 5666867 74390 9311670 4480210
6483377 6857899 1309281 737366 9244371 7927165
6006690 9140960 6744781 4852622 5471127 8445188
3196122 3499931 2936158 4873639 9284797 4196882
5331201 9664077 4275880 9606699 8949316 479210
4088118 4526014 6748080 6578474 8212977 8386402
6512650 4684579 146950 8740219 524565 9456745
8190338 6984921 7831775 8611263 3272006 6790931
2348285 1866232 5879627 5016710 8578050 3854635
6542932 5396279 3629493 6313015 1387952 2672206
6898947 9292562 5374130 1938429 9358156 2938907
7257296 7950373 6653129 2578693 7519576 9804795
9398924 7513758 6500221 9289317 7716591 9229026
9201449 7903774 5517162 7207394 7503398 7452302
671804 9765896 5962467 2441876 3923503 5559491
2037096 4239277 1344091 5059765 3945079 8371913
5598649 6062838 3134316 4580930 2187341 6093195
61646 1042143 8111446 3111447 6121740 3044770
6241474 8004793 5062409 6341729 4590873 1805312
6373366 7267056 7678929 3208851 308676 6140160
1616548 2148838 7723376 5396900 4746286 4456410
4140554 3667585 8651313 6068741 6611950 922211
7626532 1515230 6946467 4520315 2317964 5844522
2610031 5834455 4879879 5780622 2907334 6438991
6390318 413010 7579911 3181117 401145 1360512
1554960 402345 6531993 4088290 3334901 128790
9997772 6606477 3336506 4293236 7765091 3836229
3283682 9930601 6759759 5986896 2137285 9050647
7180987 2142444 3544108 5699919 5055012 5949256
93578 2325700 6631706 8241580 6852064 7982841
6878223 3100265 1015659 381558 2562125 76030
4451829 7246068 6760024 5172831 1065122 4292105
2063746 6163511 2985805 2698506 8845787 9848249
9878897 118283 300665 5771472 8938425 6757685
1856343 815851 3204398 5049816 4063019 5126481
2661219 5240945 5325528 2582563 7259018 674162
5555356 4721054 173449 2903219 5084164 3492539
2381779 44624 630282 3091211 9294983 4517259
8928169 4625928 3709688 6691093 3083122 5353543
2835137 5913498 5676932 4403518 9785410 9293483
3580118 3193631 3917157 974398 3566625 5694982
7179329 4174735 4376388 1425083 4572918 4058127
4276029 3318709 5706700 5664087 7089475 140254
7107336 8528896 3554590 7512537 1591205 2739195
1184299 4658890 8641122 6877065 3496515 6038065
589943 9738046 8129265 2012398 7894452 5135690
7867356 179961 7050532 6874864 2801914 4237171
4491743 8354030 4070721 358021 6300171 6455010
6217168 9109300 3476870 8567433 9477870 7518603
6979086 8668340 7678892 7012851 6744803 3561385
8946189 2906982 4359389 7796370 4882038 4682863
7733775 1120347 6555250 9624740 1860048 831985
8279157 5557110 3919190 4968808 6822923 3337958
2053561 9183265 5884602 5224039 7613535 5840339
2074558 3199160 4813293 8131391 1842251 9055665
7107511 338769 1216971 6257944 4608235 4343925
4695305 1990743 8669919 9449121 7589774 7787080
8971998 6210790 2910389 3080807 5921501 9705245
4097394 6062751 1817302 1386344 7340426 572168
6454605 1627680 7582368 8548439 2164269 8631404
7947823 2157010 5753380 8147397 9177624 654191
6470313 4085871 924436 3101561 5899563 1675355
2502368 1981736 8281971 5802262 703555 2363340
2607686 2602645 4414809 3322806 7964953 879448
2462612 4224573 3838066 2132119 9119390 1660163
6583985 4862709 5423434 1180806 2510182 2053355
138375 8842045 3102571 4988287 5733435 6752597
6899394 7577411 6893730 5453494 6412897 3482651
8302533 2784885 6878369 4460837 244407 2922147
1082357 542567 7594137 7212661 4128489 8553858
6421952 4838137 119406 5906595 8799819 6991392
9068523 1347004 3936146 3795886 7058421 793244
4424099 9576301 4450238 2098070 8935618 7507391
1433222 8266066 5726355 7674947 1073833 8011605
2544592 3916618 5899538 4521997 3099302 7629094
7614954 7356004 540095 5051344 7988504 8857222
9575813 7901567 7282292 6324492 3058368 75609
6829281 3809353 4241761 8072835 8717373 554140
2696338 1885673 6347017 7267041 2636991 8614633
2171351 3561257 8321320 3227141 7458185 7276029
7793395 103756 338447 1285519 5184591 8182590
157125 4295014 9990651 871565 2965573 2934263
2177757 3283305 6222391 8210500 3518994 1202451
6253684 7386230 4001158 7090717 5885582 1191074
7619341 209969 3385616 7085475 5095834 8220718
1037864 8791910 1621450 7155090 2362368 3926422
9848387 7315689 3279728 3316072 5528897 411572
4543190 6489782 6467279 3719764 2104556 6469515
3425446 2708154 8664234 3970080 1052825 131831
4652190 147150 2327193 7368683 2173842 1093519
7420692 2540918 54047 4146248 9323680 5830741
124133 2311745 6813125 1739120 5473082 1550374
8309917 4749574 8715714 466804 52138 6245223
4100590 4497777 546592 5752298 9459377 2162122
6694381 6149230 6120943 8474045 893824 7396251
2909422 8261979 2722273 3529500 7117458 758328
4068590 9682621 4359855 3807174 3676864 3596396
5531422 4699511 8736527 152720 9416941 7480866
8346614 6732679 3603021 9999062 1581741 2224059
9068531 3681868 4572142 1251358 3483487 8324711
6431532 3281245 3255452 5110429 1301686 7899548
8525351 9411292 2084451 8055056 2741165 6671143
9502579 2899627 4500329 5020281 7969023 9986980
2571608 8967782 5573689 1811458 5176226 5079920
4427779 7243950 1848524 1524423 7791039 9998343
3973085 4596191 7080245 3496438 5047622 810835
5777656 2588834 1348872 7823291 1960444 2526267
8045558 145561 5541776 5818604 2659220 4308103
1907191 7396115 8822994 1363405 6986531 5173195
3147430 6808511 2285435 9588729 9107660 5568547
7894938 6599354 8683849 2099703 9631926 3213228
3242363 286339 396070 3970952 4518710 4677369
7824490 5016490 9741428 6741595 6074900 8447236
4597435 2153201 4255407 1235053 6684057 7641313
8942504 8945059 7888567 5724394 6028400 2836749
7490477 765569 4702592 6251134 7121279 800869
5343168 8141098 7165513 4755377 3150828 7438811
6676059 7308867 8331080 6669524 560954 3627808
6440457 1562952 1027338 2171803 151242 6662434
6589669 7148433 4487476 5886040 3218266 1608846
3897792 1158300 4730274 116658 1555712 8620825
3897646 975142 6825037 6267907 8574418 1719312
3957865 7951736 919548 6212900 40117 6097290
4696529 8121338 3656100 7360228 6125714 7995316
522577 8315104 8946588 5997548 1445034 1324764
2826370 8882990 6065961 8904327 8332905 4006068
7902656 6845840 6712291 5752801 115861 522607
2318566 6064915 2345854 4819339 8447683 4479094
7196544 7091498 490409 1533329 1644368 4550451
9758397 461565 8213380 4040551 6349798 8949368
2049604 553888 3058457 8085243 929660 2797498
3828158 11871 153612 5855491 1409911 9073336
8469042 6898677 9902701 6152554 8238620 6633258
4476280 3570139 9241715 5331024 2319210 2478626
8770370 8121742 2783192 3364811 6270592 5600175
399468 5250682 2757540 9682324 2967564 1794683
6939594 9028595 2562766 817171 7412567 3038454
5026776 1420466 9036713 8400310 2640279 6053256
8339759 8186114 2578732 1918044 3785494 1685187
7633657 9074954 9220025 8529022 278336 9835241
1108418 1473142 4240941 232583 3906783 9713628
6110157 1301080 3911353 3666148 1160361 3579429
9624924 2275779 1494323 1666238 156204 8372743
3490891 7658670 8855945 180616 102315 8729833
1759683 9493749 5407392 2730647 9842359 8101512
9893299 5245069 7287678 8650269 7120437 4201739
280895 6292403 2465798 9781373 3451379 183305
1638845 8226000 1676437 9330046 5715991 8829697
9137739 7811273 2141422 4875687 2272462 176346
3694485 1287949 7911488 6944628 914361 5281526
1551531 401942 2084336 7640826 7410118 8598329
4955880 7133154 5937468 2291789 2125794 2039370
7814309 3314461 2032862 7699031 385488 447625
2547231 161264 5851107 8789464 2138912 4481961
6826611 8866077 9613586 2348363 3111856 654449
1057659 1981604 1950732 5612014 9475615 3527449
4426741 4513440 6004829 9989870 8092773 4358769
5391703 3206091 9410182 3384183 6922620 4742629
6923165 9100133 3381274 8651010 6528284 4768948
4633071 1080938 2561107 8367953 5822176 310306
9398656 9734286 2976176 3242613 5969164 3967094
2609944 1315821 6574668 7568231 9076251 9281297
3965876 2437913 8020287 2055355 1256453 7731517
1503916 9490451 9837834 7647252 6677539 2966019
5585338 227211 507958 6509865 4067293 29499
9044602 3260972 6831503 9855500 2799670 6616757
934313 5080261 4854728 6412147 547570 4596614
9587110 3850513 9409039 9053629 9320177 8481993
7795198 6017369 9683158 3237527 5474232 3237709
6901485 9616941 6469587 9878668 1371766 1111575
9154616 6716451 4663732 2549907 1918691 2373012
8197615 336074 173525 1391807 2844216 7453019
1115612 4901466 9325407 4923469 4479225 5327230
9415604 6022613 1877648 2888884 1773419 7241873
2791179 991152 7492632 8290441 4176971 8313391
5157096 6724819 5190687 8036543 715747 4707844
7874001 8676965 6328712 1733305 178894 595723
1421762 4291452 8166040 7996929 8812897 3623155
3032893 1308959 2229123 9729237 1738997 2929161
6763447 4394566 8251592 8046795 2672330 4421559
9514030 4911588 2772082 6012782 5348600 7855617
8989166 4496578 5696405 4736839 5547568 7160111
4419446 7027956 2788731 4542371 5339380 8515834
5177320 8828671 4790834 4510049 7744790 7832381
2041535 4805121 8361082 7026267 4701062 4108061
1599417 1694350 5939816 1095185 6411586 8724409
2476750 8008587 4499633 7281313 9372805 8801051
6468455 5879672 1491339 3581945 6886897 9990705
1600083 2791807 4418132 8253912 1815201 9959897
6654447 9414335 2188947 8989192 4620996 9744290
2576376 1247357 2640659 3150631 6655875 9467290
8955829 3246540 4610915 7818149 4020626 8864760
8832172 2050032 3273042 5518409 9008467 7576586
6354485 7478447 8310211 6757528 5526030 2237085
6944375 260214 6358708 8653062 2000708 5854377
1251510 5883795 5884976 3969732 3688315 2135050
4274713 1649660 8357915 8891824 4220269 1864683
2556046 5558495 4928246 3303885 2378737 6850488
3331167 2491279 8630712 140945 9814977 4370910
8177837 6676117 4022033 9899295 1438563 6329914
240284 2572883 3423462 6038459 6379989 1565949
8883529 6607547 3717722 2166673 5933889 506272
9201198 7831348 9755782 8737888 7317664 4302618
508570 1387098 7547532 6931603 4548563 1786741
1300741 6502913 2600501 9213980 7030798 2703880
776015 1827917 1802868 4561777 7373248 1153407
9323819 2068074 2374871 8382276 3335551 2169518
1320550 3006944 8414430 6108051 4895227 5737353
5203110 7791918 2060045 3480365 6612686 1114003
464018 5012531 6023231 1932728 6908410 4331792
1663592 2180342 544102 1062628 1534405 8264643
186566 4839757 5725453 9661169 8385499 5950331
7268341 2994992 5830472 4708561 2114781 6733803
9442984 9253867 3130549 2039596 8272615 2888385
1570626 9493847 2176307 1580246 4583227 5414680
9440651 4471491 48376 5011053 5670957 9592621
1138597 5964602 429104 2816979 4566209 4525853
9553733 9748059 5808321 9956857 3693230 272519
9081961 1324320 8646793 6964259 7404378 3328748
5802644 425568 2313374 5437797 8712467 9916302
645148 4035957 3940527 4177615 5662994 1870833
972755 5873672 144376 7929332 4215588 7615291
2070434 509368 6861561 48474 3692771 7359145
1451681 4275632 464189 3899788 2669455 7435263
1853920 3601456 6832797 182588 215038 6436352
2349283 6076662 4844229 7903280 1561432 5025451
5771161 3386452 2359049 8247652 7960519 7738443
825455 8368701 9890524 5654734 3544244 6645183
1558426 5608826 2966744 2879040 5582891 4995091
1665768 1535368 4310112 1665380 4526192 2296003
7970514 6231908 2671536 1254156 2534817 9671024
2392659 7908593 5371602 5859718 5466267 9682603
6570544 6171061 1606532 40803 640869 8286264
9982053 7667126 8027629 2557666 8521657 1886884
3039516 4406725 2592292 8212454 4483894 573695
2091692 249398 9199408 3565919 4345283 2902157
5096334 1203009 3935380 9259111 4053220 6504543
666610 1497919 8357329 4515633 4860154 467257
1567312 6036901 4909941 4443547 6464759 7019838
1236890 5986163 3694378 8216806 103609 4358691
3869964 5238309 2718919 782590 6516715 9320220
5730979 1106455 5192420 1169164 7579181 8002569
5865805 1629696 7278115 2496042 3464635 1830764
3228748 1891135 5219890 3081982 8286240 8371177
3219939 349950 4823858 9919585 3077005 9146851
1902577 1539925 6283332 6917014 860389 6985590
216115 7292613 3257144 9791792 7999159 3726983
5237158 1699266 1458440 6815241 9748648 7193363
2007933 2541476 8173338 5382262 8591055 3151011
7859335 2902755 6166440 3537136 546048 8799401
8484784 2977045 5906232 784746 9624385 8771482
5163279 8989641 9644947 5784837 6666472 5708152
5972215 603331 6890658 1002283 7257744 757634
1247001 8539189 2234218 1889996 1982274 6055438
2081721 2181168 8982414 7442932 202283 9231404
1243202 1900502 179274 5038925 2049009 3037145
3728701 9798105 5658854 5233230 8382894 9277060
7114191 8823147 9290639 9242695 4572285 8240465
8571818 8140105 3850889 7754290 1287152 321061
9956541 4683479 4717230 4332595 8893005 1567427
6021557 6631302 1526116 7073864 5597580 9283512
4714276 2348854 4546197 1452997 8295511 116537
2545096 313048 4003150 8383229 6773839 2019598
6278562 4029042 7028694 9341264 8340494 667727
4286275 6737628 761645 7201878 2264476 9729236
8449893 8554883 4291620 394837 5156724 3784664
770811 4375871 2404458 2157644 8164219 3256292
6772656 1357736 4361020 2968974 3834745 356234
8818797 8103055 1293762 1310781 8724233 4126598
8105560 7166152 1293823 6596380 8852444 792830
7628561 5453585 8089817 9879795 3584017 9824189
826271 7854930 4283933 6342212 5297862 9280402
7381038 75674 2819700 859445 8001854 8041044
9149303 7034970 2393428 3739763 3328532 2247055
7901784 3893703 5262883 3464593 1407310 4115569
9619063 3792397 8638024 1680480 2014804 7119537
6201919 304558 9186405 5218780 9927906 9856447
6025932 8061489 4517868 2926696 3310957 5650394
6104603 691737 5923754 2734579 2829704 9871178
1062717 9260952 4355052 5218064 2140852 5091362
5182939 3081293 5703939 8181625 7959141 2548125
2665931 8227875 4472712 6617911 6448691 6166580
8023637 5272823 67326 8152154 3545849 9805399
8002693 1520443 3691821 7998430 8445929 4390015
9067562 3077366 2680300 15356 524319 2410478
6647543 938473 7292202 3705993 2820716 386857
636352 595063 9489444 9969895 1018502 5768801
7383707 2658774 482542 6343017 4529138 6160020
7041475 5749821 2133948 9027838 5692698 2485742
7180019 7495483 7614285 5265008 9953703 2236306
7745696 8926427 8425247 7619595 5173310 3150354
3207594 5397299 5225224 6841222 4075581 3049160
8250788 6254717 5737556 4236579 3066084 9472583
9711971 8725177 9653779 3921331 9639227 693506
8632350 6753827 4595098 8203166 6165385 6560411
5020890 6114977 480609 7187523 3001639 2028657
2894003 161895 2012299 1668024 194923 4830539
4283723 917340 1563774 9391699 1599482 9154478
5127392 2450408 9762503 7241727 5099372 3336482
2654232 5764303 6417824 9152163 4407917 4551855
7118671 5006747 8772547 1380914 3591809 1654999
8560102 458451 9270188 8248563 9356157 7203113
1692344 4303438 5067083 9630100 5039244 1933453
3034421 7753156 2192255 3830971 3650076 5026865
9690049 2909337 2813270 1776014 8675156 922073
6547490 5681576 2442852 3423460 6056870 9548489
9094868 4040582 2208904 7159939 2584056 8521663
5765956 7691550 6281117 1200527 4594308 437905
8241042 5609585 4821293 6459393 5899314 1697091
4716032 6686227 3121167 2054758 2377069 1482769
6575969 4006137 5421034 3054007 4302637 3804033
5866142 6680222 5169452 7597758 9842490 3717278
117205 7962162 3791700 5720223 7637924 5362486
4345902 3595318 6216801 1011127 4688868 3689338
6871436 9106069 9182586 6951345 7293386 8231902
6632293 9893347 4682903 7572137 9963140 215712
6014275 8447283 8739645 2739509 181927 1192373
441779 7954835 8558629 454577 8679303 2703318
126923 251085 2394907 7675358 1535488 3707526
6375573 6337397 1784215 8632959 291772 2553773
6397468 1730171 6943521 6948207 7130070 2013602
1936318 9423097 940331 6840639 1166829 3109031
7691011 7263796 1128171 5213017 6308868 8715348
6168111 1393274 3787415 9492936 5889780 8881691
5587182 4956297 1019158 7682318 2873923 8393604
6239204 4135279 2164298 6720734 9134754 4894936
9298252 802495 5660551 1907099 4650511 4818717
9400355 4120371 3588279 4826250 8813839 4767747
9859627 5070067 8998292 3119911 8230448 2306805
973024 6365675 9756113 3905498 764370 6337469
9860287 6043787 8916983 4403427 9883761 5162600
5622851 6076226 62832 1277309 2788970 9068274
7595639 4819864 9376741 6625873 6713170 3541969
5079429 1752788 4396654 2794487 4859052 8751426
2229567 4150304 9603934 4922698 6223799 3990846
7489339 1443917 249555 374800 3286352 5563338
4421450 9773329 995404 5442015 9909722 3219420
976301 5338965 6726374 5845347 7038476 733057
8674671 9497223 3333002 5184855 3365326 4955770
2819921 8485803 1322799 7082193 6950151 3211181
1948175 267233 9425822 2026506 6216193 9517323
8734765 2522277 3042712 9377186 7705582 4435388
4175920 4518689 2929254 4399632 588518 5897006
348398 8390789 341956 492416 8633907 5443351
2301230 4440778 9559327 5878470 1077553 7591430
7357813 2693296 3478744 5096935 1594214 6639099
8379077 9467016 3223 4923627 1905190 2889860
5705727 6560111 9152976 4767930 3549943 2029309
9216524 3607663 5102179 2154619 4175854 6557223
4315983 1293652 2038750 4949257 7033674 2585174
7069010 1104378 9546245 4912224 6482131 3680625
2651978 4451014 2649778 6139868 410479 6314008
8970131 2159793 6150777 3976422 5188344 6475587
8176785 9056441 6893178 4466359 4368245 4516605
5983804 6514169 4631295 2202748 182478 1731194
41952 5432566 4552279 9237945 4473863 827607
6769371 5860366 3825202 4296919 7276364 1749588
523638 7621926 5996231 4405347 1405591 4198279
1810528 7928285 6413620 2808573 2659065 1854397
5304366 8414019 8045320 6913600 6009860 3528165
6966899 5634749 9276248 56844 8404698 8429110
7361397 575675 2089066 5938295 8760047 4513833
3231222 2095012 3473837 4750401 2158362 5335493
2391594 99175 2543947 848824 6601260 2615997
7859366 5402390 7541330 5159697 5423540 9911638
5524812 2164275 3392246 307040 2094990 6270584
864738 790775 9325405 1933301 270888 9264037
4398348 9092810 766708 5807892 96429 1545554
2790049 4447470 7878683 7678692 9142882 187644
7574994 1086821 889329 8625694 316704 5026245
8078692 5335029 410931 3927509 76073 6378860
1217539 2140609 5531005 3221535 7322297 9261624
4019299 1346196 9526656 7662924 2664276 4463386
628516 1355298 9111490 8069484 187120 62917
2162853 5240706 1882578 1776630 4631000 5161599
3061130 7084637 5956594 2544298 6887084 3805133
6056739 8267954 2747253 9092113 7984904 1797497
9910672 9907787 9062162 4605886 8030217 1475578
1103143 103838 4750933 9363745 8120635 9569102
8569245 8418233 4911086 2744720 3693593 3211220
5722933 9292714 1927027 5708680 2589766 9493078
8923390 2100892 2354735 9972419 2702762 3315771
7473898 8914136 4220405 3422984 5735139 2036883
3672292 2383953 9894887 1064360 2484005 5934946
1700255 1685198 590261 9050971 1756694 7838136
4490172 4458712 4468671 3272194 3673619 339311
9827503 5843348 4652276 1966084 4736866 6006312
1774774 6199576 9112786 8712101 9632682 599694
8042146 3071353 6518607 6852375 2296565 9329653
1313345 8814114 1703293 727674 5536505 8516890
2299960 4816195 5613364 1221089 5177832 6113148
2325181 5019974 1487367 9540420 9332576 707420
497175 5768784 3355810 2011222 3170821 7410008
2534390 452809 4236517 848655 435646 5684637
5113508 8512838 32101 7570013 4252976 2945808
5490382 6617892 8255077 8238735 4518209 6258550
7036003 948494 2123988 9012863 5505296 8108301
6389360 2170213 7320606 7790124 3353865 5366205
9085679 4672549 2865306 234389 2526987 4842114
4855440 8736527 1580432 6564310 3588571 59348
2233681 7095356 6389613 4936391 2859937 6564960
7095094 7370167 2053169 8003242 8168953 5300050
6023349 7023372 7040265 7258010 6356213 3690546
5701488 5680338 1989765 2088355 1219083 3078984
3216263 3336131 3103530 2808162 8720313 2874761
4005689 1977697 3700206 9425960 6701582 8171575
3977582 5613562 6302559 4406016 9784570 978595
3228145 5952489 2281439 3892169 133790 1801784
7324251 8749431 1715027 5560646 9367966 6400109
3894826 229091 540920 4458796 5908399 7147314
5077987 1206470 4738613 3034630 4913448 1960240
446757 6508117 505819 2842788 7094835 5869962
7932470 110528 3894085 7542690 8916371 9405003
2213204 4130885 4503970 8571185 1874876 3114545
2088047 4452130 4361022 6197953 836941 8135382
7947611 633113 2465338 7957927 5127091 7902602
2891672 9870588 1492676 9862894 3740640 6532661
3183428 8208493 8233010 7415328 3852747 5586511
2065753 8786841 6517248 140238 9152085 2480354
279296 5839002 1564628 3837011 3275034 9088244
7079677 4693092 6476521 5101375 6385952 4761619
1229067 7030911 6645576 421710 2313734 2147586
6237958 6585733 9201503 276542 7624402 8433699
8105810 607375 1874344 510388 2772121 8587935
4388207 2538430 7949305 9856872 8145049 3212746
263052 9586446 5931392 2308613 1259249 601138
1916653 7295526 8648248 8042635 2205234 6655567
2644406 6885141 8069209 9355255 1628935 3150030
7324750 5766324 3532823 5127502 5797791 916276
6950928 1960370 6833567 374933 9168148 9563998
6072465 8764183 6891285 1528973 6807085 9483885
9981933 9865964 405862 6705064 6042114 2235862
4603092 6037489 8233573 4024416 4174991 4438532
3738868 2054628 5581759 396877 5177735 649783
9425554 6719222 6277024 4273455 1797104 6558163
3218995 3558009 1064431 5260048 9082290 9526602
3292479 8317333 3920369 7190474 8028426 7460976
2295465 9880247 8771532 8062349 1648670 2062372
3824761 7079857 5213234 3592191 2632591 5147212
5712470 1316793 2059207 4079139 1924797 3198921
6919554 6847344 4128312 8317899 9516065 6800759
2741589 534920 2416450 4238253 7229217 3361719
9144915 1697535 7280924 7790254 6450272 987462
698200 2364517 5628475 5836630 188882 1252303
6577200 7686715 5768837 1438576 6741501 2754963
2182840 5164658 4281371 6604050 1876253 9081665
1576990 1303833 1850181 1630994 6525124 8150783
2536983 2799721 2944063 8141390 7016281 5345586
6209045 3915554 6968665 3699478 4772257 2450030
7443073 8495545 3427754 8864768 4925245 14548
8183082 2128370 4158440 4953279 7416306 1874863
6910097 1664692 532738 9436247 7114980 5271095
6003617 2551575 8377912 5003549 3868629 6336730
6909058 4573378 9744095 7231311 9408438 1837661
541283 9060931 1681362 405938 373006 7523223
9101554 8580462 5914173 1780854 2090732 2167705
7937955 2194631 401691 7916356 2425943 4928757
6797617 125534 4279029 6367874 7034546 745415
519649 8060730 8833079 6904611 1826242 978353
5267587 2229979 4376687 340430 4003129 4837673
8133724 1190008 2606826 2355790 5216652 8367716
190246 8726223 8726023 7599359 3145817 635113
3887781 3983849 8623664 2061426 2950375 8039759
3826167 3042390 5978976 4145287 8878728 4214484
8769986 8204570 6727921 9550051 4505974 732075
8942550 1643903 7462476 8187211 5543584 9129545
9236019 9109944 8259184 1173784 2711052 9345355
8564418 1279968 6906302 2950092 6854070 7801794
5028511 4403466 1336433 7615121 62426 2730253
1464177 448517 7602353 5692852 640322 8555908
7127457 2139945 6791225 6310752 3248076 6021830
3832148 258817 2055804 7892305 3047156 1601679
1723423 6595629 4197838 8040110 993993 3155735
8036361 1056391 8057869 1128948 6113366 1612123
2815858 1616132 2431462 1320670 6080037 8591503
9631742 8677861 9581190 9345168 8749218 1419532
672479 3333013 9058678 5487990 229593 4629088
9880729 8829561 1116296 2645703 5343782 6750866
7285255 9460495 1754251 4881200 4324344 2284279
9872145 7866002 48624 1084039 6667734 8029087
1525139 5965533 9249051 7344089 2403218 9500911
6658058 9281770 5230337 7382996 4824240 5517279
9978196 9385647 3469796 182798 4597746 8162845
2006396 2761164 878280 840158 3604621 3103901
6710722 9264009 7065370 7920379 5323211 1980560
1710281 9341078 7304119 7436784 8257240 8355653
832270 427760 3491240 5461344 9784030 6381814
3071226 1420762 999711 4491392 5157690 5581970
5557046 9330829 7141207 9788189 9417468 7542886
778128 3725594 5265821 8520221 8992983 2529276
3012584 5287109 7434820 6909677 1121931 9947196
4881207 1958148 3343857 6143323 6106363 7338013
9900351 4806103 6710851 8373521 1378997 1723448
4118370 7619090 7328692 2731537 6804092 2669935
1044329 5006538 8751314 2639589 4199303 5548502
8905975 772885 4103141 3349929 5141210 8519327
6141063 868425 2345743 117476 5396665 9165910
4073265 9139255 153095 806347 156374 9273697
3770367 1372537 2445456 5266546 2720482 7008991
3589738 7216246 4707336 9078794 6111244 7945196
3767574 2564686 5409542 4667928 5738874 1105612
8368785 3834739 5521886 223758 4439198 2767477
670585 9567837 8724524 9538697 2535781 5199316
8935035 5989566 3668942 9666762 8474631 7331616
6634171 1252572 8329374 3012953 6884062 8574408
1622947 7377028 4231688 5068580 6199551 1230223
4509087 6747768 1275775 1675652 8544479 8529321
5422109 3984427 9864070 3660119 6139991 5290985
8136957 8902451 1763186 9357284 4544771 6884359
9897832 9459594 4657734 2558310 5618174 7922546
3981447 1847600 968502 1107056 7744966 5790915
5429138 1382993 2863600 7767831 9718041 293394
1039705 4398552 3637109 7973581 8457915 5850378
9594647 5786677 2990811 2730305 1107342 8981689
3564395 5863156 6231915 9731142 1237139 8936071
8560430 4263276 2646245 8870489 5821906 8537089
7591300 8979021 3292388 7082775 5560505 4149854
2711463 6381676 1961598 785749 6150957 4045494
1976984 6500169 1794719 7572669 1021462 4530712
8138074 2441165 1951196 8811655 647075 5134955
194898 3045128 5432798 7863304 5427330 7644979
9941176 5688066 5684814 3279310 2887764 5966369
2181235 3243973 9205168 6374292 4675858 2670363
4390812 9183288 6486214 4895280 6094880 6891364
8792234 6105932 2842426 4324313 8068053 122010
8124121 7470190 1897019 2100925 9006422 4567880
9536462 296012 6807480 7162728 9663284 4612417
4047172 528772 7455149 9527690 2843403 5205821
6340289 6474271 3035222 899774 2138122 3626690
2250027 994065 1124877 7297152 4068082 4068673
3478717 5000087 1688681 2231065 4021540 1259457
9727674 7967820 5177805 5831708 9811641 2686985
2040060 5989070 4360559 3196911 477205 3893344
5056248 1229547 5024808 3059091 3297433 1265620
8829477 3262610 5523933 976150 2740565 5855957
2421102 9729075 3713684 7385023 3710855 33825
4440738 2449319 3579629 1629817 4355399 3744801
9230306 5619357 3171017 4770180 9973494 1988471
4486056 2963933 4708201 3395160 9849904 3818430
6104756 6252201 475216 338826 880154 4277471
688726 583067 1810537 9692352 8197563 6033552
4655021 2283440 9662228 9310638 8397457 1154389
3598500 7294909 2697864 6716195 4485241 2295126
1204650 6907193 1807915 6828902 5381943 8472304
3168020 523786 1138516 7130681 9034485 2688361
7691700 2899009 9061249 8569200 5306254 6187744
7919140 3349976 154638 9648880 1335110 7232984
6582675 3639996 3910967 3830296 196009 9992370
9099692 4242466 1353593 6165119 5690548 8722054
2993345 4933324 9386013 7609024 4475489 1120182
9168095 2709912 377784 3906219 3870496 9455007
5421269 5853448 7049054 9733038 987850 28835
1340698 7301831 2552298 5881104 8336169 7297027
3621078 132576 9894081 4146149 152326 5968501
2234023 3286762 6614873 6960505 7142135 2926575
3033294 6606859 3438946 8254607 2169730 6460421
2532687 2864093 4904347 5915110 7275263 5028011
1224788 2007424 6657115 8432193 7335400 2830259
9399988 4984770 2562519 6061510 1374181 8746160
4806431 6496674 9852166 8401701 6281831 563904
4987442 1098011 4265649 8605305 1038695 8725995
455386 1077429 2326988 5721330 1139550 3359411
5135781 9907484 839706 3665089 3578087 1969866
1115990 2158999 8560383 5460621 4778983 4654560
4959436 7551479 5483801 9330670 4474394 3626110
4329049 4523891 8414921 9916332 8399918 5406630
2070583 9539293 4661395 3396878 9133658 3971583
9725667 50315 6786729 9923766 9708631 1201231
2549959 7465328 9921876 6321374 5503809 3302339
2870308 4768203 8252941 60926 830741 8909567
5761455 9241509 4062763 7283414 8001637 4941364
2730426 358811 5100807 8055779 9002074 6678313
630401 4910666 1226967 6631775 8409431 1086428
9777595 6554281 1145984 173740 9579989 4358061
5100200 1345305 403616 4494624 2494657 4662229
123733 7040877 9729613 5239810 8653668 5682358
5714131 2303884 8296283 293385 9452081 2258290
6187242 3013496 2908224 7472883 115291 7029539
4018083 2129566 3340425 2422802 3080022 6092417
6822821 9804142 4111938 6921413 7335593 1278425
9849156 1062528 953684 57969 7214520 4412082
5251081 3525114 5283367 9355247 935575 7278834
8686876 9919471 6339434 5141096 4080042 7818597
9397158 7555818 9956881 1378780 2830994 6641793
6967657 6756643 150999 2864431 3114432 6104223
6581915 7341802 7074141 8570092 503860 8066459
3118706 7512701 7386979 7023734 3369772 5089676
2508691 9200941 8362748 1641919 2453742 4290141
2344090 5944106 7469397 9080586 3493154 6039497
1955861 891853 1071180 3613937 2652700 564603
6328148 5045063 9837796 1807478 6088120 3025139
8704272 1521294 2325054 2022765 4010969 8689185
3611244 6742049 8431334 1547486 1389027 1264394
9839960 9143672 3001062 8329989 6166207 6649595
9957263 8186105 9793262 9425877 3702031 5609565
1143532 8638095 356613 810217 7345282 2621600
6395999 7090128 4785613 6994137 2635398 4151211
4475659 4926651 5279787 2739167 2683373 4790439
4558851 3639747 4857091 4747806 7135814 7383642
5517875 8280938 1763442 6895881 5975949 1789233
7586510 7629099 4088584 514036 7173449 492318
253223 2122799 7193479 5302804 8582215 9618552
6767241 3279247 4152895 2163435 8932852 5166238
1229670 3653923 6935726 3235548 7964484 3089273
8370527 8590313 2569204 2992719 3461121 4874615
5562408 2219117 2118743 3304111 1481667 4070512
9116302 677640 1850478 9681002 3667771 7988200
9701368 2980256 3224011 992389 7571315 5845457
5427925 1172095 2665058 6333161 2413325 272112
8361742 8987627 6594698 3731150 8865484 9234126
845023 8634384 1189064 3315285 1384767 7609975
2958795 3310806 6897806 1965651 8315015 566759
7261200 2374834 2654669 4786467 7275024 5080748
9699559 4750695 1978509 8710967 2960707 6461522
7728178 9607331 6655721 2316250 6857469 2098168
5882068 4399 831084 2381923 8634370 7344521
114661 4848760 1958232 2068519 3639753 6044528
357492 7745868 4906008 2776487 4307016 4299130
1055082 8824790 305914 2681724 997149 9904434
5152722 7101135 4907129 1486791 1840817 5469914
4666514 8050471 6347042 5157005 3951062 7292243
6352230 1678656 4839768 6351892 8222830 677509
7076606 6778333 2097224 7611910 673233 8596708
8978919 6470500 438214 7558263 992220 3868632
2088847 3023879 848788 2219325 749914 593153
2465318 3321647 7054124 6603159 3120369 9821906
5445629 3640099 728598 2288826 6648970 5991181
3999368 3975172 9806762 4614947 7507122 7611505
5666161 21590 415420 5616196 3682844 9796878
7391996 5706207 7669711 9132430 9585128 6014531
746115 7325604 6240700 4872930 6256957 9441249
2915066 6249305 620992 7448598 3228288 8290569
7510741 2529880 9563738 6899004 3611817 6474560
6864553 9296564 9525414 6218629 3548823 8811224
4763030 9904379 6142322 2778900 546109 8157749
3248899 6201543 1655482 8664058 3239988 3070460
429966 5499523 7913112 8878184 8469695 5157669
7553487 9380732 2171406 7516567 2056461 9123673
1367531 3587268 6242562 1009842 5116147 1862514
7072095 2816441 3554697 5760754 2529759 5643510
5980130 3665944 652356 3443951 3432366 1229853
6614662 3674963 9748495 201141 9427343 7440202
8490195 7269595 1731518 9172194 2672299 7243719
3329930 860441 8111235 4083934 2602430 6845582
2743585 984199 4385816 5820681 4916049 6672045
4382421 646274 9628914 6461407 3506879 1920592
2819970 8917447 7373485 5144793 5982531 7061012
2460778 6573979 2568204 7171715 5964372 2316374
720976 1594889 4611605 2174499 1278955 9260963
3136176 8462353 4460629 5126625 9054888 6934993
803630 5218700 2405276 2293829 3679215 9163878
9104184 9486909 7380328 5768658 5651064 6169864
3953787 7017729 6720420 2536731 4379002 6411253
7607158 2164949 6376398 7466418 490313 1144170
1343481 2185528 4972066 4019468 1262377 8204357
799867 296144 2384394 9778605 2645 1675131
6897048 9402048 9144001 7608545 8916766 8875015
3979221 8554328 1053460 5783991 5129100 7895071
8574359 7467908 8132152 1556671 2329428 4428236
6267981 8914126 7987819 9569434 4602855 2858824
1285361 887472 8527305 7827656 6172675 3781258
307470 4393599 629248 6608957 4395012 6959685
5613873 8918897 229437 6107628 8149401 1473505
8130454 9740396 3896870 6453814 9376885 8405652
6773021 391586 8785310 7314104 4582196 9257446
6516623 6197160 2742258 5392609 3308246 8930878
6802226 4219387 6079918 8891473 2034130 8840569
7529681 5962756 8771578 7924936 4256352 2033463
9783252 9764194 200488 7721925 4726435 8964389
7276188 5829849 5344722 8486401 5309184 1004623
9137088 5306452 8479979 8136418 1707734 267592
495346 2039174 2268692 4056284 6776898 4062490
7692534 1423443 6901658 9421884 2237500 1537055
1700576 3271013 4596590 4196869 7166647 9664503
6997414 6248059 363813 3703011 4219971 4356684
1165454 5261323 2775184 6933889 4582077 6858303
8182722 853298 6190018 5974800 2903398 2127008
6228196 5153380 6617047 9409638 581581 7948429
8149531 6818419 5515729 6657768 203766 9164927
2731107 1243109 9929953 86500 2258344 4913734
720149 6676698 91089 8398972 491219 5394271
2518595 7682993 2678495 8799838 4015646 3395609
3397000 4767848 9009545 9855578 1818769 353900
8406499 2706469 4218459 5933752 695982 2519464
8679655 1871490 3374924 351267 4832032 4698353
1241062 9337496 416772 4516689 7968404 5171365
7189182 2718588 6845911 8134001 498995 9064291
3919172 9849814 3174842 1219259 8870800 9981352
4579655 9316358 4152741 7251244 1309146 5748456
4908719 8225923 3730383 6883067 2577863 7008076
7940627 4208707 4511423 18228 4296836 2953271
114622 5893801 8114548 7889996 5143086 4469077
3524452 3824143 3328538 8697530 4308002 3717211
2548964 9369254 3378969 6971417 4165570 3222171
101264 9051805 9485953 7427307 9520797 8120
2506415 2592242 5380062 4707883 1160401 5355878
3537313 1382626 4151162 7460690 937250 205703
4125556 8877260 8451604 2500715 445812 5836193
5305642 6720877 6569037 9037982 4016127 3241903
3678893 249967 2441254 8394613 3456841 2527581
9649439 5066096 2451324 127911 374033 6445136
7236684 2327213 8025632 5992035 4907991 483650
8591493 3462417 5472589 438232 6747806 7900315
1729305 8437910 1594855 5641011 631001 8357383
1284155 886329 2894108 6845137 1956728 2896693
2044109 3492731 1873420 6974862 9074189 9256558
6754149 2153037 3630648 6674955 16422 6614751
3155449 2399083 9482167 3456717 7766658 5001109
7677010 8223409 1309219 7805617 7312073 1726453
3016835 1026820 2008924 7477117 2980129 8478771
6314602 4801 3319485 147639 5519237 129005
5232127 8944516 8065937 8734440 9188562 1305319
3662895 1679934 5041267 8915613 1749610 8404034
5331097 6177652 9413342 2789060 6366731 1835480
4480699 3191365 6810818 9492649 7381002 4505007
5877641 9595320 1261675 157939 4936071 5055508
670888 2708036 3841749 7306427 7632893 9986778
1091427 5744687 8197403 4327889 7135227 6419302
9190243 3045981 6807477 5255613 3433924 6799842
9151203 9969035 2919328 4283176 9142448 2142355
5530233 4806133 9903691 9155135 6637474 6259240
8232131 1290361 9950337 2512699 4886552 7646112
2435934 581823 1038494 8787644 2023395 634492
1478211 6772685 7115489 8350108 4398205 1641842
7979158 6762025 6143377 3064679 8249053 8456949
3717628 5529533 2141590 8729059 6629062 1532981
9695499 9275784 1447966 8477028 4811843 6376601
6640303 7032865 34813 3538056 5176832 9334488
1942880 7939951 9452099 7750672 9062554 5485668
5456247 8220583 817754 6505135 5116202 9919241
5256192 5561036 5816506 9980091 278094 8650401
2059079 4686320 811590 7178881 5876197 7929609
996934 5693519 8956148 5573577 8545391 383
6818667 5617807 478821 4723241 2431596 1478438
6689969 7926475 5639071 851854 1229110 5538725
4795425 3771123 8780351 3902689 4245137 7396491
3643165 8692141 7259174 3191997 9627873 9858018
9999396 2490698 4215485 4067739 2240387 9489291
2867756 7328490 230859 6713893 9530926 6507759
7510484 3434343 6346109 1443601 1589341 1881083
4849391 8311609 6136630 9488674 932990 6597605
525551 8972882 3286477 3071062 2119790 1576290
5351180 7177492 1774528 3067374 6053026 8444431
8574825 6593548 6877165 9025534 5055459 1014004
7730912 3080273 6380238 1741244 7515828 9832642
4413265 3731013 7296547 4807428 1020195 9617422
2154606 1262016 4078045 4939922 6407207 1194377
3234489 6854746 8289528 8893289 6611738 1373861
9315351 7947327 4991720 1363854 5030288 9829656
7459663 5940183 339736 7722481 2587016 5268574
4381400 9386795 4584815 5411078 1393526 5090435
5875419 752505 8181279 8586005 6583524 3517041
3860303 4241287 4429650 1178001 2272174 8982669
9528105 1106479 8295332 5974185 1207128 8636261
9297380 8292989 8070138 7555328 2244608 2717248
2611128 8491731 8189497 4917026 4966948 9036903
1492858 4331960 8071618 4294799 9108605 312105
6516902 2371829 3822707 3001360 5333564 74496
53297 9532020 5304952 5488211 9477470 730424
5507445 3849554 3490952 69701 6613583 3832383
5094137 4729040 7601721 8278757 7711291 5486910
494230 2357044 6245114 1721362 8479414 9920936
6366873 4429086 9149005 3642039 3811517 240949
8657164 1494109 8523780 9109021 4346242 7666122
5701107 2115518 6315262 6045937 4051360 3085283
2871817 8691165 6410629 9307303 2564544 105556
9541109 1800132 4456860 6012002 2849251 7909763
8304325 4956548 6301840 4574685 3022346 761993
2210878 7881906 182655 4142587 3356560 4708661
6025125 4982934 5882321 3474152 2487414 2526036
4187402 8302204 5775178 3047454 4665544 8983259
7790677 1868715 6561987 2181184 5719382 8424656
300044 6916200 331058 2815227 3780930 1275271
7828543 9912121 4260034 7978567 184305 8830034
3430234 1937069 7873548 9286550 2768565 8311003
8405076 6112280 9885792 6395375 4679501 2964642
7878499 5002937 3447291 5634975 7867852 7824858
2949045 7166696 1035125 3646994 9753433 946165
3810026 562007 7926969 2071940 5651516 7951332
6015314 4170090 560880 6266416 8654375 3814619
2455796 7967591 6031627 2944394 4179806 4421041
7241230 3248014 1739839 4088188 60042 7031548
9703653 4686249 9563742 4808050 5240546 2734714
1421897 6143130 3251592 9021843 4292362 2980984
8972242 1302411 9092969 1576510 8427474 9840720
673782 2691384 463901 6106745 497839 3833635
1005430 8717705 1380328 1408461 2102536 1916652
9210324 8459041 5992136 1620805 7634272 1700156
640914 8906205 2455163 2895293 2785417 2456670
729297 4316112 3070008 6331564 7646103 5068376
4633911 6499086 9032885 8152337 4677154 7871626
5448673 4541578 8617948 9639113 5258016 3898536
2344177 1799231 3476901 2599359 5581155 8035131
4655168 3131945 4111239 3678498 9061984 9500703
4891521 6710423 9977821 8869430 7535360 8315664
8367884 7322729 6266023 7478290 5661152 9988795
6976340 9601312 2916561 8361967 3176787 1964179
3999789 6267812 7485250 2699408 997655 4912570
7045674 5981972 5414694 3877605 2747561 3104545
1115591 6640491 2399867 6180484 2165238 3228325
5522071 37629 5039647 582759 9151882 5024807
9653318 5436865 5604008 2649918 8238376 4486720
7049942 2243950 5055768 574727 3905588 5622299
6087083 3444891 2778364 2593796 34717 6105808
7382854 5007244 7108489 4443150 3191381 9342724
9115274 6848084 871350 5453585 8042988 2468892
2385342 9122191 5585782 4288574 4506498 3114984
7722548 3124360 2818415 7442674 3090199 1191643
7614100 3341277 4549300 745385 6626185 4770813
9120082 7438032 4297192 1631903 8661992 8566077
7477668 7385630 6753673 1585067 5437831 2403247
4046333 4438702 1989833 5538483 2333694 3384174
3079230 6935465 7023914 5869674 4423713 6135276
7889929 9812931 8331496 9310330 6018774 9669855
8983812 2243914 2995113 9917068 1041294 1916834
1775383 5566 1626162 1747412 2781180 3117679
7525456 6969060 2427988 595251 1172481 324472
5518882 782325 1316869 3980138 464739 7272834
2763947 4348705 3616274 6172093 1955983 2331448
8177985 6705609 8063745 1714688 7542913 3881627
6734754 716155 5076553 3565099 1558281 3838030
1028216 1774830 9532289 9071309 9214491 5680528
7699333 6015040 2373275 9739838 8706563 5506542
5839345 1940090 5254675 2298952 1338378 2722342
5513867 1380493 5355712 8519470 6878080 6336097
9827309 2552344 7818392 2777783 7725397 9622385
271473 8653139 1211206 3041121 3058224 4000264
7829870 5028374 384414 9605537 6816440 860628
7127837 8294700 1453643 6039379 9250376 4872009
7720325 828345 5266961 626762 3033859 5032735
8373283 6481724 383692 5241190 9729846 9225111
7097075 7532943 1790488 7805457 1692584 36366
6593526 3185107 2842454 1630562 8836184 2596203
4215500 3060522 2155865 828539 448637 1583176
2919684 1799627 9483092 1479745 9880307 5538546
7107220 3647679 8181634 3311064 4283403 2176321
3409578 8007850 9774698 1161668 4080366 1948929
5647971 9876227 6347547 295971 8544276 5006548
1713500 5405490 3516394 6215958 501257 7195661
3794763 2620920 4387436 3239694 4110636 6384142
4817181 3146513 7680353 3305383 8208814 4327910
7125416 9835287 9116687 3366865 8253294 8786326
1586864 1315232 6224001 406466 8862855 1280622
9702802 3715565 4515991 6142197 5437351 9068647
1895805 7763456 1477896 2351541 6897141 6015427
5118489 5375737 1971168 210572 1170447 3329033
9005767 1514576 8234585 6812669 4923859 4227070
1669688 7130817 3425499 7101407 3663678 9859197
2807844 5784711 5455245 4472192 6090985 4316370
1480959 973182 7621650 4149813 7452679 8089939
9092732 7347748 9040265 9743985 3796202 7763290
8968538 7222628 1091207 492437 6655305 5018449
109150 2558069 6669351 7073611 2533831 5029343
2557364 7727936 623934 5067347 1893706 3708282
4119357 2453394 1208489 1430187 9428912 803192
3704431 4794245 4558586 2735306 6841391 9397510
6341067 6720574 424200 1862414 5341317 2648867
3082566 9449257 8321370 518623 8783747 1193156
4127994 8825324 675905 3273601 8760760 5355151
7551722 3829207 2638633 862240 1862201 1593048
4018791 8251939 5664185 8940942 6547606 7281704
6464221 6978141 6811978 2988304 6333050 2843578
8948053 2775314 5446908 5483544 727782 4893073
3033073 9329926 6795938 1588211 5568296 911498
6751628 1772340 2030656 6357329 3735431 6292922
5288555 6021134 2954110 4251450 4955843 8767128
5618333 8585459 3582839 871785 8749089 4258272
2165297 7899079 9362219 9908199 4364766 9884421
8886950 6755732 4289820 928568 2219005 8005542
653178 2497553 347033 4963700 4878759 5738462
5086255 9476220 1116873 7497677 959683 9623966
9608889 1083686 3950927 4083400 3356169 8331777
6718315 5472017 6181645 3751914 5844852 63554
699670 5572011 8438428 5708832 1536348 7627077
2544552 8912421 5760468 9385703 4037443 182191
4878147 8300282 6163488 9641075 7566736 752175
5144001 2123891 7775311 1321744 5628051 1450146
4639257 1217881 523170 8608907 2677819 1016297
3858713 3884362 4327262 7212660 3824315 4725041
7287700 4286623 7423709 244475 6905695 1283188
6033383 8538760 1890970 5881891 2869077 5741951
6366897 9338368 1988360 1666380 8240807 491328
520241 8486698 3011277 4319942 5968838 7963538
7919737 5912744 9530274 4356035 5875108 8910292
6933678 3675844 9438359 1451 1516100 6627846
8888936 7793829 8268164 6418141 9287819 1011625
9815522 2592399 1291790 2148902 6799820 1035368
7968154 4984456 2058334 9057173 4154762 7451157
5550939 9864486 1977744 5201105 9284306 2031746
223237 1442732 7323903 5833672 8571308 4308754
4950606 1623201 1627307 2295344 4192392 118048
7750933 7795707 7547719 3710497 3035996 465286
8094629 3587440 5977395 1471545 5448658 7271977
8326033 6173156 9308097 3117281 5763846 5745031
3909338 3819799 4007479 1791273 1038389 1066804
4239403 7563606 6754983 7896271 7892398 2588855
9324005 5337147 2041707 5201035 4817741 2040447
6016004 9911598 8526867 5842507 4998422 5916151
4205596 5614111 3509814 4574517 9901746 7827501
7747525 7883601 6451291 9098604 8514514 7712740
4793791 5493442 2390116 9385346 1690722 5935412
7682767 1644636 6279006 3760477 6995734 1030986
2236209 7447005 3602151 7666887 1238356 7712440
2044062 9766725 7715514 3466602 8624176 8775702
440292 7401665 3927534 5284831 1722490 4904292
7707871 6111667 4292222 1168235 1667768 7363139
607809 8730124 7723673 1739753 218316 9922285
7434883 9785030 730160 4910916 3950174 2293247
3006147 333324 8429013 725521 7768761 2557636
8369367 7135317 3571858 7909194 2614800 8619600
625829 2538563 300178 4676216 9527141 1381473
277107 1227002 3735093 938357 908541 3708180
1159414 5212259 970775 5831079 8708418 226096
7545693 3442261 6919713 724822 2966718 5827966
2348541 268029 9275162 8534617 2771699 2467980
3185255 1614428 227762 7804122 3388634 7974808
5195277 9372839 8637266 4504909 8699130 8254352
1363353 6339149 4118753 349664 8168012 903999
7407009 7413473 9182651 1088387 8647979 8829393
1121508 9205686 450241 4993474 2407109 1005495
471852 1561496 4477027 3638606 1751673 9716582
5599136 1357935 5462996 3421860 2580674 2360702
2471282 2355060 7750824 6242677 3592850 8687502
2610688 9072380 5167023 7445143 1888231 6434702
7830576 8549311 4589522 9922554 4138050 2678949
345575 8863768 2681270 131295 3705538 3308721
5759208 5612607 9597418 3355335 8415437 9834005
4484381 11562 4437524 3225152 8862968 8294783
4693047 8345352 5923013 5524918 6989587 3035774
9327778 8776622 9994712 9358970 3663427 9343913
9846380 7045395 9727023 7040607 8512175 9913891
8260629 1581769 2609880 2289703 3605492 9030355
5444850 7501717 893614 9357982 990591 7811549
8855482 7363917 6232781 4702489 734689 6251076
9198938 8073930 6382228 4719574 2024627 5656181
9570791 3314852 1757831 6766720 1059343 8371781
3234086 3740380 649750 8152073 608140 1754801
2215604 7281932 9049682 1609950 3124361 8145718
6794952 7274843 9900096 7829022 8750174 1946282
9832514 1033661 5236130 1308343 9145049 1691507
9617137 967448 2633451 3342821 5108758 6288638
6417622 6220252 8555687 6391305 2140766 7823875
6499947 8333651 5623579 5740005 435610 4315138
4256999 6314630 1375976 7428952 7395324 6887413
1432163 2352090 3997729 3479495 9586962 7413809
7935320 8671362 9878409 4056091 5929203 963636
2599090 6437131 4674910 2162458 5804235 6524208
519233 4243048 1753321 6558766 8932949 858166
1799873 7162669 7469229 283485 3035612 5530927
7373302 2986393 5166346 6017592 4651735 6767406
183311 5189905 9247116 7253271 4700500 6598518
7781872 4986447 1504682 4174940 9677568 8558129
1306785 5914471 6713694 366993 5762915 8009004
3170865 827500 1652302 2799674 8829996 7372192
6167965 8342865 4008393 7536830 7565188 6703196
6712259 6499307 6349067 5894023 5815105 450457
6025492 7955455 133971 3995187 6020928 791011
6237255 1617926 4496341 2287926 4211502 6944297
2637661 9972295 6648310 3549272 5450497 5052503
4779425 750788 1150751 3260195 1791613 6212637
831776 5842581 3705186 6612687 3810434 191277
6055685 5567766 9801729 5771076 2928582 1664198
5780098 721006 281208 5162154 2547572 7760743
1146721 8318255 186455 1147602 862717 5552749
6597987 8720422 2857679 4252852 1800920 6523586
9781388 8245614 7361377 1137133 8506121 6134904
7897823 8923520 5672568 3508877 8840732 3236096
2090070 9800565 3662655 1576221 9813289 5172438
8860624 7791684 462647 6645791 2894126 3425642
7801581 7772189 5014328 7494463 2978360 8780434
1187888 5884301 7704204 2775236 5702316 9145893
5391505 2627923 7481021 7671707 438377 429534
2272144 772493 691170 8932529 1488000 2001854
2209336 4819847 8657401 1653387 885441 8582915
8281741 7676640 3091805 4713425 4442298 6760669
6754328 6125576 6821254 4019433 4362103 1165042
3783159 683902 5176015 157031 2108094 2437665
8493875 8159688 79380 2555537 549811 5554035
5248141 7525601 2690624 6985124 309182 6275068
1056616 3526481 9093677 8841129 266728 802474
3560422 490910 307476 6859817 1171270 5120327
4407785 3875169 7403423 9939333 4213888 1752181
8311289 2290318 1571841 7659559 6792229 767429
9074053 5153035 6558395 7127237 6581594 2470982
8574623 6480693 9327029 5523828 1354244 1836729
1168171 8098548 6313209 1855696 653889 8130268
2256506 1891966 3895785 9077542 2233306 6624851
3546572 5476710 5546883 6971903 6551223 6725373
6619214 5116239 799126 7254059 8936202 9597962
5784522 5947098 2716306 7002558 9544144 2192193
3985629 6249096 426906 2627375 107064 9074517
1674088 2399223 2200542 4555528 5236007 6747324
9447390 1441577 4915569 1179438 2847698 107559
2642322 8603311 7180163 2810560 5786906 5356945
3391509 6418741 1632506 4603553 1732630 873860
1839713 1170000 1794365 4465865 9853859 5797891
7839553 7192589 4314429 8160038 1426208 7071687
9306903 9729693 4257482 9425850 9478641 1047768
9681502 5761789 5032958 431865 1615982 6049198
4576337 4083652 2840477 3934602 4665137 5165954
1242119 6979761 6620052 1497617 7320838 189425
7800816 2045278 3387965 80408 4550616 7763284
6806429 1783011 9947917 9373519 7996438 6172147
8398744 5444451 6519825 3232595 5029619 9270375
352832 3690551 9529718 7003870 5164527 9040185
6944165 411553 1545402 7241224 8240023 3395121
6630977 296152 6745350 6411199 6775780 4715614
8084913 8843098 8697866 2300264 9856352 3784702
6789810 5995692 7888936 9275682 7149886 9031899
5950366 884785 4317843 9063340 1333178 8797622
2837304 8503527 6047712 4147315 1897619 6262977
4074346 78479 6653660 3597862 5383877 318853
7336373 7887832 9599911 7117137 6140817 6320636
7173790 3787570 7468394 5588656 7439682 4527065
6413035 8349315 9880680 3900778 5038517 751312
7450124 9843264 9737066 6816784 6577621 9530283
4927844 3212842 5207467 199216 3477661 4789912
6176402 2132040 1113822 6371500 4811100 7506571
598598 6986650 6107293 3365141 5402050 5502865
2112492 3121186 4936771 7428679 6923020 8112219
4156834 4619833 2409174 6499074 9636670 1142607
9647015 2952597 5661504 720669 9511114 8021860
7135417 1839123 365668 467935 5689758 4657233
2392490 830443 188840 6416515 7334672 7094227
4030098 2834429 8816734 394265 4903948 2825927
3857311 7611919 4263118 7360897 5607834 6834533
7793367 8084246 9779265 4313644 4041779 41791
7481639 5314904 9602588 7073265 1157072 1420333
1302572 5189710 1609621 8512434 9998420 7564575
9254071 889746 9703735 6142463 9483184 580685
7606153 2769550 2765889 3900510 3175722 3072881
8341175 3430952 3969807 7395078 8523418 3598549
2416934 230955 6287968 8401260 6901826 9323209
7718838 3223550 4389329 8935998 3835203 8345568
2774326 2580475 6823305 2752201 4736971 6054666
1186713 4776994 7264408 7387747 6708915 4321015
7286045 6817027 8259202 1510174 2335292 9573239
6949915 7578669 1183931 784408 6281436 8653388
3306298 9159702 212454 8477163 11359 7616465
9664247 7976175 5078560 582209 2067539 1037360
1324061 9854701 5753343 2117406 556340 4447917
8863566 7738035 9147570 3042885 178464 6813426
2132095 4571878 2885548 6907169 9075027 8996271
2210802 2428522 2662264 384565 1743531 4040623
5572793 8445352 7825466 8437718 8601790 1078929
3270296 4960318 6582001 2550511 5156080 1575180
287443 5781407 5940736 6755299 7267399 9385779
6417562 8984836 7833012 6006133 2684310 4547801
856810 9966000 2056827 7125545 5624505 290148
5151264 2532207 2879857 3645982 6674748 8785720
3780104 1308791 4440458 6381947 1350410 8135819
8479853 5463560 4881824 5129314 7306326 1001580
4387308 9524967 8010899 1502684 4041042 5600641
3794171 3722698 3577972 2001832 2722827 4229816
8395634 2406151 5426591 5517603 6471407 6582104
8046161 6002684 8294901 7135070 370779 4288188
2522104 2640526 4221638 9497565 603534 9435865
4756257 9877069 7982282 6301430 4894713 9002898
488402 6657170 4031286 2241921 6113997 4130372
6512742 9979684 6736523 9793624 7292095 9126076
6656360 4233685 5120553 397727 3788602 9860280
7586902 1518414 8165921 5353648 6558092 739555
260505 4284821 6067795 3146776 9703215 695529
2688544 2641409 9172402 8938534 3851208 6230076
5652175 1560697 2882621 9723855 3519940 9062744
2385817 2049274 1232825 9397037 8056166 4343537
338322 600024 5066943 6470900 502327 4156303
3112250 5575575 2747012 2976025 6076016 6334657
9876543 1439290 3776799 9839231 5683315 5323231
9057630 9014727 1882504 6302003 9147911 3576508
4883365 8850684 6544478 4522480 6518036 5681869
6285314 6030693 3740461 4116376 3275295 3082705
8506191 4604187 4335251 4012680 6391371 2908683
7703983 2684540 2120906 6691484 3487265 1032032
1828577 2110092 9944339 5209306 766253 1973047
1025976 3863181 1711877 3422049 5654918 3069488
3090689 4913422 9800990 1416112 1521046 1817596
8873886 2048017 3399614 2310957 189077 1644375
7458975 1038701 846018 9944760 9813475 9124283
3780133 9454285 9946860 2644776 4051180 3422680
822396 3782237 3731412 4557391 3197578 3921863
9930289 9353704 162631 8336596 2849215 8545367
5209833 1627234 4991659 6767261 2866408 4841445
5597130 2809778 5772867 1211559 7535497 6734146
8982993 9152724 246937 6682563 8302803 2349736
571748 4794418 3287097 7865595 7037281 1686315
6709315 8592147 6573834 1820684 8779427 5310377
273535 5225126 4891597 7560267 6738355 8722787
5491360 7407854 5244997 3585125 898662 30826
9089146 2675255 3189779 1438396 8169813 582391
4849029 2796980 5902404 3769045 2669321 1482219
8421962 4852409 1009511 5042746 2082671 3885047
2637283 6766358 4783058 2594564 2698076 5060009
3831900 8001711 2866956 4027423 8908312 5635896
1323982 1370004 3791914 944242 8472587 7249916
6903318 3705356 63728 8432915 2305411 3917133
5377332 8395005 4308534 7253546 1748625 7091370
2450512 3877597 8773261 4915890 175148 2473535
8802228 4214579 7154257 1434886 9447278 8553377
5256660 1809785 5326629 7838237 2673481 4998721
15146 3655692 8064500 193 8884801 5275893
9330818 4328503 5583187 5946818 915786 2345487
8988166 8913584 3931929 7962327 8668023 6366080
1610574 4153721 4275463 7892850 5758365 8435782
6695037 354007 3393904 1306751 8219306 4656681
3318904 4183931 3515118 9651660 8366900 3609466
3761570 3631594 1611513 6292496 5653285 1449782
6799080 768874 1424644 2475178 4589384 3988037
9646775 4712764 3932986 7964665 6917721 9738220
2121155 3437886 3915259 5656051 6449076 7202870
6494575 1872377 5947066 5332959 4628828 8615209
389222 4172724 6139427 7957343 7321171 6658967
186594 1163340 3425500 7856912 8604956 615211
6853113 9232855 523538 8138120 2375526 6356751
5418498 4619907 2814553 3497946 7723945 325483
3093827 7715096 8234255 33076 2279627 8770646
2216463 3679158 7369889 4772190 8000716 7790020
5555048 2332410 7306988 1163777 5314564 4699182
4782401 7137548 3319378 511793 2524494 3802896
638593 5413952 4543315 2439909 2178236 9541385
2990446 3286290 3819676 5825014 3788285 9177819
7062586 5302047 4838341 5152026 5478598 8026374
6463245 2319215 6643599 878460 8791340 8880377
2971336 9253682 4916175 3799518 2095766 1362948
4142200 6005098 5166487 4098550 7437469 1789086
9473771 5520786 9683968 2487909 9377368 4870645
140305 3707034 4220454 1222805 3739707 8623292
6101511 4537772 9890276 2058786 2461943 8763497
1225755 1145937 702472 1473087 9768516 9669773
134929 8623362 5155550 270584 5142376 9736004
9206758 4960639 8255209 1414188 7764765 8340591
7499313 2782669 845449 756552 1918130 8871464
4993342 1317237 9224432 4551508 9066058 9078351
9911095 382015 7831362 3307518 8676658 178258
5957048 1483177 4500022 8006975 9462141 3130292
4850437 5287985 7760536 9901235 5953426 738915
3171473 6744563 194697 4515861 7065125 9678075
5988553 2218343 464332 7636062 9930084 5192030
1520258 5068550 5092173 6230667 4875336 1950947
8854698 9722215 2638620 5743986 519687 6563631
923450 7079347 4742113 1019683 9796259 8192772
3432525 4893230 9598057 4105213 8108326 7573168
1682600 710380 8937323 3295291 2356807 1736097
762258 6312463 7504131 2360467 9952483 7243775
8632631 1935440 1845144 5163378 3170 811896
5353864 4811373 31197 8388633 1834188 3710928
5404547 9464123 7889693 3902166 2757598 9628523
7961393 9513888 1281698 438129 1880480 8261557
6143603 4701753 3367697 3064125 1130147 8997781
1876360 9241177 5884292 7689376 3457168 6914360
2758278 7080327 6714897 1254363 9266186 804647
2682798 1831987 9853779 795566 7191969 5227777
4690534 9879315 3243547 2733410 6156922 1012525
1222377 9927924 5788851 1826028 8156908 8653608
5128244 4594707 8045221 3385089 7936821 6162121
2385461 1696167 7243954 4829449 3866779 1440044
2558037 5356457 5975740 9254011 9281714 2348883
5376305 5105394 9565446 6798282 1338195 4212628
964832 8080472 9336095 4897948 1165645 9845416
7113779 5345372 9332233 1134138 9924824 6530843
2514928 4003936 4584346 9951424 7507257 4682136
2647102 5697774 1512799 5903307 6190759 2533222
2446978 6664757 5739031 1239301 1934437 7143293
736459 8433579 3991424 8513964 8538576 3945661
2030786 9316848 8441823 1129231 7237767 2186222
2310091 5120858 3783620 2549906 3575149 6625819
592672 9590733 9910908 9609033 4966951 1928874
8518685 4246419 1863654 7251970 9531387 8904033
9363205 7293928 5549856 9622326 5454263 9123350
6907463 8478631 640569 1570155 3385102 6535371
4457319 471722 7216937 8839049 9710551 8285636
8094566 2595338 1815980 4812106 1764305 1896530
6049150 1961178 1972445 1704620 857516 4051819
1814323 409863 3411531 9277468 2985067 4510966
2236633 9199014 5905844 9082331 978530 6572548
3573701 8602907 9153135 6490299 3108894 5039671
3728686 58809 8138896 6434013 4608669 9350362
5427206 5458565 9801435 7271671 3602624 3158434
5685846 2699415 9303973 4316344 9546640 3188291
4760080 7758457 4511549 9430870 7907904 1113309
8880297 4864461 1390230 1643347 6369921 4250214
686355 5864299 2762870 8562386 7413442 9606686
6872510 1322191 2925553 3215208 3377502 5923305
1475940 3726572 4733162 7238633 6469268 4603398
3061248 3712752 8337583 1251407 839899 145570
3724007 7740343 3478779 137388 247383 4332950
836581 9666831 4464017 2738250 1274615 926877
311070 1662781 522314 6004809 1301269 1274303
3782632 8893048 5665489 5236692 6399935 8008151
3336796 9316259 2655432 217429 9756854 2548653
3526564 6094845 1264217 74180 5518245 2900013
7188235 1416442 7020283 2727641 6723852 7039792
8528879 6215709 7077764 9927653 1647071 108533
4982873 4948642 3347949 5062755 2057660 5519205
9369353 942249 92722 8638618 5979953 4088802
7931618 8677331 5543214 7962674 2014647 401267
534355 1546671 3581022 3525688 7179411 2131288
8863122 9749370 651717 977590 9021251 7851719
9595045 2088242 7571480 2404649 558276 6862377
8016377 4308533 405930 8299618 2563638 3749883
2278191 1862192 4065384 2762971 5493373 4210684
5953216 8817312 3209019 7914467 1531332 7192756
8890297 4154875 2664435 8058017 4327643 5179826
5587201 6381134 3789342 5185083 5132655 3848122
8302002 4862049 5204741 16783 232502 6519968
8501272 7475558 9280768 5302912 9787496 2371059
3524398 5465037 2058873 3692086 1643943 5823015
2397708 7291274 781366 6351323 6455509 1385691
7674030 3369318 8541612 34505 7339934 1611361
7310845 3289029 1747941 8583732 8560526 6652778
3186163 8699765 7114259 6421723 6601484 7788629
1774061 4632874 254948 1978598 8536261 6530220
6181514 2640154 3726548 8389524 5236053 785486
6535263 7009092 9465549 5112472 1390251 7069901
651335 8622166 7302076 7195289 7021715 5640547
2081015 5880010 4332491 1873809 3009787 1790490
8173891 1571870 3826226 148204 1531328 7595157
1415302 2086909 5472626 2467154 5862092 9640041
3003876 2648437 6879677 3587397 6478438 8077257
2121749 8901603 8821783 6207094 1583077 9256480
1331568 5159280 5270561 2408152 6587719 6680838
9119374 3604192 6757642 9952714 7230889 2835885
2670858 2807175 7006278 5867177 4178495 4721107
5102668 4367617 7198759 98694 3512087 3818735
191016 7941430 55172 4933833 4686694 6141566
7830888 795987 6742737 3120369 6679339 4633422
3385135 164365 1308353 3201876 4336726 5146435
2693732 7248434 4605126 1813131 7368044 3630478
6564082 3449476 5462364 8628447 1035401 8889585
9726195 9511528 7334177 1424791 3260081 9552664
1909520 4199033 6596240 6620363 9355334 4015335
2961112 8915221 4563601 7005870 5868155 7612555
6047354 5799245 4191421 6124896 2662265 5908900
861246 1221477 2305389 1996545 8697065 1331847
694826 3584158 9483985 3306790 2831222 2896749
4455394 5356423 4236024 256803 8209840 156399
7353654 4674987 1363746 4465375 4071983 2383251
5059712 4638023 6122902 8610314 8624804 9081543
9847345 2713263 7108965 3136447 5606690 3135693
1077747 8055993 663215 915912 5810231 5151177
2561616 9560416 2936181 8548512 4515170 1459517
332645 8294263 7984022 1042631 4188728 3985918
4918241 9883640 555379 5731454 3423002 4931458
6009637 1562182 5669531 3429547 2885254 4918041
689769 5326031 3471912 8384466 2731031 6660474
1552950 4891968 415110 5423713 6774797 6796670
3818327 1321563 5973846 4821346 2378523 6105192
289672 1090319 6220398 3663509 8893400 2221602
5110016 2742541 6762673 7682541 2797976 9378101
1922726 6368287 8740439 1380230 800233 2610737
1040002 6052527 4549398 3854182 5008039 4290482
7003039 1325004 1748703 5604701 2060526 2242469
4545319 3021424 1182140 5965952 2405543 3724205
9620311 2794443 849087 2932949 7532482 9099206
7577603 3725595 2311847 2813925 5781544 6672045
9551525 8341903 4930687 7663653 1658023 8732644
6521375 2100166 8658998 2933228 7466105 6080218
5221101 1112925 6141383 5482484 3650613 7831030
4583835 2178363 9783382 9395377 3801265 4857499
6407261 453515 6700507 1699473 3485589 4146664
15511 504423 9872187 1868960 2489996 3307935
128816 4339513 8514400 4326198 2053643 1159219
5501512 3556507 2244226 4083896 189608 6454050
6219688 852481 7503865 5536193 9402952 7062360
5095045 7130695 1892828 3504529 8879701 5415657
1068795 8033133 2952859 6924711 8456791 3414672
8373368 542241 4828629 2141608 7556549 3438702
8693289 8531620 9817267 2714166 1565887 835032
1968265 552631 7131340 6025165 3235215 3157012
5412965 3343585 5996747 3835730 2314841 3832705
984082 1065333 5635477 4152610 2093060 7205625
7733128 9122056 2715942 2635080 2905589 2821327
3646585 6990307 8798979 5090978 6283613 1672268
9700545 4315024 6653559 3509116 3129275 6894030
7255708 3852232 9649327 3135241 5412932 8802637
5262341 1702539 9827928 753080 2907674 50898
8513799 9350430 8104178 7299837 4303439 837226
7195361 6017558 2633167 1664501 4132884 3924590
9454098 6891889 4702874 6852130 7324664 8499127
4864119 7655673 1776797 3579544 7488164 4542179
5825842 6435953 9334186 3303763 2384025 5734867
4601029 5346859 3431468 3307250 914924 4232571
7324921 3338401 7630357 2066757 3838636 1050303
2325516 5317224 4165610 3965687 296849 9454573
4775388 7425588 4460283 5122892 3340460 3039341
4205765 1718881 3029979 5528448 1006503 5069956
4549153 5255 3288561 2010639 3542786 4028535
1209831 2114951 5342976 9212683 5609065 4478447
2006993 1150763 9794999 2636550 4187893 2646102
3422824 361854 8113057 6860931 6400015 4184103
8049375 6635898 541623 3193067 4182391 9131489
4470188 4077831 1615021 9573359 3214508 2343358
424600 9083835 2394246 3516636 2901460 4739254
689106 2286625 9748808 7846531 4178796 3590695
2275652 6630438 9524682 9802533 1799796 1562505
6092083 1930258 1608620 7890883 7720039 2120261
4685442 9526533 5155176 5619555 7046829 8284859
2462786 2821914 3241331 3955556 5481202 8976168
9690952 7871066 8160915 4528972 4876838 5697100
6967636 963552 373696 7483701 9959589 6538264
7646071 5992370 7958019 2029570 5087793 6064081
2751908 4721131 3094944 1490200 1553949 7830573
3609197 3904700 5391815 1988262 1258990 9694416
2852728 7327696 516167 5538570 303263 2399440
6035626 1269292 5193458 7566523 613833 5169699
8653465 1132519 1798227 2635051 4986083 7293421
2777228 6537817 7199682 7859668 5267488 8842520
4306290 7930339 4221437 5882152 8883257 2903751
3469642 4027508 5584634 3841418 5158111 8380957
294459 1299204 260313 3918693 2426982 6578352
8531271 5078659 5118911 9409145 8156030 489561
2324141 2537389 1908889 9255803 3911795 6326161
2307748 5519956 8168320 9123740 6432640 2073823
5199892 9592443 5359540 2271365 4961917 2353581
419205 1505633 5773400 9929797 4036596 3933508
5510485 3893293 2117552 3539598 8419788 5630301
8159581 9790814 3619183 8013932 4351825 8388885
4080733 228505 2190911 3904675 2139210 345999
9930178 3493408 6042749 8675615 1692124 3471879
5362086 6342280 5840919 6132435 4053486 4843730
2055137 4389588 390586 8163166 2788182 4913950
5640575 6447357 583147 553456 8823774 8460838
5431493 7863164 5238223 1782112 7366156 4995594
5297935 4254510 4211569 83693 1049156 1551862
8584007 5159897 7886869 9776065 6257352 7859505
8107326 5651950 2155110 6060532 2111108 7462128
9283990 8927668 9905437 8978316 2361252 120975
9103884 6462820 1921264 4969877 8058860 9320046
7689247 1078593 3463885 8405498 1863652 3100005
4048661 5188414 6205816 4697611 870133 8144057
1437762 6910842 6012749 7693798 2176551 2716706
9759282 3729858 7880246 9296814 1596306 6827148
3848837 662303 4906538 5628295 2947991 6178923
7521064 4564379 334628 466667 2208688 9182609
5701417 5240 245668 7540119 2248053 2823461
1729853 8351964 7127296 9683752 2719013 3675015
9761570 9387643 1683373 9242356 3669790 9319646
9492249 1768038 5646144 2012922 6179744 258057
4394610 7303001 1727652 7806308 2136940 720615
5333277 3603892 982978 8067512 9656447 8328214
7932880 2737263 4229180 3632997 6516839 2896743
6490507 3389732 7916899 7785246 1118449 9118590
6461212 4050647 7072442 574200 2743653 6817515
2782912 5707587 8497982 6986846 1084287 7806536
6777503 2012108 4091286 798561 6480280 5384920
9817663 8851770 2149191 6616709 4100947 3102226
7600829 1926152 5359307 4586283 214228 8864791
8380777 4382059 8893504 867251 6109432 5620420
1671372 687847 7687691 7999068 6421129 1147760
4027539 3524982 6879776 5418739 1890968 208157
9595420 4639814 6083986 4673183 5616751 8649921
8008272 4869823 6575399 7522597 38228 6500231
9811859 2728452 7419267 5109321 3928364 2171942
5658965 5192042 9004191 2638219 2430405 4674172
6262705 7768213 4714384 7798135 2544977 4723946
3289280 976872 7638077 1769932 8190067 4894406
6894810 4290942 9040788 6622463 8941587 6523625
9316821 1832332 6082061 8884240 7280585 9216838
5470983 627183 1065813 5558465 1600218 3709268
9021387 758804 2365223 226415 5307115 7185942
2184894 1671859 1461629 9293927 7384215 9789859
8280476 183904 1160157 1097370 3933176 9283965
9530916 6516719 7857077 8520918 6927369 6972728
4192441 8245605 4240343 240492 3584778 2210972
6376284 3704006 7630063 3993295 1983894 8608108
1190516 6810393 6228267 2868397 592501 4976168
615348 8225013 9432302 957020 39952 8272633
1437060 6567016 3655123 1104607 632417 6007732
9577006 8597936 2632917 6799300 251194 9050300
4715230 8703922 3533675 1959633 5459609 3918614
506882 2886907 3189705 2399485 268786 1158257
5495786 5882838 8082119 9587647 9285439 7118101
1640065 9828215 7194519 5059384 8367731 3620269
5291939 5417855 757476 5535982 1820212 1538126
1149909 1229313 5945353 4660782 716927 5023766
6233905 8299120 5007791 4515466 6310954 3608849
3768021 5442714 9311463 5779231 7816104 1679822
4832983 1876025 4280611 1556499 1054676 5844420
6830990 9474980 5804110 211818 538979 8147472
6502205 2294279 1803335 4407378 1703503 822044
7012425 9053024 454550 6050712 4745296 1864713
2035490 6144339 8787081 7180884 3996461 7096682
9614031 2129521 1552135 3551538 9958785 8233268
1444090 7341789 4435432 2322567 501847 6592129
5344733 3662371 6885875 8431368 6043232 2111560
7435238 1350285 4846798 8538437 3034029 9195630
3421794 4167342 5798198 2788015 532195 7234953
3742990 3622118 7848930 2789902 9623065 6897881
5553505 5892887 360246 7934311 9940591 7521648
6239611 136968 1500416 2772088 1779343 316300
8665122 937822 8150500 2599074 1908418 194854
7649186 1383218 8167862 9564952 3114514 88480
4225444 3068933 4767286 1460306 3624250 171165
8080767 8104677 9540560 6218032 9501085 5235037
6183081 5723207 895341 7528811 125646 2311593
8235311 8175730 7651991 5105081 981054 2898493
3762364 1084021 8769679 3825743 8685041 4877833
3681564 7162515 8778458 7337749 2608161 5780941
7853536 9788376 7157958 2081290 5342984 7991842
8524461 2202119 5257334 1443980 3612426 7510153
2398797 5515648 8972384 2827346 1901217 7753408
2396365 9628033 189082 4790848 3891012 4284733
5243533 4846793 8741342 1862044 3377490 3797559
2318003 7352022 3049096 8297449 2511202 5194001
3067758 1977573 3961165 7805609 6834257 7443986
843724 8230008 5793984 1328485 7222667 1436892
8678304 5075568 5481813 8934710 7750189 6592587
269750 5805261 1992837 1768807 9675535 9190128
6331995 2848061 1914872 8906599 1012465 209519
4666971 8828826 2345971 5022554 8706408 5305684
2844937 2855219 9652435 5474322 146233 7732077
7592295 6359143 7457032 4817012 602857 5718601
1537698 3766801 9165335 7498912 6173921 1342721
3331433 2495298 5039751 4869870 9387837 7790172
1565396 418421 3205262 2215105 8787703 6058648
3692524 9744266 7858344 5166509 5964641 4612177
9675843 2394316 4983826 907651 3025923 1991581
6864070 6790264 4263352 578106 2040258 911334
1654539 6790269 5540741 2719352 2933441 4098900
7823968 8334429 483580 7984523 8367066 6117105
3401114 1366218 9273863 5210854 5211423 9236233
1418143 9501827 6254379 2759654 9058623 8934472
2307187 3514222 6909375 49353 8738491 5126597
8893268 2983483 5565064 6597584 6346650 4500174
1880927 4708489 6983386 9875581 855827 8684969
8166216 7263228 9182211 5526693 6179000 7056981
7564664 5515582 8006429 672733 474410 5134650
1623201 6091233 3269361 6320597 1877049 8454539
6935707 6680291 9845227 6360067 7363664 6671902
9091283 5595878 1038904 2967837 3375233 4430977
1147116 5468176 9370504 7175294 5383758 4421483
5061423 933402 4380685 8356521 3287759 9929430
3536888 7499795 2969484 4452711 8973077 6243092
4849566 5685722 4636045 9547201 3384677 6226973
8072791 268079 3115344 5307175 9121831 9286211
5811311 7828669 1338756 6338045 8300866 1262980
2057573 3979460 183005 5933080 9127749 5869685
3812164 2329237 1748818 2905789 4568593 4985892
6422611 9439897 5649304 1445828 8995769 7076902
2392117 5596312 5690295 6494020 773012 7109325
2793137 2699229 4479033 6025745 8575893 510850
9577885 6630452 8466175 6812705 9628868 1847909
7913081 4581902 9289072 8406382 8813118 9664855
8305484 3244207 7704438 294875 6959080 147477
494251 1819661 6116967 8000116 5624737 7150720
5609025 4792401 7932111 2254426 105483 9777297
153581 4547512 3346325 8104008 6408734 4385667
7701938 5611948 8608452 6639317 3968592 6353951
6792235 3591657 822445 1877277 9245126 442694
6199563 5238949 1757276 5639596 5038866 8208041
5015583 7553122 1700965 4980029 2539246 9018509
6266623 1635752 3814951 5923170 9328718 3541573
2780887 1784005 343848 9620407 2565418 412418
6775277 1927247 629364 3389793 4869404 5353347
5374227 9556672 3906179 7183583 3882937 8215762
2822423 7819199 8091899 9318296 573386 5824353
7814438 9721831 6019182 5944648 3582616 4139988
8110440 4487205 9167930 9676649 5342533 3676730
427078 9578447 7542481 8347959 6755306 2917858
1856970 5889491 4731137 9412104 7116876 842384
4844249 6161912 613913 1655307 9254747 1966408
2933243 318420 6352290 8081741 262685 7197122
4152711 16911 1808205 8338754 9848415 993421
7017829 9217853 2773903 5840093 2539172 8678613
2488234 4215069 1236749 8229038 8364155 8490888
914252 8532867 7049439 5501163 8089918 6165418
8476016 2314859 4197506 8022941 8898398 5687712
1486393 6883908 9252147 6169418 6472685 3860971
468418 1594235 6540637 4686925 3741985 2604303
4126884 3290296 3868056 1323026 936176 1508771
8081337 8377318 8506481 1565651 1113548 4755188
4747097 3460925 5236491 692393 4587525 3147812
4534501 9095179 7763116 5786529 3501075 9312203
1544891 68874 1152845 7251991 8674613 4364096
330401 9360591 3120684 5559255 3489774 4770251
1614878 9511254 6793708 2975100 6528217 8849015
8646759 4952971 8941035 4672214 3697732 3275013
9476401 71552 573048 2330738 2228476 7687212
4565654 9965690 7827613 1750464 7740308 5083099
1535169 2915894 2866054 2603209 1132064 1679765
6413667 2219287 4443165 9161886 9376487 3533300
1864695 9220404 1370965 9065136 6432558 2972963
2831599 8709852 7369602 4427766 1825845 8394069
5063618 474027 7956297 244919 4255059 5433785
3272180 1508976 9417007 4804376 7876937 581920
31369 1751999 1617318 791155 3388710 282522
9456781 5114290 552045 9362402 7976105 1316111
9801339 5901645 6003030 8251109 4242624 8322547
6318453 9236075 8690583 6687721 7769663 9222621
2507304 4476288 9552000 2100820 1938531 4276997
1355498 3097144 3883079 9889342 6350218 3884631
1327328 6143624 1067962 2003180 9167114 1754261
248119 8146645 4641635 2258171 7344893 4211368
7058920 7224331 3711565 7423341 9446318 5206925
3325555 9255035 5145882 1628696 7773875 2091037
6547532 7713463 8948623 3437574 1243144 6710454
1290491 4009315 2292879 4221496 7268409 9469742
5320297 4445171 8182278 269214 2907811 8766723
1634631 5228123 3991047 3067535 8625434 6528149
8392922 338581 7524395 8379525 1121070 5211143
7200848 623808 3372125 7175293 3412765 5421934
9476825 9820908 133527 6182453 4130411 6215304
1003692 9266970 3600620 6008393 4569836 7638575
9145656 323143 6144276 111859 3204229 7553501
2424370 6089856 5843433 1562270 3147799 3640249
3961748 3188444 154655 7846521 871294 6269917
155877 4318882 8725612 8262805 7340842 2239294
8993023 2831967 9765755 4590294 7003131 406654
48756 780617 21824 5466129 5722545 3399961
979062 9844428 6149580 2002749 5503896 9423392
620354 8546879 5230679 5308327 7023218 5805395
3830669 8108442 9513730 2294604 8879087 7565300
2158259 8642171 6746465 4134545 945439 5693220
7227773 7161124 6623002 2454284 5471667 1629609
7753670 7837335 8109822 4916006 630937 940777
5990808 192206 3318719 6224781 7054105 5931440
6058747 9800775 7461994 24799 2613357 6460345
2570964 3187587 3891820 844788 3590100 4248532
2885334 1841019 7972325 9128335 8741074 1205835
4017972 2052652 9969452 8669732 7416499 1457026
9965625 9865512 8663948 1560712 7003499 8767329
9805994 2659693 2142166 1976589 2649685 6877719
1523925 7277924 1818025 8789765 3080399 1764234
7918314 3803370 9877497 6611437 7424839 4584431
4607533 6703201 2292045 5001116 4558717 9228368
9788292 6379201 744294 3558392 89052 7673121
4976717 8264036 2030364 7174780 3168296 5170927
2166802 3105450 9705531 5501249 4025110 3863734
9027358 971386 9311567 1226870 6245767 3948709
2871486 1302163 8688632 5646596 2118774 9932650
9776173 985791 6779670 5890135 7597548 317212
8118112 7880456 2377789 5589545 8451191 3952611
8276723 2921124 9215009 4352488 5479344 2867200
1229132 5709070 5340986 6965099 6252004 1295118
300548 4183133 2706662 705991 276302 2911225
5234432 5904787 7103655 1569833 5339037 5415254
2351859 2958266 1172479 7480899 4821646 4804475
2576743 8570556 9042057 1804974 2155961 8482278
1648971 399047 1985723 8573650 9356240 4367777
1823768 9061243 6791334 6453826 8451548 5579479
6597151 5283121 5418312 5873569 4259626 6168413
5433787 1010596 1816031 4299135 7035039 6014046
9817293 7280204 4355974 7777447 8952627 4263188
650333 6348432 4948466 2794686 3331024 6111185
5180512 9885920 4493263 354320 506795 9565654
1565025 6373445 8655382 5230005 3171574 9849468
2735329 5525635 126608 1795452 3460569 6848864
8952272 3353456 8357763 2884001 5142314 7096647
6923181 6057339 8149086 8334470 6926169 5563021
7508294 5795405 3569269 4830026 8466320 2517317
1343686 1497151 8025428 696052 7084327 3653480
5031733 8751209 1583347 3576914 3180982 8945738
3570998 6743234 5071050 8488252 3826457 4654598
1151477 4098351 5883077 4571195 6590857 2130298
5549303 7511923 8996714 6246460 5371767 4212078
4946730 4642901 8894428 2389547 1889556 2512125
5764137 9984895 4935822 6629709 6271721 4542616
5533600 7262170 1171795 7228659 3664959 7050282
5015037 5730622 960627 4029746 6155241 9294112
580602 1922007 7131759 2929158 87060 3053658
3620663 3856224 7684707 5333497 7408919 792928
6239714 1523279 8405044 7147498 5847388 8014252
3643192 7659591 2929080 4285288 8623494 4670674
3189434 9715299 541413 3572869 5287313 7657009
2123498 4039797 855858 4441179 3269431 4021682
1675370 4501304 7112993 3396001 3108263 2546614
7532881 2635138 2800442 9060484 4072070 7401942
7389786 4089528 481248 2060985 760467 3694393
721985 9283318 8789652 880524 5283993 9013555
7137987 1985056 6556169 9941505 3002444 4236464
2952485 9852135 6874922 288711 820893 704010
6305208 7150592 1188463 1426389 683840 2676132
9744953 2896943 1244548 3587237 2122371 196206
565390 2220189 4762412 3431277 4130420 4996115
9204781 8954814 2931963 1880422 8995461 6213852
7062552 7594122 1578401 4905785 3374149 6468138
208360 4703505 5056017 7784496 240826 1399718
5355669 9284062 8350924 5334748 833635 5741864
3319802 4586535 7439367 2749024 2123988 1019748
5654297 8006808 2787770 9812162 3051416 8773918
8399576 7243273 7097810 9813847 1592881 1396861
1985145 2402129 5650726 124687 504962 4805711
3320832 6316031 8953416 9874112 2551480 8689099
6714805 4208907 5136322 865479 8758487 5650272
4229325 954573 4632625 1565153 1266751 218469
1458339 6903088 3049650 6463026 4950776 4025069
4283789 3587386 6417531 393844 2208124 2916976
8053379 1286379 3813040 6257461 2933083 8924422
8619196 1548448 4949764 9377857 2239241 7265312
4766055 8826640 5064169 3763538 9995995 2879663
7443936 9145078 7653822 2375752 1704414 872140
1786367 4884902 638272 5575271 6000911 5361562
9409988 527014 4291116 2360751 1149475 7775670
1421844 9355559 4884437 1913123 1626518 3334066
9452231 6386315 3636997 180293 7119597 7735424
9219195 9054170 3612948 148065 6074660 4940138
1594693 7625616 7524205 3451611 4333640 7531726
327883 8940224 5548242 994008 9633099 861331
6883626 3972094 3252171 6982635 6867361 813610
3770861 8908630 3738618 9297685 3637117 6495686
3496687 6335429 6607518 9480687 6233687 1980187
6889712 9046277 7049947 5905026 3031492 3408734
3079247 5251861 2241998 8476837 9515932 2464512
2846312 2252520 4278240 8187640 2277745 2183753
2838519 6446088 879090 4772403 8109616 1899721
4274430 372157 8361117 7525538 1801588 118312
618170 7218185 9728257 1500825 6669352 5586919
27435 7029436 9917345 9325067 2933205 149227
8171484 1674868 3030265 1310134 794905 5231339
2629150 3839772 283084 5283060 3789404 2711600
4395362 1764252 1356037 3503465 3674043 9388783
6803757 5630467 6565122 4357299 727915 6719487
4597704 5799015 9196644 6148378 4522797 8182432
6449835 2310540 6218698 9525357 5919680 3372063
3897075 206709 9516540 1958653 2727228 7847303
1579523 8869572 8818520 5586695 9273391 3906075
1244035 1066178 4941770 6924435 4670666 228874
7255884 5311312 9093923 9471561 1133146 8372077
5734903 7103940 2680299 783119 1713663 9308371
1922348 7307565 5178893 3083568 639652 3141069
3561889 7987043 2574996 8383120 2630329 9221311
6559601 8707143 705212 2364810 211027 5920683
7448431 8985672 3635942 6263442 7687800 9624952
3755615 5384717 5464689 3293359 7713690 2306368
6493365 3316408 845051 3309526 8362313 7123603
5436232 1199445 6305587 7631699 1961416 975378
8956601 8421664 4490039 340249 1661979 6209955
4676146 8606714 7239530 8380703 4301214 4065860
4962830 6985122 8621521 1979511 8536134 3726954
5559545 5182774 2040962 8303728 1541750 7859132
6187814 4738067 8474506 4825265 3709481 4244166
2284614 8907523 8693183 8419904 9430719 3380209
2552791 6268747 7526647 8217062 342810 4805070
8289843 9881146 8649015 1343337 5580943 4292973
720671 1248687 1829091 2198650 840753 2241919
9235607 912784 9867703 6526883 302421 3216068
6931973 4491635 8433216 6950963 6785 1637873
701161 5691688 1339113 6419334 6536487 7651340
3344048 7885719 8483850 3873356 785800 7045322
9280438 6145935 2968704 745084 2100333 6746119
2108766 9344033 3979186 2302228 8501217 3318205
9829452 7497124 3134754 7034560 1844501 5134712
3782992 7701773 3277525 1299601 7807864 4238296
5239256 3978317 1751431 8712328 8163520 824503
350853 5666670 3512487 9872822 4332792 2218444
2702893 3594070 754966 9303456 6562965 423127
5789725 6487358 7338140 6430682 45598 2481155
6006301 4582376 8754083 7062243 9354807 7910369
4492348 7886399 792988 9094297 2720218 2963997
4500521 1440544 9066191 1064527 7195322 242180
4654125 5381570 9665242 1382963 204619 4416386
7772782 7112232 199780 9136721 1096710 4538646
3753589 6378329 7333332 7287782 8318462 6209025
3145994 1791309 7695900 7324780 6315758 5874684
2347058 2603244 8260534 264604 3428269 7450783
7378688 7943505 4556096 2975722 9973705 5426080
5197690 8789728 945462 866329 2082527 6626429
1640740 2789787 7187933 4026279 2279531 7276707
8004472 7855198 9503128 3960830 331387 2809623
6408476 1926691 31879 6446574 2284066 1292398
1213718 5303511 1713283 2730651 8104753 2096844
4715567 4740324 1216214 3409928 3061455 6162618
7822990 5535266 3624275 6225500 1623076 8441748
5194924 4231968 7440867 9067038 8068230 3522804
7243464 2094824 8080027 6652110 8538311 3163901
842057 4544456 6035774 8884353 5961417 8750222
1410654 7815181 765848 3717574 7131708 2827442
7103490 3783309 6377869 3850240 5463676 6121006
7632677 6388666 998183 9160534 6523651 2343026
5256532 6881730 369138 3183319 9169691 4905658
6650719 6436562 3031511 3664715 5776642 1929494
303431 832091 5365961 6383507 9458826 3132358
4401915 7792141 962515 736043 6102581 1322718
1230823 5060816 8836939 4536205 8490046 1549735
9026973 4867492 8318888 2680117 1078939 6012685
2155521 329044 401596 7739645 5539567 6035988
1225252 494179 6260877 6470506 1796083 8618448
7286224 962115 4711689 7951083 5731878 8137978
7561824 6010500 9781899 78633 9267021 1648362
4577529 8313851 732217 5640238 3618666 7491744
9848849 8117278 7024009 8801767 9319491 6647792
6636593 5605599 8314352 7500036 7038907 1124439
8152248 2615592 6910417 1657749 7068996 9773189
3579752 6566989 9060396 2932281 4937574 1042529
2386878 2422006 8954124 5651230 4752489 1173695
4398722 7609508 227705 6284345 7556644 9530474
2111121 6760116 2470714 6719296 3435562 3890773
5703337 9145413 1722124 1165066 5158387 4936829
7824996 8254522 8975654 4228990 6387983 6495469
4437868 2400218 2994498 7839064 8607901 5137257
3315045 1602867 5833895 4532155 34990 8553445
8562855 5619077 7854389 2851741 9636302 1785737
1984918 4601304 6183247 6575994 9974992 6949891
6395382 3999964 8502286 9261739 4204069 3281545
9014729 2358855 9345877 135519 5199034 1459387
5594353 5537867 8457776 9279433 8168669 1986755
7777177 8358460 2864210 70311 7848668 9785312
3785450 5484995 7108343 2219779 6859697 9904376
5276431 4334796 2981667 3480706 1667754 8149359
1866610 1454495 4143173 8388541 6879583 2668627
8314308 2724761 8896526 5349013 362011 4098031
3202200 4278653 1685839 4332626 4642124 8963322
9408225 2011293 3623576 3902887 8954083 5257725
6386177 5958848 4687625 1491488 1366246 1228292
2547512 8895177 341609 7917354 7935427 5700471
631888 1203805 1306806 1499670 1644271 3983904
2201749 1906940 3140755 6419044 3082408 4456106
3512162 643602 2905677 2989404 5737394 979985
2956557 6890239 3429655 7615416 7926755 1914922
9971974 8983536 208194 426214 6490873 5703169
268666 4552259 9135218 1930430 7728743 1611926
6120080 5439733 7896477 655884 6128438 5137048
9076929 7024160 5160351 9605422 9188059 6079191
9813110 5172131 3596857 1782696 7651858 4351040
3581464 6753057 6715613 6572182 6271633 588807
8306310 3751863 3945668 6880139 121374 5899342
5805965 2124394 5117365 2198168 1511582 1166038
2817241 7172554 3677559 4189091 9167838 7110096
7679635 301996 52140 8592661 778377 7088555
7791092 8057292 8923182 5457355 3746765 9212667
6745894 8112037 9936469 6272163 7286248 3920603
2622934 7089193 8615551 4928729 8111786 9783377
27966 3465180 1685650 808286 4672124 3194564
7381735 8650543 3525127 5491954 7910821 7464942
4822667 1894434 5538844 8904404 8819133 516618
4854606 9038653 612628 6234654 1198960 8306634
5734097 3779442 7285763 1185273 4014993 7334167
7136819 2937798 940378 7672145 7544134 247070
9805675 5008726 3256690 9682396 5465994 277355
2981577 116359 1121781 4319424 4299189 8570143
6057478 1092236 2417244 908650 3081453 8019945
8095280 6988116 2474303 7425549 6187854 23015
4856502 9336905 4287117 3839679 1011280 3467428
4057383 6073123 7559132 2838407 9978676 1448757
1133664 2401017 2503230 3294255 6104965 1992371
9115255 4640065 5078958 6832787 7464327 4767560
9510228 4979836 1041830 3537377 2882218 8957106
4718557 4043414 4291431 2627861 9728665 3941553
8812090 7368267 1503634 9641286 3335988 2242613
2492140 8616024 7276367 9387351 3662455 5663898
6993011 4250695 7577401 946732 9265408 4237682
124867 5546931 5107726 6149626 4552786 2017485
4830618 8309217 4866379 5494545 1558789 8926334
5418280 8015064 6674811 6972245 5425208 6646734
4561932 6658667 558833 8025582 5532200 6010138
6735591 8289652 6321371 9698306 6899940 7771399
9669472 9431812 1334649 8166036 1420455 4200692
5218083 6532046 8337900 8540955 6619352 8111512
9417726 8763815 1979795 4241871 5012937 2748722
1417326 1931596 1306846 6779329 2609351 2261589
3795048 3631495 3406747 2003016 4797953 1840147
9985930 4164599 4523983 6262390 3722677 3432887
889518 3472763 3618753 4753437 4620673 1344165
9403709 1779381 3846880 9420946 5323057 7668029
7192301 4679813 1590963 3341154 8951345 4470264
9844851 3167141 5788009 2030256 9374200 5111812
7252511 6098765 9636620 7332399 2835997 2452733
4931886 735678 5037963 3143213 5423304 7101592
6655476 764017 9755313 8395579 5104153 8165789
7341445 699770 2760298 188147 4918600 7809279
2746789 6164304 2176049 2600737 8622050 9321392
715222 3953682 7742255 5271141 9914009 1698820
2856875 9433361 2475456 801320 8231127 3731421
2381040 2866898 144689 6582639 7751063 3408398
7323798 2920144 8446183 7728929 1702747 49654
8666911 3384605 7982346 9919449 4074262 4401730
5523756 8701557 104431 7128607 4548294 4715248
450212 8554304 9738343 2071354 376361 8715062
3894810 9920398 7219220 4283278 5657073 5334297
9371108 5848152 9766779 5207379 4915802 7237768
2713636 3034539 2198310 768643 6199618 7315493
5632935 7779063 6246318 7670620 8905489 2568742
64036 7759419 6619145 4776877 5026108 1105723
9288868 1932440 6926182 2218362 4767320 2407575
4851080 5022717 5526495 3730563 8024786 4455845
8475897 316604 4405570 5735704 1606398 5596242
3824193 8014962 9123665 7134981 5255359 1265441
7297184 2075923 7886745 7808072 4574094 2831677
3400977 9971970 9768475 8095286 5756375 9911638
3132352 5004540 2522424 7317863 1833904 3549587
2215490 1348110 2190905 5447237 1602708 4869949
5211960 7266951 300570 6750949 3538056 5452499
2253596 8404255 9427697 8094302 8141657 1078876
4353505 7445362 1222020 9049414 1770457 4732813
3395641 5628083 7869514 2539548 7253855 7975207
3439640 8102727 899120 6289330 4387380 286628
7381158 4980377 9420200 2410459 3499242 8349084
4730387 3041147 6920117 8064529 6835051 6142966
1046938 9274207 2072201 3271318 9580628 2674819
2682450 4157918 7306492 1306697 5256477 8594001
6184675 9816792 2735457 1572441 6339620 7446415
9690376 5936508 5572285 1670323 8224658 4289715
2414780 4493464 6855809 8964962 4417627 5258939
5662486 311774 6437576 9046457 2082005 4638372
4608957 4106016 7366480 2487759 1431210 132728
4520789 5930016 8506884 1945016 346301 8951427
5263320 9452153 5496463 81706 2147572 100403
5186509 1733113 6139951 6819247 2423273 5587677
3058057 7736014 6780204 8661678 7982790 1453709
3828778 2053183 3452537 7667152 613631 2140591
8477211 5746355 8940780 6081336 9446803 1922821
3906756 1997709 3648363 6668392 9201796 9355644
957406 5462066 8882765 5963094 4377503 5440645
1146486 9472205 4738934 1216185 7104063 4677041
5785940 4930685 1515056 5194821 9552607 8476063
4356933 2516059 6318353 8299758 5950439 3548278
3028182 3302784 4470829 3709577 6094947 2724479
7553229 8426510 7389451 4023249 452779 6928197
5795933 871551 4532191 5448177 7116414 7090475
6975229 9344406 546525 9340004 3336850 3443807
3236575 5611879 2184504 3578131 8200339 8018763
9188724 6679489 1732970 5834012 7305716 1924726
2579715 6424446 1807715 1435093 5134030 9525595
7271057 1509824 6911794 6599352 4198157 85519
5432751 9700237 9063688 9745829 6179066 3040185
7473617 8756581 9036972 7940806 7565399 7287791
3199155 9244107 258155 4532534 3386771 6203980
7504624 4697043 181900 7613826 2457722 6225665
2979410 3695320 1385099 2576627 1430941 6507104
3573135 64027 6452726 9001998 4077058 3792631
5771011 9780625 114438 7807027 7335498 2900098
2125601 7216059 1432778 7935724 4533521 8250526
3527986 2665545 5802434 2581481 2195462 8890166
4328893 628563 8854646 1788745 9524249 4740895
325898 519688 3819266 5961979 3018690 8982306
2680118 7189286 5755008 8690201 7609545 1554246
3596426 3764805 5832655 3745186 949415 5573286
5272024 3312659 4466949 439995 3060085 1613309
7812405 3002562 2759943 8109734 2069208 6155012
2871217 2975764 4512035 992775 5348431 5393008
8329208 3411477 7163743 7044904 9654058 5305485
6558531 8038514 4768592 4035664 5150768 3103024
5010703 6666696 1949734 8277753 561808 964625
4502083 8323414 2984539 7119714 2367916 6894111
7532944 1410221 1315533 1511470 6766749 4759116
3095233 7438306 2238972 895323 8144343 9675540
761105 1875927 6680752 4719112 2067957 9028448
5722103 9286649 6592035 8239641 9636731 7108552
5152902 9407682 3465789 2401405 4926898 7720603
6811179 4146932 6981470 3551161 9894791 9132468
6040735 2730694 936141 2151855 8579091 4954049
1894971 3382791 994244 922199 4775798 4545895
4718755 1080931 9208135 8736917 5617356 5416861
7795853 535775 745484 2921871 1188112 1520600
3988213 567897 6720532 1088559 4674010 9707362
6998849 7559945 9162623 8539507 884049 8775313
4942196 6389737 6921303 1213393 9866320 4316634
9439278 7130881 3327800 5455003 6216031 6805889
8004717 6933383 6769263 9219915 5621475 6006076
736570 2076840 5420367 6628890 5556233 5437077
8253929 4575646 3571792 893912 1655188 9801231
3766452 1110018 1178960 1994245 7734991 3653470
2780966 2796395 9103823 6038012 1236514 2655195
3040034 2396716 5221663 2466644 8331141 2269561
4776194 6024345 4824447 1215462 3798232 3368017
3343695 9517225 4993567 4205719 2144195 3728440
2187715 9301854 4482215 7793563 8633764 4706167
9901403 6268895 2516123 8758716 7208979 4045582
2243400 6510962 7868740 1023380 911591 3575256
4598585 111582 9998061 4251390 9217131 1556692
3737704 6306929 7432004 396089 948114 9138559
3680144 3923260 8758401 3275138 7789054 2993421
7534392 2195130 6168776 8308363 2723686 4213466
7318408 9412783 7242937 2898479 2968368 7068917
4539333 1043925 738721 4131556 4593177 1926824
3738228 6755760 607073 7597988 3462184 474867
7869903 5196520 5939714 474976 2915119 1702924
215217 3531677 9184405 9148059 7127454 5022393
3513577 6783419 222171 7373818 5951930 2296823
4707697 2618796 2842148 2037056 7531296 930530
7409467 6500746 3952345 6574494 6439044 3042530
5584104 8781977 1057192 9585470 6343235 7784941
1801197 6049937 2000950 9775925 914235 7798901
5381255 956935 9005890 7643648 1185119 3597766
2193249 7579546 6664826 9964207 7258304 4295065
788866 6974484 4636678 4400554 1227950 4864019
3081243 8688188 6526885 8143382 6353524 3111039
4582609 630847 2736489 2039014 5869475 3067631
639403 2946960 3098933 9445626 5311741 2182374
6375006 3809178 4492334 1441770 9782612 2387248
877442 7838747 9291648 2612902 4676250 8896327
7476421 5297120 3137009 1474645 5099682 3791428
2462939 348308 1861375 1753268 1080458 1221255
2171132 3501340 7274302 5523685 8685816 2384472
3225804 9885192 5105796 349422 8606191 4561483
8030366 4945307 3128990 9701106 9688322 1203573
56749 8272805 9977049 8090291 5072753 4882403
5371246 518973 2535579 3653809 3644951 5217001
7507177 7551799 1625297 881244 4755054 5879342
5816665 8641316 7763492 9248201 8592783 9244225
8878297 7803322 8242441 6957886 9031293 9236574
1671556 5475723 3187154 598452 9929565 5188354
3414916 1958392 7460679 7884498 1097514 7791850
3244948 1010593 6335916 1074818 9291743 8734843
838978 2233616 2838398 4993705 8955884 3180983
5451957 9213919 561548 4435119 3634191 7723661
8302452 3436511 6166996 6961622 430359 3885735
2914102 8920200 4786248 4108953 4484429 4538354
9377394 3651356 7200854 4454316 8862989 701054
7102701 9486681 9776297 8711198 5999359 1038226
2488547 5094981 141708 4588677 5613852 5646130
9655110 1791599 828138 3365257 3326580 6721145
1742582 4642294 219931 6911844 5375501 3625236
6718570 3399766 7239822 3299627 344210 4764669
4364795 2860508 2946766 4481432 9256486 838038
3146886 7210447 2699744 4568782 1569858 1803661
6971566 1496649 4119313 3025235 9800665 4306676
1897363 8975282 8511268 3158692 4641143 1485175
5847728 2100310 3918241 7229020 2304391 6279710
9782020 732229 8843713 9176315 3108223 9515528
8725248 6447934 8067359 767535 1165171 3027910
1517617 9022334 5019680 1858246 9766416 70385
9539706 9285253 8604312 6522996 2875929 3111218
8196942 7190150 9733167 2084496 5739532 1155784
9550481 5974546 2106705 5121032 1019118 3613655
9065548 7950489 1281499 3731306 2438962 1503207
3091441 3171160 6461788 8156952 7015462 2735541
5871563 3455933 4099808 6540257 3664613 2394406
1574557 6692112 2934228 8414475 1752450 9228105
54861 6438550 3930203 3444774 8688913 8782530
6886096 6496980 1576516 9579584 1784894 7608717
4859267 6671903 3854067 307073 9762278 4335005
5538228 9252840 8371150 8404292 9048555 6832989
813157 5317247 6875796 9181907 306910 8415736
5037901 3793043 5294122 3047214 5059607 9009595
9698340 8154540 2604031 8541364 7962669 2395656
1490967 9144212 9799923 5083334 2155899 1712379
3408832 6033236 5116009 5658977 7750952 8949058
2059737 4390308 2907556 9062782 8943349 839432
2448944 9010215 1668956 76655 1573510 4286387
9245565 9278223 2611099 8009714 6492974 3218949
6853510 6041599 6361789 340801 1958320 3607552
6858632 5433082 6623089 5276866 8462799 4310904
4648646 8654618 5674688 6061815 3507341 7803862
5492501 6211405 2108768 6016202 667932 3388450
5904166 2644761 1162275 62756 3132391 6203801
9490140 6328729 2844032 4722493 9085146 7670373
2603617 9700567 7256399 8663531 779596 214446
8141428 4094066 1005420 4901287 8459882 7521740
1160073 8708429 4124636 1511589 4232343 2094049
8625162 9620430 6040547 824856 2241269 9154833
7981929 8661491 9445763 1593048 3312258 7018312
4965649 237827 9181305 169802 6180495 3140958
8724889 674911 5750388 9711120 4393979 9718303
1306636 3103871 7292497 3150092 3551375 9255323
9175308 102779 9008824 5365014 3507854 2688437
8692920 2265580 1992909 9969703 8550144 4751223
4082704 9962380 4833419 7775582 3171615 9162008
5745011 1399468 245470 8953459 2869447 1209680
1018174 3177943 5877740 8132537 645415 2190704
1519914 7012262 655846 9537987 9252238 5536959
6645424 7369930 9290462 5219635 7608443 49278
3719588 8579501 1369739 498428 3263977 1250405
6893392 6026024 3317733 7434655 2317794 4406203
4077980 9984014 7413304 8759691 5253894 5232364
1632941 1215556 3164857 3671973 3539262 6416954
5998278 4751918 1561277 8836507 4012791 5242102
9013195 9204510 799390 910391 2217767 5147668
9375384 518493 6071457 2617772 3828327 3243721
4936851 8083138 7158776 7576019 1473127 561245
3073650 5857970 7390404 8964401 4371818 3933400
7257680 2545876 2168045 5538514 2264319 3124384
9653082 5980216 9620664 1273379 8504397 7573645
8076269 1246463 5202505 5661546 7204379 2365296
1372931 137369 9858895 6580857 7196661 5682801
1639167 5974491 418545 2218631 391399 5363167
4291210 5242059 9865270 3669062 7402851 2152429
453890 6243953 6286133 6347139 2334129 7340035
670278 3537055 9006494 3883432 5242269 117981
65882 1660554 1502878 5193072 155140 2104956
5408222 8113573 4073540 8421015 5975769 7802828
7096824 1932189 9362539 3811004 8115405 8339777
6039931 1460848 6081928 9357194 2515030 9943013
6837031 4263915 2364964 7084838 8922241 2495370
1897911 2789767 9961553 2286912 8008833 4937427
8657815 2387674 4444424 6216740 3043948 9495193
3597882 6851615 9910059 4635425 7969673 5207497
1426381 3875097 5129324 6127807 9910086 3222622
8281576 2643981 8708483 2211150 4265482 4771588
6890435 3802869 1043785 3749384 5545563 8239510
3151915 428270 1094127 2690091 1074033 3026702
6522251 4831143 4494976 2044602 1477315 7164858
2732101 4739020 5941190 815623 9542632 237607
6052399 9698532 8266365 213790 7082641 8859418
2674028 1941485 4243053 7131826 8295199 3005728
3651376 6678206 7920994 592465 9876818 9729537
7097824 8503481 5827439 7733851 5651975 9973188
3115088 2543448 6345398 8251908 1732159 8642969
7577955 2749807 9745708 8041586 5812023 43632
2158926 9783270 2065839 2864046 7169639 1103577
4987969 4241229 6893065 2995215 1603320 6715276
3266114 2487098 7596840 3564334 906614 1554441
8730961 1281318 4554639 7980395 6990381 5792236
4613108 9916160 2187258 3407044 6534261 5266022
4404797 7423938 279160 4696894 2784784 5879116
127368 338250 9694232 8549135 9169966 8767876
7228963 9076783 5335123 9330312 61263 8439489
3187292 8433772 3688547 912769 7726713 8323811
1305628 5647095 6934171 9062429 4726799 4017692
3968493 6002837 1139337 3468580 9460385 7659739
85244 9086371 7816664 4100468 437617 5199680
2883876 1759397 6486924 227112 6849793 9791276
8335998 4191893 6234261 2064798 3337137 7979765
6785769 6425466 5293800 3802291 1027884 5414932
2223412 4293044 2351810 99482 9963913 7747592
5465014 560503 6633507 7837265 4600611 5935144
6537464 6237972 8710366 1933691 4691787 572047
4703350 7164559 7425221 9794362 7691067 9916402
1735870 9720620 3979862 5134579 2595221 6492019
1685742 7052674 8306083 1496000 7002901 5719258
9835785 3060060 3713938 9127640 8110791 6861175
8908510 8230070 722853 1921838 4835468 8928633
2033516 6241185 274144 2582062 4432496 2249091
6478767 7953920 8666036 4207367 9848223 2412334
7743736 4216550 8039896 7852548 380236 2417295
779638 7169926 578838 2139769 4625073 4653425
1724738 6038437 6209248 4803503 9104296 4251337
9530311 3701260 3417619 5033690 5330871 8619737
588588 445503 4853312 6462592 9235863 7293701
3059434 2870738 2597219 8360801 32382 3597440
1450427 9062712 8553119 739125 7752874 8732759
5386884 9558162 9477156 8205039 3771366 8703291
869402 3879845 1071016 3114227 2270714 9722382
6678367 3810629 7951793 4303722 4454075 2517017
1842505 6785505 4716893 7895396 871063 9477161
9054447 6045819 1390856 4718336 8144072 259145
8634618 6402372 5491869 3912041 4240653 3913855
1339279 1043431 7997757 6048497 1071586 9496510
717340 5059128 3212267 5305529 5172512 421273
3010239 5228566 8071548 1223781 7166746 7379557
9066313 646838 1415027 5914977 8307353 9593826
5401124 4483750 1580017 6323419 938172 1786234
7101032 434714 1219565 499492 4157417 6857228
3444049 6500572 8970417 585423 53823 4890853
1536406 2816514 64412 5471144 1628736 6392624
5787206 7344016 8503774 5528916 5285444 9549479
2653389 4249095 3050810 1377822 5719894 5352981
3605719 7592078 2874946 7135795 1280587 4663317
6407493 2098668 6047264 4536630 7253109 1228874
393812 3365726 9189907 5588393 9462855 4692714
880853 6553506 9933152 4250350 3761551 1336858
2142258 6602756 9396217 8222387 6380458 5694545
6049355 5226198 1638278 5521002 2731894 3262346
4161560 9171807 849441 7351745 7411383 7563919
4151077 8116983 7952530 3621918 7044235 7459722
5966764 4126244 6303233 3469497 9991047 1327771
7744429 6092896 280292 175441 937949 2393800
6556217 4019127 9957715 3438639 3183401 7465792
3208685 666590 469773 4116205 3380038 6030456
1658621 5590736 6038979 6707331 9660955 196081
5359543 8427894 9385126 3827141 760624 8643693
5274278 8546446 2337949 8919031 9524437 9768296
961636 4771731 9891713 2677074 5060081 3123893
484027 2906751 6112987 2203257 5293626 434853
7330902 9063300 9658358 5927772 9064846 5087472
1802931 902658 4357495 2724442 5253351 1617290
339858 6480870 2214162 4798538 5069612 6673417
1705836 6037389 6567398 764141 6250654 621182
4772113 3337856 2773859 987526 9892095 1704579
3558951 2500525 4209291 6296181 4385831 9217803
1340344 4843264 8862513 8539283 5654291 6701256
3863251 7105928 9449054 6924522 1332274 5281280
2139666 2544798 6089443 5741936 6927700 3137826
9173890 3119609 9012643 4060997 7221169 5408765
9900066 7967466 5591650 8451633 1542539 6298776
7091368 2084982 1233168 3048824 3189318 855242
5864131 1942279 5347482 8081883 1497614 3533515
6267609 6740577 4778756 6343706 6244408 8483269
8670244 8705352 4140942 6527856 4748179 5294816
8575585 3506907 6153141 697620 5709349 4190962
4379799 9151845 4245590 4145485 7133332 54714
5914204 2308149 2243130 6415089 9202085 7739335
6286075 3533211 7194932 7514696 3341203 1520860
4007850 4047436 43148 3692895 4501285 3726319
3298085 7659880 2710679 5275113 6551733 8626809
9838669 3114227 4511883 9522822 9339535 6526483
2225672 7409258 6164502 6888885 442743 1955260
784324 993755 1231324 8345168 2560182 7216218
8554843 7178115 7312741 5374077 1976253 9158358
4606984 5752672 9346049 9024026 9304866 6633341
9282191 2110198 2366976 9038298 3517993 9132836
4188677 4049883 3187965 8093449 7115918 2542461
7182625 9190028 9024478 4887130 9731620 2297424
9764257 3236004 6232598 9404835 6373945 8724065
9604401 1225067 8400227 6017721 1479041 918094
4615425 2391304 8415220 9263893 9985223 3392852
2283257 3968718 5889975 5848720 5439615 8196841
3170543 6541300 1441347 9389112 2846843 8484168
1908864 5866661 6213458 8998245 4456746 1278820
9200504 7626371 5277183 2687850 8044002 1661143
9437212 6092237 425620 5887531 2066358 6410108
5996343 8210520 6939801 6451273 5651194 9073385
1051008 4271670 3279202 2985886 540321 1234886
8338501 4261777 8918118 4779238 7210148 9123882
1213714 4053060 2231678 3337155 9115511 2420641
8590290 7968922 1191716 8299197 5767779 7529111
4728969 7196717 3526419 1591862 4661970 5054180
6032090 3172329 4281773 4254304 4958021 4662687
7675828 9617543 3243637 699173 9845250 7116496
9513040 8688813 1241918 6739218 5971669 2490726
4927320 9104294 9650813 4975742 5580904 9619998
2711831 8201700 8426761 7096856 9030787 438435
1322834 2323640 5126168 9985577 6473310 1128352
6188219 8039681 9347852 1336707 7904868 3639521
5472886 2547363 7251359 4325773 5244261 6995893
4714406 5438562 2456013 4213398 1374742 6845598
8055225 4124879 3362049 8681054 9215320 523441
7627500 8247362 4074686 8589155 7010663 6152840
1269462 11704 399816 8842561 8904634 1037093
4985030 448182 1491216 7805967 3886551 4861737
6675787 6043667 5867251 8899511 7954181 7902594
5954631 8768046 3401926 3900996 370147 3991515
7536594 2154066 5443280 7079395 5631974 9534717
6429215 706930 4764315 8133038 8440386 3911890
4819426 7579298 5333328 1759878 704810 6885936
4095820 5155625 4158191 9456731 2273121 9035578
833752 7174544 7894769 8135186 2482212 7948709
2202821 9428052 3121345 4609986 5327987 5051358
6020286 1391780 3332838 4600829 7081184 6891212
8326579 6394993 1640370 6258271 6945494 3072426
4077108 7664325 8442130 9425807 7943898 5821060
648554 6330564 2229401 7979399 3806584 9839266
2264608 3529248 7261987 8154345 9884606 3515481
1120555 119126 7158628 7197568 4411272 606910
7045442 5419790 1481623 3643817 2968226 2613797
888569 5748808 9703609 9508650 1074147 9302127
4971756 264728 9992053 8026771 8265786 8206998
9085272 8702541 4558409 7607864 4018742 6834075
1293620 5554076 6780209 9662363 4044567 4443756
3436748 4172232 1229632 6848556 7696878 8893106
2710520 8490669 9606314 5142162 8423276 8303713
292107 1142801 1830837 8671273 5326566 91225
3908307 9762298 5597968 4926589 4628607 3773318
8076534 7408983 4319870 2698168 9666069 4366189
4973116 3772608 142691 4575145 3827526 6923746
8290694 4076481 8697913 204497 4218313 6967049
8447 7598147 2656687 7670763 787091 4212967
8883145 4692660 2698739 837676 2852417 3580559
4342383 9441157 3810322 2045184 9612806 4073525
1750505 72484 2881880 9457480 8813752 9569922
6115946 7975886 8244798 8798950 5797051 1652444
7169858 3455795 3280300 2082701 5044253 1592773
431396 766408 1518884 9984750 9292786 4542040
1021455 2634423 1684964 3913980 1218175 4402080
600594 3588583 8065589 6934050 9428372 3672373
4302069 3136114 409090 9525761 8879250 8272745
2607805 2059081 4717741 8215001 5329164 6839163
1215510 4120821 1067952 6612549 782717 9794520
8430130 1075088 7178969 7974971 6877230 5859024
8192047 2573224 4034705 2422379 3177584 1308985
3431281 8370756 7809364 3595173 2717967 702225
8588751 4941149 8395694 4976454 4935035 2284545
7818186 958312 8742284 9202580 3589032 5230965
860087 124011 4290820 1196873 394957 3270718
323320 2365171 9090296 7420764 8471042 5542932
4754260 9136763 686605 8099128 1161505 4062276
746652 6348561 4064391 7467445 8738770 2190625
8340265 2776096 3853766 7339108 3256813 3254087
2769851 7487804 5309235 1402668 4976313 801205
2195000 8408419 1492198 7086074 5696222 1219612
4922063 1804119 6018858 8456901 9586677 2927139
4536782 6894928 4214387 2179368 9286656 1278541
2290059 3021089 7306040 7717829 152152 320271
5086993 7227002 8388980 8871417 4275119 9330538
8806244 3997507 2666258 1740901 7612306 5211530
809419 7613383 1767348 9195170 8052317 9862354
2600345 3060227 1239980 7616640 8074969 1174129
2281931 5857142 7269255 122037 1769483 3097373
9292863 413035 6428866 4684293 9401785 9962356
5639469 3056555 6273442 589251 5295051 1954493
4539481 6325618 9341398 6053908 5282176 8989702
4850629 5165246 9247646 6750571 1066054 1849485
4805203 5294223 7802621 6349842 5419107 4857910
5087191 8642005 7182754 9201585 9168847 4573386
346637 6478176 9375944 779955 8983343 6752686
2739232 7220999 5760 2863909 2875008 314552
8249600 1891379 9628300 3160123 8401746 9591832
3217452 8989120 2519552 564894 7700560 1416047
3976759 8725960 8433457 5840140 434786 9526301
3748668 5766912 5962531 393348 3572119 894424
6064447 3325791 817206 9722901 5415044 2294023
9801504 8507831 407983 4434259 5803609 4338403
3501838 1152164 2847407 4663736 7373869 9415988
6051349 1943880 7092332 1972249 5695995 3811397
5633667 5275335 6253892 9857208 6265662 7582567
7607027 3780736 2739157 8339332 7363152 2988413
3920824 1291577 118712 2872426 2953699 5609620
5710426 9278795 294129 4716172 8279720 403561
598016 5397597 8181632 8725929 9937033 6344905
2983965 307943 6374966 2391666 2616806 556525
2894986 2728622 6797582 1502289 4795518 9171341
2242865 5915571 4221057 7489964 6837721 6033157
8840667 1512128 7943907 4016570 6732089 2135247
5493121 1330786 5492766 2558803 6836152 1450748
815500 1094773 8324362 1843139 6853601 2039563
9586185 9776623 6318448 8137865 8898313 16861
5687002 9855379 2279196 4746569 6416372 1597110
2429053 1798783 7953389 1993332 928440 6086937
7325443 2373093 4343 2925736 7985118 4161938
6918048 7204814 866976 4564322 1198438 9308984
9198388 9063818 423715 7475404 1208976 3664209
633571 3280985 9101463 943064 4822247 7256618
1602882 5964832 7842969 2144825 6909046 6102757
2062222 142579 8346559 5799295 9249442 4134523
892817 7895241 1124138 8517745 5821265 7208958
2338251 124030 291530 4116943 8152650 1167273
2716107 6995522 7112134 9343140 5206148 7526572
1542494 647876 2125549 482258 5304752 1280699
9083873 6040199 9294438 4030011 2923375 4137298
6132008 727687 2666001 7471137 1959986 5254933
2405190 6724953 210877 9800659 8555151 3543018
7628091 8122796 4466739 9680887 7297122 4541491
3862848 994906 2459529 7148258 2470511 3460803
4165603 2281783 8633603 3006660 8791462 894274
7175446 8074262 5063003 3884402 1013865 402847
5804920 798475 7430279 9756993 3876106 8996757
4598516 4317872 4827763 4111898 5682195 1180518
4684759 4276700 2911186 6889819 7698585 4509344
3012684 7198237 8260162 7596413 2723598 829262
5743586 5110948 7542846 3209973 9640880 4364365
2087755 7453087 9529857 6290293 9402994 3722640
6041940 7143347 4235052 1908648 5423817 237145
3359961 5782258 8938863 6946840 2852075 9548389
2868121 2389811 8136253 4897514 206250 1408706
9365634 7698122 1405519 4238766 1164641 3070646
983444 6540802 9752850 7955310 1774439 9899887
5615998 9798237 7596348 1125273 4996011 9252125
2120064 1053347 4750348 6503660 5224109 3945387
2862459 6485645 5042432 3296293 6995591 9607610
204344 4426747 3979365 7107786 4203504 7015619
8492848 2298224 3515670 43957 7975288 2364125
1307539 5731960 1879526 8003284 7983603 9172213
2102725 4475948 2662781 9668743 6879024 9519974
2691700 1609382 6108943 7081439 462057 2290444
7488026 5763219 9239029 9427394 3428112 5069812
219147 3579566 6407937 7390229 6409508 2327435
213734 7122223 153525 1419030 6582850 6694661
3452072 507379 9867263 1099203 8515401 7058778
1185348 5623536 3188810 6441408 950598 7339013
4749396 316069 4586507 5127943 8592563 2267887
5497123 6919430 4062904 8260826 2785502 5095202
1258869 228156 2882716 9131218 4151683 4488308
7518599 8744792 775203 3242498 4987862 4579513
1269057 9710643 6178979 9939873 1934687 9725353
4699410 4876210 1060249 6751783 1099265 534013
9594889 8208711 9671887 5580359 114729 4385318
7630370 917680 4575588 3054303 1300053 538328
2234326 6815875 3204374 7850092 7316750 1355727
4883378 2507947 4801267 8969867 594543 4528121
6315115 2703204 5132584 8031827 7767728 7231468
4166026 631519 1326480 8868677 8738789 3167878
6800712 9570256 9966671 1569256 3874242 5034408
9163431 8009708 3156671 6303934 7889185 1004165
3257090 5438742 458633 1073380 5111490 2042211
8293671 4929916 8639452 8312341 6708191 1021295
5073448 359846 326335 9307813 4694275 4824841
4316980 3185677 7564804 6399554 3541764 522754
1687671 5209247 5261389 1416180 145061 5705197
2291984 318346 45126 8744919 2487961 8484761
6762914 8318180 9378482 6046206 6237755 4905193
2297638 964745 2180032 5443826 140671 7718119
8913586 3567589 8331854 3272722 2990546 3295424
474289 9302447 4192585 1934909 3963048 8173394
806691 3814481 1978869 9624694 9134146 1245490
712493 7176982 7649895 7551859 5894443 6295848
7959839 8372867 4344160 6541430 5398586 778157
2452087 2729209 9476191 7375558 2455703 9096553
6903207 8226803 8676037 6971112 1842685 1249581
256111 2971026 7889384 5797013 4934580 4721936
2701578 5111611 584722 7912716 8155497 3005617
5293359 5186544 1944863 5396875 1387536 7721647
2612133 3088597 8534919 7250161 5870541 7761198
1391951 9296991 4035128 1820689 206599 4597585
4196193 9138834 2845710 301537 4131634 5782387
4467968 4369516 1474752 2351388 4802227 6699858
2354656 6045420 1094039 7938327 6314363 9423634
9614315 9500124 866314 4545970 3731307 7468939
9004563 5456786 8117633 5132619 6537470 1126588
9593266 3683857 4715596 2062005 9549967 7899054
9162674 9364845 3329968 6349122 4624788 4371287
3801997 6578365 4617536 1493633 4343103 4695333
8471433 1481223 6176340 5525273 8217591 3632890
1503815 6606676 709877 4595306 6116346 3630010
35518 5622377 7495565 5549214 1424131 9128784
1125569 8766652 8557577 8481575 1384064 7495119
9527367 5076435 4449850 4995414 2482542 7257041
1225292 3459335 9067194 591018 6712122 4377991
6516077 3575316 8571758 3117542 2284416 9100781
9149655 2166049 5488959 3778664 6349120 8141295
3857610 558086 581472 6643266 8600336 8024010
8263435 5348207 1878766 7072708 1580266 2224547
3097557 5396087 1920880 8692798 248697 7881603
9493112 7781163 3205971 762889 7434898 313812
5274892 7394669 1999204 8835299 7766419 2461992
5696061 4751034 1049412 6536549 3154940 2068512
7633785 5636372 5611274 3709359 1922855 5123393
9321632 1456735 7811688 3688581 5325395 4996826
7552755 5514689 7989737 1478426 5556250 8971696
4548160 2370861 4248836 4980674 7997700 8718258
6808498 1279768 4014342 9456389 742123 5513276
5886917 7830533 3793524 9144125 6484402 3213696
8051937 1389751 7093763 1057495 929278 2711085
7297083 5803649 1893160 1753111 7210995 7730024
5037454 2840774 3330403 4689377 2259557 1846129
147030 762126 5280138 7682894 5487525 8334462
9865034 4728409 6867342 1273198 2698038 9289104
3527885 9439111 4124084 1713257 3929974 7100050
5575668 5506989 9770783 7543165 3267322 9688053
2260688 2821672 9557048 2367385 7782039 6854066
4230174 5028425 8712699 7738332 2271899 6748966
4926301 8310846 4411866 9577015 402853 7898132
7175826 9605060 6805280 1975868 2299457 3719282
7745388 5659479 8048143 5411891 8330054 9096876
6039759 3635429 5525317 4987468 4412148 9860063
9110542 9515416 3655705 7733989 5296502 2859376
3796226 9576443 9585702 4247153 1814469 1577754
3627381 7844496 5277579 100954 2249580 1185101
4872510 8334387 1053924 1894782 2806998 6370444
6823431 6099616 9197097 7766027 3584716 933000
274589 8316825 9042252 6620138 9750101 3239093
8056669 5673388 4422434 3939340 1354672 9518543
675552 532595 3880903 3442513 611501 9049678
9219703 2844700 3469727 1661849 3504300 53422
8651552 8685903 9716697 6520427 8364375 7858648
2753529 5446082 7108597 6233250 592772 8996900
7533804 9365305 1325188 8520683 7226024 8389133
2140362 1875995 9635210 916938 2553825 8027133
7340197 1428284 7497583 6464933 9241499 2548408
1819651 8746663 1393547 7109115 1985030 1665630
2282941 7985567 317840 9190616 1446289 2003415
4418274 8745059 8615735 4997751 7257264 4085692
2278158 2323752 6192272 9085652 1644636 2006942
4673917 5349764 9251750 4614900 9096129 4517040
5668091 2396277 3313908 4570942 1263683 1907323
6725107 5097892 8805625 6812194 5736023 1496299
498100 2251106 9382167 9223329 5940981 2281290
925666 4879922 7627413 4004763 5624895 8941759
4426570 7853917 5073461 8080510 3949483 5810182
1345519 398218 5066990 176706 9028822 4280605
9912851 2926929 1078130 452722 6485152 2968417
2179691 4617642 9402144 3996569 4826009 5890496
2251984 8135579 2216946 5112957 7412291 8907069
8103107 5183544 3406408 3246006 3710147 3766004
2513775 2753939 1766924 3895014 7056143 4162189
3502005 3773545 9073394 9941576 4003263 4770695
934383 8327542 4480075 7644893 6517482 1216879
5731743 5768049 6644328 8467784 2447943 1164297
387888 8071532 4665868 5387355 1499823 7324228
8160817 5524642 4203356 6631990 1626170 247150
5862652 775639 7278046 7941557 6871788 6503350
6625045 3123909 6250241 7110824 7996549 3287049
323401 3226872 4184316 904043 1906566 268926
1292834 2718489 7358840 6831652 793507 8390872
2289785 649179 9985143 7355256 474676 6840787
698490 2859770 969664 8046466 2523282 2843480
7844876 2356080 4723828 8147395 7704738 7616153
2908996 4843794 8740144 4217394 2683822 2899098
4792684 7520776 7051607 4474884 6913722 9413212
3096964 5508707 5174544 1635044 1076770 6347180
7309899 2588981 9353365 9042909 9691791 7475402
7885861 2594967 4096236 1235915 7674673 6449044
6107538 9597489 8607217 1876043 8900555 5637107
4660652 7870914 2900993 9176303 6894399 5597165
8524107 6724042 2384208 1145871 5771374 65005
5432194 1995208 3423374 3056897 4467562 5002839
2099012 2766449 216564 4347758 8046123 8984221
756873 3100333 2127318 6825393 5806283 9164664
6654219 8179656 190171 6584673 2529568 311038
7065795 5690117 3939935 6520470 2820478 5348955
8797896 52521 4976823 9934649 643417 6069323
3057826 9406901 9480905 551538 2941381 5318851
7342544 5169022 2389191 1177608 6806855 8041406
6091162 890658 4240561 7122305 7143024 1658123
6604561 2041508 7047415 87418 2734308 3477000
8871176 2546817 2673569 6635003 9941144 2232859
7395001 2622979 5284497 5506491 7418670 4458917
507134 4098806 8446062 6031810 756642 1962035
720449 9509165 9587890 4323920 683824 6986997
8309968 1941747 3960521 5439189 6319824 2653214
8722705 2257644 7590918 2025974 6413944 1778857
1193485 6619320 3277562 4788341 6751038 865636
4592227 7149760 7173896 7574641 375610 1729861
2237431 2032343 1973987 7454070 9031546 5901386
2125518 7173457 9534824 7775879 8181749 5288954
9875956 6849424 1613331 5043239 1405742 9701626
605773 5755007 5053566 301672 6094547 6423142
6052989 2216400 863894 2904245 992809 7159684
1268095 2359483 2476771 8324447 2989972 2759902
1220843 4303312 8650652 5502537 7338678 2647869
6830976 5333779 9841541 5881939 6012314 129474
5706543 1854865 6305636 5676394 3880501 6514789
897399 4697217 1335980 2828077 7168998 4970743
618996 3385571 3357224 7197194 1030753 3906914
9610447 7268434 9372262 1114278 1512033 4303773
4572317 8351070 8769036 1375593 4702987 9528012
5537015 2741639 1875103 4526341 995713 2776693
4791971 3575813 5384672 730494 1116549 764291
3693397 8403634 6259291 380575 5439059 6617653
7893872 3692722 4429218 2267436 6133988 3761266
7351078 5852506 5517153 4815837 4616519 3939616
1624416 737792 635559 196676 5969656 7162474
808208 3849714 2625031 6016298 698414 70558
317699 5787901 5516398 8779177 9180644 1245280
9528284 4555313 3335737 7351594 2787050 2667294
1709786 7868644 4423817 9234255 2190643 9412970
1888681 1131798 8509312 9054250 6709263 5895968
4662949 3751403 1126110 1631998 6526702 5376907
5727280 2236326 2051907 2262898 9990824 4723145
6585322 4760498 8030390 5440182 4934251 4552141
1958189 8068798 6098208 5291442 6920903 1473156
7073766 7875050 7363826 585281 5962599 8189999
4939404 9812217 8238338 2627235 1737338 8168666
7934178 1427863 7748696 8853836 6029302 1673863
4856828 4286480 6294261 4038520 162722 854253
6667371 8975752 5806580 6185939 3271716 2470442
9744734 8259283 7294363 9846519 5151016 6871195
2670296 1577874 9535154 5805018 8232116 6622411
1816101 1494661 6403074 2686441 4001792 7337138
8266006 3858853 5739166 4238745 821224 6187263
7134439 2446495 5289195 79973 6906336 5157216
6361650 6239907 7716448 3027459 7038423 5466934
717511 9080152 9306596 5693028 2236536 7322474
4557223 3813057 7121919 9752681 8276421 9363047
703077 5649315 1088581 439126 2943908 5427621
8483351 6404547 4428297 1463201 1581580 5199645
5510918 7301831 5020087 2305239 2718624 7588021
2880142 6782591 6740915 7367838 2327645 6539569
8481670 3962274 6403355 7277573 3794152 1364429
9623558 4941921 402985 4989761 3956153 6157536
6556718 2584098 6131675 9365721 4492936 6371333
3107897 6853054 6086436 3806943 5816275 6899546
8037797 8709053 1284169 2649616 3186180 8363338
7336530 2769230 3525411 1611620 4504774 8650328
6422124 1167452 7870341 4745920 8728114 1895277
9161537 1386212 9944569 8737421 5004838 9063170
2145912 4017081 2907948 3275347 6273962 9734198
7685907 5287486 911102 6681966 1404948 5598817
3764202 8336865 5079947 2025945 120384 1617696
4277879 1529021 736074 6550254 4630165 4485753
2080325 5615845 1817727 9138166 7420372 9778175
2147538 870032 8867067 6356242 5472070 4924319
4073945 3061365 3213697 7586133 106336 5789207
5395818 2540296 5180036 3964859 3274932 3891872
1229682 9306433 3479305 5500361 59309 5924794
9133880 595742 1712607 205920 8859469 1100652
6627640 7849271 2673023 2677811 9319758 8735322
8517446 4708748 184867 7460346 3923369 1393824
7467578 2090738 2170815 5071170 741322 6813500
9042914 2662578 5945520 2995310 84928 3734787
935841 6592089 6142155 6123892 4299585 5596771
641865 7286708 5323907 7033099 7298518 6792785
7144541 4576197 6218339 6760734 9444061 184954
5516696 8797155 6295089 3845332 6017216 8729714
6397933 6094851 2496070 5428547 1360531 7410053
7420851 4610881 5089057 8342875 291030 7714275
3772787 655968 3348778 3778916 1596165 3946508
1797747 1226668 5779267 809841 4569891 6845193
671922 8035467 2388448 4162935 8114884 4422623
8218622 1617742 4943827 5011015 260870 8641975
6806517 965318 3347368 3880277 863177 6938497
1946827 989054 7732606 2634422 9517970 4403750
1754709 5227592 7024199 9549381 3419485 1069288
3050224 7462401 5604299 6759365 745008 432986
3110989 3175356 6683106 5878682 7959058 2504524
2701574 6008597 7109297 6105476 6762412 8661632
4119184 8879759 599339 1261473 8955399 277805
1585898 1237024 8287934 6555753 1890711 1461351
9940382 5407166 5008878 369258 4214789 7963048
5775812 4325086 6261439 8538996 4413588 7808637
9443790 5419971 7616667 7563475 8714509 5122884
8532161 2123039 6822445 8645169 948909 7260453
1432918 1162978 95951 1756458 2324647 4886051
7719024 8895270 9854213 5450568 4585776 9176719
3677936 658701 6398635 4451536 1039333 3335410
5840593 8975410 7958718 9717357 1634418 3210775
167888 3090426 1342463 1039532 5231542 8913402
7739034 6759271 2575267 6489759 4353938 1042826
3817527 7834415 3788992 2586141 9977001 4688883
461871 6554364 9777225 293121 5948891 6443323
7191614 2790901 6130068 4983047 8540825 7499555
603733 7291324 6814532 2849143 6911472 8068727
4482332 3189595 4080301 1560613 3439874 2994591
4928114 3569962 1880547 6944890 7470530 3722704
856095 271594 6427650 4753735 8208236 4425951
9744577 3607582 5910822 2636719 331334 1940298
1029061 1989640 30289 3133376 7373612 8517805
3120443 8394228 7701915 2018294 568551 833327
1530522 9807078 7623758 2809942 1940639 6789380
5472415 9861384 3673916 7297340 6971814 5718180
4708871 3088689 1391131 4191104 5693980 9589484
6581265 9025939 2428322 7942773 5470442 867008
3717196 2755023 4117381 7070346 5588998 2818110
5826312 6098400 5263657 5175138 3374050 308459
1248719 4186109 9300515 483233 2468615 9241861
4021157 3050905 4902022 3623234 7993948 6030639
2053730 3550927 463104 8140410 4914832 7688102
1814133 9201859 4436201 8922913 9969812 6959564
6347251 9151923 4752009 4672303 1752855 4219317
6040966 8523869 7878361 6607807 7874525 743886
4983812 4570246 954928 8215038 313669 441926
2747212 4481131 1711844 8299968 7716187 3524089
2076691 869672 8361952 4526141 4180985 8726376
9813245 9825334 2699879 6502394 4699173 3511674
2614759 9363049 9206978 2969003 3294633 6182130
1890721 4499430 2942706 6987701 2289095 9961120
9958183 350484 4986555 4637999 7319031 139523
6650232 6076176 8888834 1240846 9030953 6173045
3915048 3094641 1429821 4834510 436000 7125919
673607 6509020 5129567 9264241 2785538 4109495
6030317 6096189 3142587 8306538 5959501 1224006
7285757 3738228 1027855 2289333 3480684 1136328
7251322 532830 8814982 6137013 8037464 7993794
1048237 3169538 4357848 6988673 8967751 9348358
9200385 9547774 1154449 8064398 2239383 5791865
3025262 596107 387320 6565997 4283887 4575946
7812347 4866 8657860 7414276 4320253 4951615
8006330 1092919 5301030 5901958 2679533 7135586
161144 5756086 7424807 7532397 7886696 1389384
2839864 3278248 6305325 3072026 4391468 7574553
6337415 3899322 9126613 1901322 4491836 8439287
2942893 2512373 5971004 476605 5406225 9990897
6256906 4904187 5463999 7506909 364760 4670338
7427012 3193542 3218758 7441623 5948494 3126640
5024114 6944807 2731462 9143819 6801931 2233496
826313 9418863 138334 3608215 4017557 6603793
9223667 5443299 8494570 7494108 6502305 3237974
4275506 7547315 1211006 3312020 5175629 773758
5725034 285199 5578733 6318082 2602199 1059147
8020836 5381390 7748578 4183413 9614841 4710138
5727000 5924256 8372592 4942584 6332049 3356561
3564364 3653275 1356546 4994060 2874987 2262678
6148145 7137178 9901726 9562939 2342630 9692160
4044103 5469482 194999 5751667 6657315 8372932
8772397 6050810 6698446 5321979 9962309 2864934
117115 6538115 4572276 6698207 4626966 4973139
4130872 831278 5809265 1095422 3267609 1744531
3500241 276818 7273002 4728471 8885229 1914595
9947187 5525725 5785709 7135362 5493653 2855688
9909167 1274226 5253403 4537133 9148937 5536564
1351737 8348023 3455380 9122013 1293373 3038350
1279434 7649231 5698365 8365800 4667320 4649387
8437774 9644159 8924967 5857738 6828175 122303
5064813 3461368 7032802 2133975 4641311 7222650
3424390 8177400 4360346 4689573 8925513 7405377
9572288 602762 1771324 6685225 9145808 5704262
8267587 759322 9554623 9315310 6967470 5876395
908686 551931 6672935 7815185 1653760 4045237
6454274 4029219 6523098 8521161 7885889 8022620
7514414 7945205 6329499 8575366 4138183 4186387
6570974 814472 9029407 8571343 9782699 7593750
5679568 9430854 8620562 5345148 8543139 9537446
9553899 2368433 7662003 472646 6729724 4727475
4735980 1860042 8127125 6592485 1924384 7425850
1605314 366096 1906169 5295580 223535 2140365
8672326 5573061 8120725 3985843 4237303 7116136
8854025 3196587 9987019 2097772 3800641 6255097
3284141 968305 4619089 20719 8809272 1688840
4646665 6405768 5426124 8841794 4284558 683764
3200552 1429997 9779355 6746508 3436390 4329252
8638533 2093789 1536237 5649081 7021212 4042052
9421983 5949384 3882728 6609195 7303073 760886
4793137 5305792 3444663 6032919 2072367 2548589
9441027 5927941 3493520 9497507 6408473 2589122
2013684 1491068 2262616 9189523 8171556 1077315
4591035 4188503 6472790 6332818 7147275 7798112
1164121 3364951 226438 1005033 1033663 621353
4594056 502629 3384348 6442733 796725 753819
8939809 4271639 5950727 6467489 4895346 9096365
7640558 9480032 6167656 1962195 9461949 7538929
5111544 8756221 5768084 2728811 2365558 386344
4478129 9482939 9354797 337971 5071692 3485653
2867991 4243155 1401970 7389508 5841233 2128304
4120978 2240411 5750591 8538153 381078 3089106
9839824 5111190 1597832 5790213 1264426 984681
8112835 5278849 3743818 6648095 3791037 8741188
9791421 9973923 1546605 109833 5636300 597643
9791796 4082646 4706206 7368745 524503 4091854
790343 5450730 5019567 1288369 3282112 5102292
4326746 9570532 8184472 8685392 6958966 7083713
4160349 7972532 9423456 3914906 7568261 7495666
6647949 8936002 7908570 2715984 2343464 857134
3196343 9924752 4300404 7666878 2944808 2699184
7056667 7466116 8785056 7919145 4048172 6727091
2075322 3023973 7428487 944197 8764045 7161188
3219550 7988312 8882629 5801360 2374126 5460638
7557618 6924077 9374000 2127900 6875895 4057504
4071427 740632 4042395 2049797 8144809 6043432
1488759 5314051 6002092 7413389 6897894 2039676
3480538 8600410 8260510 822142 4689397 3831201
4284020 2012719 7176255 1560574 9259460 739160
3519732 442918 8256922 155861 1013283 6002565
7608743 4106498 3089511 6077219 7283090 8358095
153720 608682 8434418 2491218 8782113 9570910
4628355 5534312 4859255 4863513 9177980 6879404
4386244 1104732 9484662 427406 8584228 2425662
9157457 1904353 7188396 429877 4074554 2115721
1513095 2716546 1017246 9719151 3156478 7812574
7572369 3213012 1121454 4396604 6641311 2201728
9495031 4823575 1672069 138933 8458068 9805460
714792 7803037 9143077 7824431 5788712 246192
9886394 8061210 379146 3496892 4213366 5051536
6793016 8522390 9853531 180250 6404572 2952300
9333915 8128679 6417395 2379712 1086156 9673015
2681072 6976501 6663718 8850874 8956088 6901165
6052430 7496404 6254794 2129865 533232 2467681
2289728 6122675 1012810 1905031 618904 2931291
8488450 7182794 1181661 901373 9228699 731975
1487400 2823367 9035367 2204707 8039723 871968
6161468 2056440 2378753 4751689 9139488 948200
2044160 4374871 8724863 4744051 2610711 1635057
1808258 4023346 3764479 7272815 6795344 2274526
547090 2327467 4219012 8083978 2672031 7803065
9087 4820742 1145154 1736232 7228022 9800755
8967239 6111208 179533 9581954 8440137 6282373
971935 2242562 4748445 6923497 25736 7840369
2964925 5507050 5465914 2657250 3982590 8208819
1955928 4701003 7131023 6513010 7933741 2761414
2896475 5271016 5032476 9349775 2598763 6530929
3658504 2332926 9275129 909445 9391601 3052691
3491235 3178980 4118381 8694528 9655674 8443312
4307831 955997 9705878 6029901 7696454 6230606
9159077 7871203 2249911 6272495 8344829 174858
1312457 2291734 9605856 9699077 816329 5495705
3289674 7568271 3950032 1518156 563562 4907787
9938377 3889290 2608112 8788679 1042980 8796929
6205848 6812741 1048056 7875239 1901980 1414783
5634047 9061680 946125 3146118 8405826 9843296
9839202 3292364 6525568 5961456 2429213 7518777
4579551 4637525 7171932 7080605 2453679 8900517
5711464 9746085 9445440 5879918 3945852 6852345
5991756 9902768 9071760 647425 8061449 1030757
5311423 7786284 9446028 1244048 9368079 6147702
5178896 6253346 1253637 9959222 8895539 6290491
4051015 2308767 1897365 8761948 2919842 8666849
1897488 3709621 2323399 6917557 6123059 8423543
2569680 9365770 4669283 4299676 1922721 4614742
1263917 3721623 2061719 1733710 2399682 7458500
5318205 4797152 3167446 3256719 5214787 3701941
8354491 1801996 9430301 7687614 1899628 3859308
5283974 4629540 2134416 8529205 3713747 5358555
852299 4530609 8607902 5194675 4843979 9255548
7442950 5209165 4975670 6380359 5530980 7096496
6879498 4330018 7801016 9166789 7683492 7960450
7941516 7496413 5583553 9509691 7909689 2044988
5527570 6952801 2283481 6832875 7087708 848584
2869053 5827164 9801784 4811173 1255481 202308
3228249 465961 6364588 7764572 3072061 2645956
4377973 1383080 4587383 4072250 229897 5323830
5130235 2869245 3089274 1983844 6482130 2465336
2240570 1775569 9340615 4173986 1195033 8235996
2621623 5527054 6267678 4600611 941657 5347953
3059985 7574855 7077186 2689719 3751506 3819813
3913242 1344527 6152221 6896795 587614 8731631
4095227 9260721 4249285 1520036 8409669 9984629
9183602 1318888 7244467 3271209 7821998 9147107
4856033 3365260 2173562 7101259 4048627 7989366
8969909 8861733 3884201 9880170 6236517 7704064
765787 7116745 4848758 135191 4718266 2300953
165964 9459657 9938498 3879363 4361892 8813587
4728020 6234232 1006666 8382410 8820317 2815956
626203 5558293 2329063 4065973 6845984 4801403
8449549 2487646 546574 9852468 9867725 3398461
3028542 3861467 5670624 3987711 3740338 7378960
5740321 2199596 1453590 3607244 5979284 2236085
964967 3269771 2894414 9694497 8716809 1359892
8647337 3447766 5957033 5342418 1155013 4766458
5769388 4718171 2311976 7031029 3636064 4142236
6910157 3931653 4647482 2347668 8415606 8880631
1808919 6591583 1822963 9696978 8837522 5600866
7399079 2541712 7375646 1740164 3784359 4312972
7961444 1760455 9846268 5134458 2891609 3050316
4131864 3212673 6551545 5367572 8664845 1219122
9563185 4267764 7917438 2244062 6669965 5762112
2962633 440844 3964622 2752049 179697 1293430
7000701 6238791 8742354 8375208 9948386 1138066
6885822 4595886 4689180 4684602 1943245 1408081
1264075 2353636 7141685 5119287 7375095 7625332
9871977 4563629 9035319 3390635 9110399 5135379
6885514 4596542 2092544 9049208 2055212 2250902
919547 9633356 7229503 256216 9553722 7038183
2761307 3382207 8055002 5120816 2400192 8003918
6221379 5823281 8532697 3889919 1328073 3694675
8896692 4397590 2771698 2859019 1941566 9055519
9535982 1555758 4150266 2114020 2787086 8802759
6991625 4651511 5608788 4042747 2969570 1963952
8083260 4191678 6993082 1850680 5950212 2343121
5048104 5691760 3098975 1250338 3678557 8474919
6581367 6316667 9913283 6245386 8314248 5025911
7907542 4224144 9583142 3987473 9363975 5056990
3904859 7231095 2646551 7205335 5473910 5448066
1944037 5709495 3607888 3040754 2388168 661755
5426385 4365767 4522350 136903 7878792 9290026
1977114 8927565 9182437 2272150 1307177 2722262
1447382 6649667 5312134 8304344 7497735 1715177
6960511 3415258 1650645 9014627 3175998 78759
4275269 2134884 7662780 566711 5204409 9227835
9800671 1796667 5719019 9533897 184607 4000628
9770603 9933485 8086083 3317090 6313219 3439412
3875963 415360 3560967 2933714 4042299 7658142
1993450 7167611 4697743 6698167 4843630 5837948
6014578 3145317 7384988 7548749 3678587 6909687
7216640 7662193 3233206 3841580 53560 2588604
6371411 1676928 8342330 7738286 3729294 4293804
7468015 1172875 6137415 6388346 7390115 9209915
7641725 9317970 1404908 6571951 9041628 5804425
9884637 1983038 8170604 5093057 1833240 4285632
3988298 5133373 8941561 8432850 5336453 7616005
1289820 2537493 1796878 7890912 8598957 9126279
3589105 2121726 603577 5850233 4892636 1323653
4300684 6086144 3705475 4321535 4869621 9472631
9742537 1562622 4871471 2286450 6822570 6610256
1692383 3580187 8251137 2325865 212598 8691494
4731036 1943718 5841362 2192497 1263192 4243251
2635563 2918771 6807689 8482894 4553635 8026988
8352589 5083494 9828416 1794835 1913292 9433565
8647742 3311812 9014119 4006877 7979899 9156452
630665 3013346 4259001 351982 8104646 7963169
4560417 7879740 6688760 4663036 982365 6934169
8234501 4430419 4669984 6932092 8181373 5095664
8265543 3363744 5059975 5874859 3364028 6267525
47046 5540644 201112 570033 9144828 4758679
3988196 7703911 7311862 4406770 3967084 344620
4681898 5204859 9914414 4407796 3700716 1596645
841337 2590773 2564499 1002209 4993105 7417318
1679381 7892711 3906766 4811561 4245622 2437121
5831962 38564 8743306 4911019 2446961 1980257
997254 8010697 1808018 8533796 9270860 9148269
1388479 7685075 8763090 9941376 6731979 9010210
9799106 4862295 1045168 879057 6029254 426363
295235 6123754 9149971 9774006 4599363 78237
1083945 5335954 9898735 1646388 2416651 808109
7697670 9761264 5026249 7862753 3079635 6715297
9546074 6419115 4992374 7227221 5823451 9080075
843490 4756316 9898355 4802340 379756 596103
2285551 3883367 1509826 5836901 3987174 8308057
1333538 1548699 5012791 5528088 2318020 5731726
2711081 1679798 3602622 3555007 3321373 2285847
7988718 7538014 583849 471217 1964946 6889543
9248367 2508102 2425060 576791 7186671 1166976
6798505 1084139 8330581 9454816 5764179 6759288
485193 8313374 7005268 7477639 8789052 6483758
6882759 5740995 8434735 2822547 1243498 8058337
3483690 2602705 9019109 9339783 4220086 8621506
4897313 822435 6552152 1549799 2880410 3284693
2993478 3630952 1983804 8359676 4788126 9275216
2297677 1378852 1209628 4879310 6191460 575118
6562746 1781779 9137535 8754208 1322845 1614309
5737348 4082125 5016772 135141 733011 9421908
1298452 5736734 6330239 8401907 6194381 3620569
9413906 199284 7441343 2409941 8066272 650926
3415137 8751820 1415307 8560801 7742594 3549414
253952 574434 1695084 349275 2096889 2900976
9467104 6046382 6680611 1473886 6155910 8945833
2595728 7688541 4903030 5568741 9911215 3987410
2172579 5447393 7717383 1707090 8453173 5323666
5160253 475936 8500199 950898 3711397 7961270
8528735 8169178 541068 2951458 3219584 2596807
4732211 3637201 6385597 603977 3926384 5278107
1050057 8004763 6664734 8005865 4400897 1532817
2839381 299457 5074317 1966979 5285682 8978611
6540036 8255040 6617168 5937868 2847132 6875337
2679011 7429889 9021966 309669 7288601 2713779
4409824 1489643 3688217 8246514 4886160 2825294
1263780 3878297 2199697 6368288 3489611 327806
9042918 6132769 8223318 2449793 9532186 2617593
404211 118954 7258185 238145 8906989 3564997
4966200 7580370 2581576 5494306 6234402 9563342
736008 4921055 6363650 9776606 461757 3245092
8906160 7774260 853317 2544650 1617673 2518678
2814514 5692702 1748781 9662297 4751328 2255649
9334346 6600963 6891201 7149498 3987230 7157864
4311739 7634018 5810323 5959837 9262513 5139367
5616057 4533614 1350853 2377368 9572145 8916073
7249763 8853784 8657282 7275622 8101151 6242392
9185854 6026265 7756813 6642048 1569477 9371495
2815752 5569998 24435 33980 2883511 8880031
293752 6990353 6149929 4915414 4055384 3408374
8065737 9919967 1229469 7174384 8905785 4976425
5710670 5464729 3931642 6976680 4645778 1054205
4371493 9815461 4065464 478828 5614458 7931201
9752592 9311467 7569948 1452614 1045478 3094310
6097985 5032034 3181956 9850469 957961 6378803
1508795 6942578 5804284 9513752 6328551 239649
3398183 7506593 5810236 4879703 2654718 620536
6322469 7596876 5123972 618357 5574654 2169650
5324995 7012959 3172308 2829800 8009730 3592830
3657345 816215 9263228 3515077 4779561 1356025
9995094 6744175 5419928 4132855 3631760 3373891
5063386 1634837 7290263 4724121 2755249 4976194
4754540 5847395 9418854 147028 8685741 846182
9947465 8344349 8034422 1430448 5042188 9624735
3518948 4040680 4995576 406899 796759 6097439
4744958 540896 9556223 1189915 8225898 155479
7458619 6088667 9366236 8744491 9760491 4820437
3974473 350988 874685 6297235 9714737 6830026
652170 8560475 6985412 5488383 9694698 8008351
6379987 3735363 5126451 7862780 2381687 932954
194137 9911760 588456 3152270 2463729 936427
1288277 8585206 5505851 797751 8995490 6380181
5236101 3842038 5082598 4906318 9567876 9107171
393906 3541110 5959156 6813692 2908449 4875727
2725338 9696432 3166781 4141080 4054361 5750206
3087509 217287 103760 1240198 8758029 3015545
6393515 2435014 3179765 1742269 8326806 5504945
5619468 3993344 194951 9604994 8084297 9599099
7533558 4553693 6254422 7396858 2870171 7430449
8067988 4690007 4261616 1775382 32936 1215401
8886800 7795641 7990660 9618395 5969667 5803902
2610040 3330980 6992897 8326366 7498171 1217799
1980163 1243494 2140638 2773687 9108919 5591799
2061748 3630295 9408868 576212 7108544 7159302
7215513 8237181 5807770 2467134 4733170 7208978
3791876 6405894 5455906 2547622 7498785 9718493
7932123 8102820 648138 2760516 902787 9884836
8793621 8988429 2019005 7743770 6127246 9766823
2120841 3520581 3514359 4355084 9357855 9910744
8577516 8553684 6551994 4689038 3186196 206886
6258989 2077497 7026994 8304880 9929264 7762767
7896237 8711447 2319925 3018757 2251955 3751487
8961702 1079964 5993597 4493690 9594417 8140152
7058738 7784600 5023239 7935555 4711665 3474835
2961055 3680557 6656982 576011 9525390 6671562
3103892 785673 5135644 616578 3227904 5619408
977881 3971408 2666477 8889400 6647354 2224678
1009016 2063154 1742085 9289217 2114252 5129362
5718378 8567551 3542349 3231421 8103662 7254790
6738897 42526 5428933 8017412 489026 5290690
2889130 5200820 9040104 6960266 1508769 3575429
3388902 9629562 2044013 14667 207884 8102128
3788568 4730515 854965 4451348 7622492 9387719
7535813 3546679 9759299 192392 2423273 3539641
724803 8158003 843642 9441095 9375704 9336457
9238930 8908393 8308937 1184102 911943 7701506
8135349 5631062 6582219 9752811 597747 2078863
4660511 6026394 4476604 4877348 7691543 5263180
2733583 9517512 7050879 4684379 2647195 5097185
1690807 9452585 560149 3439057 5679044 9110
4791905 5703116 9948726 9786513 6150891 2266502
1845337 7722596 7890436 5185090 2876257 4355765
5812897 2010679 393875 2934139 7740678 9947107
8110954 5202803 2327382 9305492 8476671 913734
3480233 4113836 7789912 5552877 7948096 7832190
9975664 7651076 2676697 4276075 952954 2859483
8844554 6642906 8761612 8149856 3816993 5987091
3733053 9938963 1129806 9568357 9089570 8116994
2158623 4839718 7525710 7335734 2438620 4896657
3059251 30764 2528174 9243759 1729783 9633254
7471435 1316090 9063622 1381941 1648688 1340461
1906689 161664 808078 6401308 6907958 5947266
2173608 181121 4368388 8087544 1725095 8142529
2711141 2497860 9791069 6497846 4382483 8051069
6532105 3196418 3845452 4946182 478154 132658
7709300 5482027 2056627 4256477 4665283 172665
3174212 5073631 6972632 1622819 2455267 4286486
2397438 2231749 1562325 4815480 3182890 5243123
9362254 8025519 3947779 6505111 2769195 8660521
1386051 6971433 8320906 9828698 2002510 5334424
8903780 8983526 8870395 3197700 8443187 1412488
6644250 6380035 501114 5470747 9563504 8070721
8800992 7824090 3042927 4976581 2098827 4778799
3618218 9299393 6877517 6923674 7665610 783518
8632720 4687864 2679528 9068774 1025442 564290
1123974 6472067 5416054 7736937 6323668 9314901
4826187 5804503 3419150 2044626 5701957 5168194
7287390 7780597 5463294 6531464 9506005 5899367
7629787 8875893 3414522 8813717 7475701 8061537
7510401 9013805 4040659 3540486 9968968 4524382
1646888 6397424 1997194 8901126 3638814 7000882
5682983 8911248 4488206 9398038 1106019 3278118
9120440 1538299 2661464 5304026 9704256 641022
1126918 453297 6490684 912150 147380 6673846
5477387 8284487 9102482 8703004 9490306 6157694
2080605 4635935 8126851 330881 1578405 1278835
7143778 7378965 715499 2504525 6098646 509889
4576112 4216301 7883842 5505500 2593359 6553822
1148442 7195161 4024622 9201842 5756278 8198158
8636021 4850082 3121559 7015855 6622379 2579406
825679 9870694 3574586 8980230 7193674 1112043
2721005 5038710 1647 6047116 1730231 8053009
6853540 9490954 5790954 7794326 4305820 8180990
7444321 3865461 9392241 9405603 1523800 9513765
5631259 4717 7075487 4060015 1927351 9828892
6720692 4853224 4480436 6148668 4349674 6582397
7189229 8379074 4185284 1518867 4606096 672738
1108848 5565674 8123435 2167314 6425225 4335264
8482214 521841 8666347 6030391 902490 2429456
7333391 7051026 9450233 724156 9442575 848107
931261 5011550 9086762 2360560 6659057 6800976
3184593 5031588 4430471 5177398 9198149 1491905
9313566 4665182 8509137 4533953 5784843 7623840
8861192 8300358 4783563 2104660 7343709 1327795
3270340 3878187 6631251 5304711 9562357 6942428
2412748 8836884 5681970 8226817 7929276 5806300
5622259 4711746 5788064 3661171 2381217 1350998
8238491 7583949 8082083 3835586 5600420 9705632
3314066 5234964 3211141 6349564 5585954 927209
5389348 6872314 3895462 7189604 826429 787916
7954234 9912279 9722705 1086291 1632666 4537790
12230 7586149 9058595 6452058 8815658 6919217
5102429 1972118 260217 7121530 1738214 856807
4266642 7240409 2804275 5963228 6894396 1410288
3420458 5853069 8525234 7252113 7175815 9478785
4438958 4180100 7587808 3598416 5181940 7836414
202899 2433463 7261255 1432762 4148735 3431373
2200669 8253626 5919486 8393030 5886916 7725739
2780988 7402140 4113665 4171034 3404916 510502
422016 8099414 3269821 4731176 6205642 6955814
7087524 7395093 1308647 8819921 1197036 2392450
7042666 9583753 365650 3634441 2534554 9855353
7023534 6502912 8369199 2406035 8237602 387529
7757086 2045829 1282696 3081042 3633547 4096471
2875236 1983047 1734218 9814115 2915060 4555507
5821764 6304180 7546011 5124983 8468677 7678922
2400121 9097948 501791 3679724 6527320 1568890
1015967 2597586 6026522 3129540 4053838 6762040
5007636 256987 6521898 7282618 9891652 4920837
3547504 8393671 7459175 2398932 3018082 9439105
6051516 7183273 732100 7004449 2050865 7940633
6956815 3768261 196060 8603140 8148753 8946517
4738351 2080301 8444373 8973918 1786752 8233409
3352767 8356028 6998883 432022 8594769 746914
1716843 9989285 5942772 9053531 9878945 2374277
4763007 1749978 6388966 9903549 3596284 5078646
9677713 1420180 7872502 5748649 1821492 1587111
1143685 4793657 7625149 6704394 7245705 3443686
4788282 6023141 3692747 6726915 2737878 4156687
1606036 20762 8713524 7051995 7196455 6581607
4532146 3643754 1357122 3154759 4278503 5582959
7418076 9861781 3150607 5331654 8150694 2868489
4908040 3060337 5622536 7988797 2651234 493676
812847 7102982 9311197 2807255 1253971 7292553
5441438 5360173 8990023 4813611 5040980 51361
9682937 8721409 3388199 7936631 7682621 8938413
6437117 7153914 2530603 6715249 9131268 358317
2409446 4581892 5405352 6735097 7543014 7811
9122600 4347068 3549090 3465822 5252204 7707910
1637652 9689464 4061367 1056764 1511777 4352652
5256944 8528069 3705207 1653632 4103390 916563
1925464 8300269 8481441 4069361 1251984 8336657
2333498 9077344 5167673 986631 6390726 8166468
9630983 292948 7708507 2623404 2470293 3860691
5976589 8279281 554816 1517830 7128082 9261379
912594 2785572 8998448 2848612 909267 3670537
6309337 9634769 7087502 8270734 4301249 8280033
4708166 5424506 2393284 495749 3232643 6525585
2971226 3938700 2864415 6066149 9018884 1359205
4237302 5197620 740629 9757481 3802317 6298038
2591949 4960062 3631626 1306625 4227044 4889728
8635594 614791 9300037 116939 5424574 3489964
7501618 1922140 2886430 6631783 1809894 9055017
3132450 3115417 7006971 7743388 8570466 8061425
2692 1887227 9671449 8424979 1500123 7143729
249322 4700260 1872697 3469406 5595866 6938294
3751483 9340584 5868408 6097553 3892039 6119858
5315485 9426474 2793071 8467641 8487545 5285024
2030821 8038232 8564613 9619033 3753638 6774454
5096045 6524994 1968886 8760927 4089243 2317604
1212644 3284366 3005606 7155154 8020515 5432508
8016841 6992796 2418038 1022822 2983682 5638927
1293519 1820261 4269175 3264164 6177260 125648
2957214 4043438 5149517 6179270 3994664 2779057
9563791 8282422 8989244 2552928 4386267 6929634
7962584 4395930 8128119 7310926 7818131 8843607
228608 69891 4572001 3673148 7664972 7405771
7826551 7259380 7037370 6860507 5119815 3248870
9825690 8270452 5079610 8319796 8627130 1814398
2798584 8998095 6536907 2574055 7533330 967549
2664781 4306882 7840729 9687593 4060226 9857563
6829354 531859 7633252 7067625 4444365 5850413
9533434 5535548 6945070 5603121 3136048 1905919
6407887 2796368 2351639 882085 2591147 5407423
6819157 7707477 6140337 2690424 312485 8640020
2310049 3532356 9499547 2223519 2789124 1125064
7686965 3880795 740076 3701038 3652197 1951038
435849 580845 4631362 9744628 242857 1967839
2955275 1717769 3385417 31995 6030991 9728873
2409165 4406649 3610769 8930414 5316559 1622188
617302 7358388 3058236 5462794 7659070 8200045
4098325 4810379 9481865 7499744 4542459 4572103
3259014 7619061 9341359 6369378 6136707 9482298
8438989 4589385 3891041 6984443 4826639 3061035
3867915 3019384 6556807 614432 6247642 5202864
7857850 5287671 1525738 9596893 213845 6390671
3334197 625833 7704382 6036830 7866302 4973232
653434 9827992 2305309 8760368 4999920 6401777
5859875 8127495 8707030 3251473 8510368 6476568
3817924 8166106 6459861 5317155 8590950 890120
5630229 6508003 9338610 3416162 9512969 4223520
1728043 5586721 6946261 2128296 8186185 2167485
6112160 9666875 4787207 4651601 4822638 2566195
2741162 7063550 3397037 2413926 3452858 3881826
4149562 4297196 8598834 3378889 7117123 3159435
3744676 1266208 6249776 2438192 3202415 2542027
6634483 642889 2199028 2181185 5879784 1135599
7970979 2269605 6469772 9122940 7620219 4584144
2863342 3912936 2754946 9535261 4058727 516260
7685769 3709173 1741147 3786468 5770117 4705479
9948007 2726741 2148301 2185301 7435242 2518702
6896856 1776228 4131284 6004351 9865997 3707365
1439881 7298658 7425522 4580793 4179590 479253
8245935 6198247 7615793 4281381 7743510 6513664
8251664 45113 5259965 7940547 4060255 5005664
8468782 3279778 2361237 2459431 9784084 1946385
9701180 1942234 7452933 5733566 3095096 4983385
5977541 7887948 9192211 5453119 2686922 7859894
7173850 5182553 8260644 7269949 2054745 1198119
5890985 9104317 1296571 8960013 6776433 1173102
310312 2512785 5285435 8717428 8739078 9751458
4808428 249379 1288204 367712 4351902 7196518
939783 4980570 2523972 794959 3927505 9026035
1295192 5707386 8250214 4384004 4865529 7612972
6337253 7597400 5997776 4377859 9271450 616296
8106288 3625310 4311887 7752936 5242431 9716269
2825311 6219555 2171134 3272050 5493755 7542118
6825829 229657 4765985 2820771 9394899 5690437
3629664 6412123 2781168 4631204 9467099 3327419
6683590 6844602 9730897 7444199 5483211 5704274
6153733 7607268 1031125 3950848 3221721 338112
7602509 6046980 4073536 5509384 8118966 4373282
1856108 5417271 6174323 8997331 9052015 9911317
5773517 3592910 84901 2785220 2927572 8835997
8864923 8081214 7830494 7068882 2973472 3836832
6979558 5705524 2806416 3225312 3847937 2916497
4338827 5110100 5665803 5056109 2583673 2865417
8072434 8580729 8722770 7678625 7771207 8690128
4428744 1764596 1120404 5519764 6924803 4151893
3586961 4983665 5881658 5725739 8024056 372500
2038675 3408320 5444099 3719608 5930922 5608390
7366434 738883 7369850 9788151 4965129 898999
9843742 5303999 9147400 9792067 4497705 4533629
6814420 7057397 2671665 7401697 2435917 1744251
6964832 4974102 9385411 1258577 6809591 3692211
2693091 2519436 174647 7167740 6159186 6116503
4462969 4278 2383818 5808149 3596499 6088385
4387952 5245360 1847446 4055 7682177 1338065
7759163 3817457 7320677 7661363 5232481 7331961
2743981 5792607 3043722 8444099 3968861 7324351
6776869 8978138 6816876 7015472 8895251 6358799
1490732 7918257 1037727 4463170 9298168 3529538
3847675 4712387 8931206 5374649 8013691 9164036
4318909 7011159 8108896 8498044 4522190 8521967
6808807 6761342 96106 1963204 1604670 4396190
8987402 7208855 781988 3924037 7037261 3400432
7121689 7946396 3929702 8447057 1959126 9025605
1053409 9185724 1716351 372711 4168215 1389198
441922 6394279 5535034 8665001 4506445 3970793
2005761 7364529 1565673 4084815 6665275 5936682
4401134 2341466 4881798 3329793 9670099 7452674
5899681 3023763 8093417 7343758 7948108 9781651
4701355 9786512 152758 3833333 250267 165797
9024571 2328477 3048581 1386979 3035356 5888957
1187677 4769769 9644539 2957442 2493029 4602420
8644858 9694624 6721568 2068934 9063446 5170604
5375306 2933410 1610040 1356485 2677287 8926635
7641305 1098904 2324869 390340 4661546 1909125
2402957 1429800 5655586 8654478 6331367 5785058
585945 7116448 1531007 4335669 9393795 9818731
6983025 1779581 2838032 7090832 588750 4839008
5377855 9160504 561197 5706231 5843659 6981703
9921423 8432906 7304714 4526942 7052218 9653826
588306 6310850 4124883 6559511 5697570 4162271
7250188 5475891 6716925 5048055 6493313 7022853
8364084 869160 129752 5129405 9980950 4164317
3109659 4554938 813882 1011632 458265 9846406
5108875 3050947 1433840 9909872 9053556 5211041
5719525 3198772 3720175 2749052 8037667 7585262
3411094 5840588 9519926 9809242 7210330 394117
1671731 907934 2319341 4182430 1646761 2397741
8658600 143121 6127087 9871236 6412918 3895994
8572347 3844483 7998040 2689446 7301291 3472668
5670689 2449674 7651455 5386366 577701 4542045
6727589 5847402 770536 2551420 730257 336977
5798507 5605934 4771598 5796850 9121398 9903175
7089229 7526285 5673822 119521 556764 1584019
2473785 9895089 5169797 6622382 2811500 3525675
2498936 6503269 5624208 5750999 4523842 1230093
4942130 9465861 4924681 1408609 589747 4774754
6222868 3709537 9516355 225847 7550465 6383045
3106232 3744407 8312502 6494288 6890435 7916858
7509248 3508237 5235845 835170 6212836 2877508
1770621 5847673 9465681 3295616 5931541 6309643
6841718 5000777 1402158 7634090 6419978 3788950
3990006 27755 5958545 3168387 137023 4430835
627037 9792202 6547630 395556 1473322 1532785
7628392 8901447 819427 4679142 6558240 2983294
6721922 868990 3294621 214361 6589779 1752612
2264341 5150385 2876117 4140760 9719977 1044901
3029134 5009122 4572462 1525537 3280395 1783114
5349724 6071765 7213079 9353720 9987900 6749482
3009259 6997937 4621009 6956973 5057099 1247976
9412225 5432448 3021519 1714327 201052 3073592
9472732 4686039 9096925 1857713 8577273 5041892
8369553 1832864 705798 5653887 6313849 2207795
4063622 2073759 2068843 9551585 9667883 3943118
8491515 1379428 2618362 5582876 5180420 7466523
1793055 5218183 5128148 7941780 8868046 1801604
5873302 6727515 2793038 2850768 5952464 7232756
3367658 9702549 6539049 2464388 3680070 5938386
5471864 1519046 8068761 4354303 9477080 8582500
9053245 180599 594783 6147682 6748191 6234748
1503843 2632901 9341492 1774353 6483179 8345492
1703548 8375608 9336601 1102194 8727387 5246966
4116944 2556265 2322148 931389 9213009 6230398
9763738 62123 2174514 3547984 2230843 572416
3763190 3296753 8380661 1184895 3390633 9620515
1352586 8598945 3647438 2628049 8649909 5957300
5506678 6582520 7684534 4932117 5520887 4564291
6695131 6463525 2074805 7841530 5774847 9728183
3328135 8000286 3250719 2281195 5849079 7174873
7688538 324665 7772497 8477811 4355290 920424
2548111 4923383 7220995 3521472 5236401 758866
5148018 2405218 925012 1505603 4865729 1468089
5174091 6675458 3343000 6119960 7027346 8941965
2117193 3564518 3069880 1753319 7458960 8715295
3465066 2616425 8606393 9374402 7771187 4603889
7446769 9996012 9510241 8568844 5377541 2884312
2445878 7663198 9466744 1062535 8628912 1505020
915828 9681387 2410168 6238428 9728205 9270896
5290840 7719153 9342398 7760435 9037083 450600
374156 2386223 8734103 6448223 8600694 5132898
6451803 5804375 8800124 7734262 8463318 5750513
5499103 8239075 5501087 1242600 3299980 4904502
8568126 1936905 1770376 4910222 7308749 3857282
4587560 7845221 5235323 4592077 6650106 9755187
5474504 9529176 5183124 3851573 4816427 5605235
9463320 6203224 1877697 5070503 2599802 3020277
8838387 3275075 4808567 9632817 3254900 1406740
8875791 3083337 2965378 4446837 1034246 335469
9606383 659053 4709251 9264122 5747499 6102876
2890149 5143418 507761 6815988 9243085 9992507
7856885 3600612 6757203 6925747 9020069 1200469
9245982 6221718 6123247 8030694 5760031 6061756
7400655 6110207 8234840 7043714 1810395 9122597
8815880 113907 5480691 2983795 1210823 1548876
6475080 7601413 5501198 3761763 1994468 6759642
2475687 3177129 6668157 6730496 8148346 948743
2236940 7020998 5513828 5662808 9662901 1794460
8149261 3876286 7275258 7154278 1258663 8430507
1109046 5879754 3658910 3061728 6191802 3022193
4856845 4270945 5709059 330387 7189530 1273692
4303539 4072871 6894142 4241539 6473656 7230124
5199190 1457168 8176688 7866220 7773761 6787755
2017483 6204024 3835646 6225477 4625888 9282155
9163739 3791651 8393137 3798598 6841153 2952151
1867981 3268083 8606434 958263 8442216 288640
1137653 2500948 9483255 9076249 616244 8110490
8665315 1130470 9539624 3731315 3966392 1785885
7880729 674703 809460 4490273 555174 4464142
2314795 7658562 2234475 3736597 7622054 1614701
6620232 9234884 7686591 9708235 8954248 1227620
3953059 942823 8986969 4089510 8858981 9235643
4931971 5781202 422774 7328093 3333098 317746
1837010 2778372 9610710 7184802 9076119 8548385
4550848 5691146 5420161 5264953 5452190 4877771
4860229 1693760 5273965 4088207 2233743 7207711
5719306 4111489 4805471 4641315 4916793 9416666
7889895 5576409 4295584 6527766 9313404 6269913
7566165 4522646 8397667 9491863 388469 7990992
1129442 718765 3302122 7044470 2494399 9038605
1074011 6032942 7202538 2271485 4240055 901011
7837686 4020336 6973707 8180125 7471622 4406427
7061568 5556125 6950636 8756209 3030216 1356834
4989241 4975844 4291222 2173765 4363691 3903372
8124130 357436 5859106 1852130 1146592 2448487
3535012 7293163 2576293 3989839 6498624 3456590
6277575 1289033 4253210 8941544 5655385 9321016
266496 7727025 2894732 8749969 9709624 2353628
5792687 1571402 7134682 3705613 8785914 4550242
5600944 146145 735144 9960227 401582 1812111
308965 4050151 5724298 6138181 2640331 5432607
664751 7700627 6032760 5623176 3557403 579652
8526726 8115807 7380918 234897 3650119 6698632
9557280 4914392 9303621 7446353 381926 7973877
5393384 3458579 8955408 2738854 2661785 8151031
3045889 6614145 8186577 3121441 5061296 2149965
1199408 1195367 8744692 9964401 7145269 1249091
7562398 2864213 7278909 8298724 9812758 5775842
7055033 3927979 2502180 9212038 4961123 6422803
2133613 8424700 7372026 478314 4745894 844245
6467049 1863612 1014422 1929370 6891604 662800
2771757 8083751 5327669 1648003 5573881 9706853
8447111 3116846 8699477 6215130 6141255 8553861
3171571 5240161 2263255 418132 4022154 3455027
3749110 9496413 798694 2924767 6277739 8715112
839323 7848110 4758959 1779640 4550337 432937
172550 6806344 9211762 3443767 3083242 5903070
496437 8521503 2594821 8298688 9212405 7930682
315808 1595713 826332 5708087 3022817 3601444
8922549 9393062 2376173 8789738 4833297 8553385
9770859 9002392 5457367 6625025 1349966 453630
5954193 1065171 168930 475977 5507530 6604634
128303 7757531 2342271 114338 9569234 7893670
9693553 8410765 6168200 2111194 7871223 4786292
8425159 6539856 259334 2868912 4033582 4985534
6876795 1351977 1593085 4060323 2757444 1118270
9854403 1059758 2411554 3802491 6034053 8585089
5817098 3098012 9556150 1253198 2878773 9530295
8947973 3728062 2899786 8086833 3297759 7181770
5161374 91070 3722444 8335973 2140092 4868821
9696746 2530806 8502439 9160523 9424320 7532279
1050897 4001805 193127 4965051 9171381 7464217
5619115 2102592 894233 9718068 7909669 8871594
101153 9301213 5740288 4602220 8417134 6581665
5317631 4598340 4762725 3704593 2833160 8122344
6121764 9813336 3501234 2361836 1018354 8495879
523359 2078167 3077474 9789703 2428763 2006812
8655962 3508321 2155883 464683 7866544 964807
3940824 5301425 4306750 3429416 2769523 6923637
56124 4149332 9095264 2396717 8877447 6266893
3055323 6589314 7177155 8265077 1859449 6393536
3848217 259256 8420854 8146712 4194255 9909150
284748 2975722 5065276 8737303 3135510 8410836
347011 5697544 4338370 4573413 1208503 8235379
2469056 1094126 8782423 9577131 5259961 1719226
2790764 6015988 3630051 2935512 7301416 107106
600168 4816927 54935 7652391 4915537 142903
3023898 2330840 7951315 7597287 5059 3185595
8901941 6587480 4089095 4156610 395339 801011
2050891 3586942 6599051 3932616 7682957 9668930
3944953 8395750 2150178 4784707 765793 2105955
3084144 5657619 5842635 2897828 7086037 6172013
8755635 9061003 2235624 4644952 7657415 3094182
9467896 711736 6026086 4868161 4778691 584218
5809255 9194062 4037323 174183 6696543 6988285
9947545 4557122 3127442 4983230 7503403 8014806
3742157 294395 8653352 5253881 3736811 7367784
9835674 1351922 1099023 5503610 6135547 6063163
967562 5865151 7105234 1344802 3450946 3784082
5969866 1348424 7089484 2543745 4806297 2382121
8798241 8434524 5823884 4041737 1851621 3071467
4279257 674544 117525 5982067 3035163 1466890
3692052 5133345 1322340 4202453 3830079 8303261
1337971 4290149 5450367 2077367 9882384 8262529
1615605 7890463 542311 3527439 5906745 7179615
1829951 4506658 6822561 7086753 6634786 437475
5548918 7893310 4210543 3792673 8018841 2635841
2811450 1194863 4052158 7138680 9099793 6765442
5517198 525985 999879 9625856 248412 8164601
8062371 5866273 6783966 9840466 3512478 648979
2078381 5902754 4590514 3797141 4778627 3879461
7170589 1812421 2576548 58061 9375322 7926956
4424242 9977835 9333016 1794115 2343857 7648741
5320414 7244825 6467890 2975759 9221342 9522179
9518872 5985857 4887253 9475889 7577879 8343636
1414094 1549448 4686001 7987410 7452370 6339780
1917737 908722 7294125 4008069 1343737 5916243
374517 8203605 4111081 6739575 5414233 1502749
9883072 1514801 6178141 2379310 7816338 6886581
958938 363891 3614290 1891724 2115195 375335
3809762 8142577 5716450 7840238 441016 9613401
5892480 8302230 692337 8383185 9972771 5579014
8271610 4001811 4958012 6254958 1567078 8377341
9230190 9624659 5247889 7408766 5046200 6013483
2964104 691603 6098807 9157303 7809802 3051351
6169932 612315 8648482 8141173 751417 2714987
2687529 9370403 1551777 3350972 7518001 3262549
3660950 5569809 169313 1926770 6002026 7853976
3558345 8518408 5817078 102269 3262368 8796169
5824973 3599169 6705566 3450872 92444 4880913
2899412 1015683 1599048 7155718 7888605 5576983
2174509 2443975 5843859 9088695 7958595 6791842
812802 5347381 3100259 6795264 6749023 5022529
2891476 3904352 3879014 7566249 1521890 4414736
8899305 3360442 1862699 586879 1785653 3206895
9120706 5759828 9984928 3487153 6886920 5300147
79409 5140176 7995928 9478837 1348744 654011
3671539 2406088 3444654 8255187 3407627 5769653
1218859 605120 2385206 8717720 3517988 886439
3724209 8165975 2464585 5783536 6787299 4244875
9871661 8059740 1469328 6812802 2339367 487485
3453343 3127026 3824713 5060308 9940038 7335376
2598395 2950195 5572230 3155772 6729010 9297685
903038 3241796 1145245 231018 7409614 9235959
7264954 158829 2088868 30356 7403073 4342598
7342528 3719851 8903231 8838971 606651 2775855
7550475 1728395 8096434 8714503 3442744 8539873
9316891 2634859 8612465 5572166 5452864 9800436
440808 8159150 5409703 9132711 6573501 694471
2164701 4001883 7281715 6912853 5673247 1410127
2737917 1830138 2380215 1082691 1312335 478607
3889467 7066876 7901149 372003 6794774 7929174
467457 4428362 6561050 6635103 2408806 8103727
4133475 8817277 3457653 1949017 9247575 5695228
269387 9556536 8392235 933983 9188673 3988329
5007 9777582 6702226 7742651 6031310 2922617
6696366 5241893 5727679 4502230 2549965 5432946
1761454 4512440 2927088 8463336 3249740 5418150
3765566 2586032 3534509 8161975 1624412 8650806
9682267 7235180 9556343 4196341 7293449 2746833
2485507 8459162 9543979 3656711 4590453 1807106
5788042 3234785 2207805 573130 1121849 3742039
3263420 4159537 6312865 8784525 7420496 2862498
1785967 7064737 2498275 8862771 6475373 1398156
130152 4949992 9760701 9763517 2814298 9737864
134767 5794366 7131606 8794236 32965 1120200
4857474 7915082 8826321 3888729 2981307 1849513
1814399 1732526 8848246 967004 8550627 4440724
2664203 8995661 444138 5875860 2572922 7359314
9470803 9814991 8841326 5423557 1930344 9088726
683496 2927179 5418750 3706255 4310128 8939851
4675225 3159072 6956230 6749419 5758060 3677896
1049572 4447325 8559626 7877993 8029138 7750507
7740382 5315720 7444333 1303898 4542 401011
2379917 1917103 4738396 2372342 1464679 3561129
1967199 3531655 4565439 444442 7267004 4651688
6430672 4444184 946567 162398 4807154 2710210
7619838 9479151 8471293 5060310 8347965 4003053
1548927 2910858 2812029 114460 7157514 8204743
3382872 1682788 1504307 6883512 8327852 8930605
8072345 9804089 1644479 4993424 2951638 8741477
8120355 8341728 5705469 6220802 2772685 926042
4455562 2670170 6553305 2894432 3123786 9892708
560091 7900089 6274401 4718374 786721 2100957
9698474 5330205 2947409 7087932 4132321 2682346
7135983 9769669 3643121 4706652 1285161 403862
7327 1579989 3383752 8004981 1205064 882740
7865468 4818599 3180804 499591 8753428 7297651
4691959 1110592 7903123 5756152 4327971 3638171
4968988 1535774 6494580 2576193 1375756 408972
3891009 54221 1555600 9127189 1886853 345836
6670850 7709948 1587860 3272100 3327043 7042173
7235195 6110152 2994117 7932273 2452487 8856737
5364969 5489690 8757931 5562376 5978897 265353
1086753 1923847 3837432 265110 8543581 7160461
3543880 9022920 7716993 7608180 6482848 2150814
9157954 2470984 8582131 6238787 1794876 1858328
9816088 5710731 9494622 1856603 6368705 3108328
9191985 7521121 5853388 3269163 4948632 7520138
5961993 1239125 6852902 49690 3351539 8673681
9448104 3779796 9698049 2487264 8740581 8646976
6254676 5004878 7168768 9957606 8558340 5966996
5003089 8728617 8090534 5020799 9607748 5735062
6415024 5698125 2155823 6909513 8952845 388023
5089601 2310452 1326680 8871508 7854539 5675670
9044636 5370154 476865 2300030 6284328 6789852
3476682 4529430 804850 2401647 7615818 7987186
5536839 2452521 7822262 6650206 9801172 855751
776395 4909138 9949763 1320976 2783278 6220726
3129001 4340954 877872 3435916 8057613 2503536
8658456 4426108 3698874 2296544 7134346 7113799
6683636 1546518 7048384 959116 2652327 6011874
6741610 2322208 6684968 6057536 4510255 4830889
4970066 4213896 2592010 4083921 8191976 7961730
4414762 6543541 8015896 3783628 8529612 9324684
1661877 750115 642697 2092857 6146968 2112684
3908510 3266011 9937934 972463 6741109 7516279
791553 1889002 5388148 3390830 9315908 1126815
8177752 1137404 7729226 4646698 7184202 5262311
2733734 1840825 8675244 7299137 1978648 5602641
7015854 3468916 8462038 4541961 7904304 2702901
5333192 7574309 3021722 7190158 8018801 656621
6844036 3330354 1544621 5600458 8939889 8492872
2776550 9881534 1955660 163031 6833630 8974439
4630970 1637347 9285989 2046026 5612533 3565304
5896994 2000244 5024713 1605545 487589 3992803
1935026 9901938 8366471 3840964 6204534 6527661
7640299 7652998 5734868 1207590 1107892 409213
1639025 145980 6770245 8117883 5781600 3696483
4081758 4001869 952088 6154652 3377786 8835200
8141939 4169708 4755460 5765870 1160228 4745883
1403978 6787223 3184425 8466641 8612633 5642025
1109491 1271582 6523585 801265 1661958 3534419
247209 8738303 6653986 4790173 3243606 3644786
2325329 6911717 3015043 52779 5016893 90565
8659840 848095 3343015 9538602 4171390 3101791
3116270 6686123 9936922 8483855 7760454 9756595
2126837 3419164 146941 1489568 1826515 5807289
5994019 9200264 5516834 4056574 2145040 5350212
5973140 5499849 4125978 4051244 3260655 2296088
1561324 4039787 8891178 8726586 3203267 5154129
6401565 9153483 2371841 7815660 8614159 4461873
7715906 2909104 907614 9165183 6014008 798433
2989992 3322037 5315591 8889657 2911150 2719979
2097378 3716229 4632924 6477364 7429154 7880843
7625245 3911229 239381 3046303 3871855 4148438
2405990 5599276 1404035 5891821 5835284 7886725
5335013 5349941 7515392 4662327 7097847 3801804
1108636 8618684 9967235 2853878 9901749 5949031
9068146 160415 250222 3913637 3224295 5812325
1056139 4277975 6463840 8219331 6085666 5779892
3015333 9575811 9917810 2674571 4491809 7682525
8263044 2474398 2880710 3871754 5596934 2027907
5400295 1317244 1059933 9227475 4153370 6510119
2472985 2211127 6860176 6546874 3044766 9689052
5554689 4976286 4179113 8822078 1241284 1534714
8466523 2164338 9751137 3494632 3385757 1276543
3357615 1284259 5465860 2581786 642837 263297
8712745 1736709 4974875 3907365 9125830 556799
3725099 9456793 7012683 9892152 4138418 3970674
7533984 7366117 2218157 1104506 1598150 1798558
661028 5663442 2698394 1832779 681922 3700272
9243547 8954324 5460604 5031043 7050524 1501407
6338149 8021905 2195641 5691717 4672554 1037248
6692968 8383233 4908734 1820344 5427391 5604129
5806271 2163882 293432 8727886 1280440 8459560
3548164 6120874 1889308 7328703 6042029 3190110
9487502 9975621 4082145 9852054 6927810 1625153
9826487 7603872 268027 8003789 7474703 9460643
6466150 2625268 1350893 799766 5879224 4350011
5469342 9344768 8496883 6371164 5384851 3731592
4816678 1046766 4413596 911821 5170975 4064436
8988855 3010947 5159241 2381796 558354 4639059
8797784 703982 6722863 4939589 8990097 3652362
7729056 8690364 6713620 3987773 366236 8161054
2492931 932779 4500849 2269764 723704 6675689
5892495 5585114 5536747 9998806 2189521 7865883
7443036 9022868 4382977 1912885 3919797 8002506
8394867 468389 699908 1299062 9695586 7494498
4757670 4471756 2031595 4274652 822541 8950878
2207592 7677212 5869611 6147051 8593981 2767014
1372469 87653 2694808 655235 4265076 928157
7924849 426498 3546159 3238957 3491460 3517026
2959058 7551377 1635613 9183213 6478723 3530170
2652015 7316925 3813779 2250902 1667363 971079
6620450 7666698 7982338 5788769 4963799 3024941
9094432 7880188 7387644 8163869 1717399 6644185
6135387 9014147 2348671 7482131 2502268 764164
9473234 5942260 1689826 293853 8108694 9704582
8418353 2422489 17834 9071786 3011377 8524312
4399803 6309339 3527873 7620897 6843246 6702522
4403283 7908439 6219298 2279504 3806629 5341153
4441834 2953928 4236134 5944793 2789061 4432535
7483657 8575608 5487754 140363 3150938 4145407
9144221 1205189 894954 3067456 3756900 4805160
8724250 6823435 673629 6052837 8374520 9424622
4563408 3063647 7017799 419612 7983862 2882143
8363516 8822897 4657454 5586832 1026695 4644789
9446765 9877208 255795 8936713 489942 6154938
1167915 7664157 4762360 1987663 3387325 6264602
3342003 2804416 7821013 3962396 4939614 1880480
5775150 7523328 3211180 8485984 8992264 1916654
9633348 6849675 1749333 565164 4110109 7041513
1619850 5599106 8435069 3973673 9266719 4788518
7384266 8468883 8240030 3604729 2449947 8701946
5413357 5810941 5200730 1952445 9483301 5288314
1637489 5986567 2052468 4015723 7456798 890445
2577495 9851193 943110 7664661 703439 5217662
2611878 4865887 4641506 9173041 2372211 38489
9448167 3950872 7154266 8486071 8489381 4773907
8058375 7225841 3414687 6742070 7137959 9589215
4246312 42158 6823056 7081737 7713841 5083785
7532364 7550813 3930718 4093692 7578947 352673
1538631 5972650 652576 1975893 3878308 2776983
3402196 2792066 6103524 6042281 7044503 357133
4908051 4098675 6149067 9993582 4311213 7296158
437273 9582980 8089861 117213 2323453 2846817
9571072 4227492 1742295 8235400 4855364 4811711
701962 8501691 848293 171316 895702 4151690
687996 7441038 7548913 6986758 2887308 9583030
2898201 8492971 8164643 6252497 1654427 5865361
7309775 7402164 6148042 9732187 6719476 3912296
5360293 8889218 1535873 4035653 1963310 2057365
7260590 5505802 1255150 2882442 9201898 6424006
7557704 9623162 8870224 2599403 4575328 4129716
597653 2507475 9839279 384119 3241683 7325366
5095727 5785518 7018285 6765862 5643273 3445895
9081710 4910726 1621258 9540899 5987979 9915246
4590743 5512819 3107292 1849816 7201230 1752762
2698753 6437344 6168651 9253830 2274526 8783237
945780 8075273 6657984 911708 9523498 1857079
5367500 2487199 9491592 4532492 4732612 557022
7031651 905948 8042590 7650731 8085932 469011
2486093 1885742 7496561 5241681 4907268 4647744
5273013 8213339 9011013 2415477 4957925 8518117
7565680 4317057 791281 6209896 9743856 8961532
5568142 9141429 771170 8117716 1122422 944282
3885476 2359882 5671595 2615570 6995299 2237897
7512767 3783473 2295015 2677665 844201 665991
377033 1921761 2823203 7335383 7322405 6969211
1747581 3707425 1680456 5346038 6998020 9584643
778654 4548161 9068252 6591236 2966053 6720391
9451464 6032745 1558147 6810640 6916520 1419641
5469199 7922149 4706654 7176167 7208154 6718208
9662362 5015054 335888 3219831 9304760 4898023
6636412 2958348 6782986 1696642 4113522 3458391
7107348 7055010 6877691 8895138 4483857 7566049
2772010 634657 6798359 8305028 8510265 8091332
5443602 83188 2506887 5028141 7416253 8676861
8428553 1914689 1559668 482073 8333995 5561398
3831971 4884508 7734022 8016613 3536922 5472262
8237816 9811308 7295289 7212168 4377575 6140331
3405129 9498464 2218230 2929485 7437411 3979157
5059624 5638129 5490681 8392026 4940631 7267991
6631395 1769949 9156666 5064929 2509197 6095935
5989463 3227474 6808611 3989042 9918561 8224528
6038329 3117852 5947933 7302704 1558215 5457739
5886939 8531933 8616 5198815 5782117 5513327
2920966 2596990 8449297 355506 9262512 2007890
1794851 4704911 4690847 529988 7296584 5142209
3112079 6663895 1798689 370517 3819086 8983924
1126311 1357679 9866250 9269675 2436866 5075321
3150850 3906566 8235625 6572843 3312903 6880523
3689273 7877077 6012153 7676937 4157001 188056
7484504 8817141 9811815 2365541 8811312 9521133
4095092 4658551 2288815 3423721 1720008 811398
8478696 5437536 5562535 1374919 7650641 8760760
5857940 1681054 8318182 5607630 663017 3351611
4063197 9567664 7519768 6092081 11891 3845826
4999645 1467388 5367336 4833991 3456975 3935981
4003313 5385229 4688111 2542537 4610393 7979029
4984633 5472195 9423051 4612923 6068675 3805117
6218765 109613 7408846 2486448 2522769 6369295
465878 9883699 5427287 6976309 953959 5128508
4421311 8783576 4591332 426281 3845051 5028035
1951723 4026771 1679988 8794155 1812950 8940946
2966961 1996159 9083348 9387209 7572499 2518496
4941624 9988275 2405809 5883173 3990248 539932
3591240 670356 2328292 3054386 4130467 810494
3029405 2012215 538446 3791751 4510960 6457947
5419506 5162215 8993196 1931913 6724941 530158
4111031 6050381 4832844 7061166 2765120 1913752
4968667 6298335 8965459 2587120 8113071 3209367
582649 7204488 5620424 8524077 3798669 6838399
2957007 7319173 7920349 129191 7281957 1686856
7248361 2642099 872424 3057418 1446023 4042818
7663161 6996063 3273691 7939845 108341 7298717
7027494 1954684 7088786 4661881 4829839 2410543
2762907 85437 6247633 7636331 946971 1533757
3669252 484798 1091733 1235880 6501605 7141095
4178595 3319547 1433367 1251472 8589657 4518202
3555918 1162321 7640224 2074891 7566476 5798923
3242672 9904554 3266430 9343079 3418549 3181763
813999 5680876 5810541 1352534 7504019 5703794
423206 1790878 8863940 3052814 1216896 1045224
7500471 4373615 2184374 3586287 6794502 9363092
2532906 1008676 428971 7159606 970909 2553963
6432840 4624306 1172186 2430763 600694 9857224
4185329 1233746 3444665 1189401 6598235 821727
1709349 4888312 322267 85625 349627 3315702
4521203 6007227 8876661 8863425 1441004 2119820
2894294 5469278 5507918 2646363 6074773 9298575
7174595 6356135 2400801 5089173 6657468 684604
7327433 9443499 6028048 437945 9931193 2810034
9742514 9576299 7186555 9896116 8498385 1801436
4755307 6615592 4409497 6816763 9806105 7568342
7566232 185478 7032472 917330 1454035 8322074
2159964 9531352 8961790 6955465 1845571 1833770
7571710 4652642 215438 2791307 2231753 1497896
3742290 2463300 2655222 5075544 8716854 6145537
9988425 9062795 5329250 9015951 8360292 3143048
1012380 1607021 3244306 9486691 1119320 7318728
4211491 3653217 3270541 7637066 7654867 7009500
5638855 7318821 3390221 2440742 3142912 9638016
7342470 2768840 3848308 1311564 5632358 5154242
9524507 4587322 6525441 6666214 2473520 7479780
1569712 142337 8516635 519856 6113380 3234013
345686 9757498 777864 2570402 2154045 6524736
9480505 3147650 7810927 3886314 4403443 2569244
4763003 245565 4036124 3388878 8197691 7772456
8772611 7280777 6775716 6011522 2866097 2414100
9616669 5812660 887455 7093570 2127750 3701358
6345192 9147253 487392 7022210 5433524 1722556
6432162 2832964 961308 5802864 6565248 5369547
2292361 6230255 7296826 2712963 6600452 6927300
5530834 8962202 9509561 4105992 9084443 4555034
1596148 9911043 4968845 2934130 9074466 7228826
4617957 7167830 7579861 5530871 8277903 5088065
6011929 209542 7253038 9894077 1125135 2529996
7390159 251667 3565638 4325377 4461115 8485712
992033 9111570 9746896 4896679 4727974 7763303
3358035 4773033 4409019 5410667 9520636 1127012
2628396 3786301 2628887 2678726 8335802 8806438
6555122 7930266 357877 3456186 6208101 5136801
2520222 3220905 6265606 7680771 4828802 58087
2916995 2637713 7406834 4033364 1579480 2287129
2502144 7304632 2672442 3808303 5657721 6015444
8881694 1415425 8740136 5291495 1011893 3837640
1946441 5468620 3784848 1257986 4911768 3267404
3798349 2038335 4225531 6534283 4381718 5701322
5437205 817252 3266484 8395057 5561020 9733038
759578 7154071 5728537 7802244 4201666 2079191
1745857 5431387 4443429 8388592 7818902 1291269
4984161 6104666 953398 8757986 9745861 1202583
5439156 494367 4487823 6652947 4877844 4773621
7209240 438385 3229304 9726519 4283124 8574070
3982092 1212973 7018062 3801756 8078472 6127270
5253630 5072218 1485056 2691064 1514968 2400050
3750609 7652819 5195005 963146 2624304 3437979
5591187 9847242 8950288 961596 4917477 1893989
2767773 9072639 4206113 8188242 9016884 555428
1198897 7223438 7395854 5051546 697386 6464538
610027 7059949 8963706 5603195 3841204 9989205
6584833 2858244 7027731 720152 6031785 7749413
5079882 8871020 4593104 8640058 7473548 9639173
3758163 9732012 8382968 4992776 1607408 1507582
940791 1630405 1306715 6838068 5602960 9397998
9820055 7430348 4709984 1170000 1518807 849501
5541822 9223270 3537724 1482782 9008419 7216899
1643005 4510582 4033430 3467115 8959200 8781535
538690 6178731 7664683 2787491 4767590 1777396
4466575 7501797 6768970 1203403 3516234 8617278
9581575 2357715 9793771 1373399 9778480 3317968
3562438 8815271 770776 6974213 44686 7408894
510869 1690431 932187 1239667 993216 9691090
6702058 2115740 1447178 5202306 1747092 9658292
4602145 4769858 8196320 3649630 6286461 3088630
7051283 7342586 9653328 4673149 5362931 1097883
5172383 4964888 3493086 2115577 2489952 5485451
5710539 4565739 8440903 4839717 4945013 5839611
3350312 8022134 491897 5738782 7178147 2244316
7659611 4853595 4639767 7223538 4716719 521044
5030765 1245832 6102319 4286462 5831510 2671075
349576 7888972 1075444 2511049 3071193 6230987
2547784 2509889 9873614 9048388 526081 3445886
4728092 6166981 6281376 3595420 3171203 7863896
1396822 1314359 5747240 9255585 7231221 6069722
3761250 3526416 5286138 5838093 3488711 4379851
5571229 7967564 2457654 3663509 2985280 6022316
9084055 592234 452964 2887856 5608294 8238893
4720347 7648700 9273198 6799096 1235165 8482664
439609 4894016 1306704 1943599 9701886 5811675
973229 7015484 2045823 8975684 5585922 9035104
119978 8353291 2865425 2502573 7122162 8373170
545910 8909870 2591135 2717093 4012408 2010000
1705175 2969278 2208588 2118447 90586 4005246
8732427 2965447 2724317 6089283 1748596 9545834
2884934 5686345 6743036 6476040 634889 2080025
8986146 9436786 801600 7705085 1676689 9187468
9195674 7266583 3692979 9526613 5305592 627606
4930867 5832705 9585191 1121433 364597 3637147
8300969 8303211 1414954 4616000 9027251 926928
7568248 1147167 697673 2259269 7403581 9788483
6349326 5523171 9117396 2085863 9146048 8284880
7125752 930289 6289615 3751445 7170846 812239
3458052 9768841 4341733 8073100 9281670 3546345
8698379 6499764 6207301 9593092 289904 6225010
8611441 239623 5742406 6728296 210066 1420507
6519405 2000947 9034810 9710997 7236153 5236098
7435778 8666008 6742435 8082741 7307037 7024723
6419704 4540610 2018990 4983005 7106055 220989
5471068 3963423 9571506 8917396 7004278 146870
195318 9998931 8926281 5478693 4322183 9455076
8004044 7404885 6914029 5687122 939672 1321448
2964556 687739 9896389 8205093 8979037 6558477
1000206 8279779 5620986 4535960 1725963 7292535
5229642 7824083 8278118 3174178 2702612 2277195
9961476 3653729 5689203 2037141 8745804 635906
8219933 3024814 379823 3578288 7711008 5650743
1912105 7333411 9797392 2772123 5468541 6281137
3317686 6758933 2445293 4362521 6467310 2363469
2524185 359736 8458285 5592630 1149219 2853962
6212907 2311830 6301848 3246122 8145113 8104927
6548522 3832074 7388664 5402533 4935710 6471424
1068616 4965350 7242040 570667 588106 7783438
6754660 8943217 5821482 6547523 3285842 37749
2362219 2165135 4368482 6427977 7141889 5399551
4508603 2953492 9198190 8960480 5750095 805827
362732 8058543 1052516 6718167 2002252 2960082
9841000 2622881 6735901 4604910 924920 9917196
9210825 4816231 2593107 9530613 4282158 958466
4832029 9229082 3395596 6807825 1435747 8362964
3812754 8966490 3080766 3543175 3215462 2502313
9930057 3531125 2621315 4265636 212070 3789779
7072687 4902052 4398873 3985620 2126040 8523150
4242629 1792007 3394571 8207528 4189106 6576225
3037176 8561298 5189345 8343453 8699770 6344487
7255487 2014180 449065 7890568 7519308 9638255
7789998 8873764 1296712 7294693 5438310 2579011
4341775 3100663 7192929 4166022 3752516 8803019
7925910 7520956 34116 9769752 7704754 4736345
1805549 4032441 905783 9620471 5702249 4599271
9266170 9683338 1661145 3292338 4374723 1401325
3962180 1530889 3212640 4745210 9483129 456858
7858410 2622783 1522958 8324943 2844727 1488728
3458584 9243430 9134442 4375278 8940621 9223537
7545954 2908973 7121852 1609742 3809658 5918865
8789308 9097169 3060396 7287197 3831548 9892370
4913279 1876208 1727603 3631145 6182919 7822359
4346503 9878201 697302 4003844 3436951 891309
2290013 1721860 8808294 9776739 9609397 4845087
1661551 4030818 5464801 971227 2928747 3047584
5590199 5078765 7181741 3082581 8955652 5493812
5194712 3641230 5619995 3797746 8431949 1421173
9449433 5000776 2218927 5824169 1344159 5402338
343067 2230315 3848603 5514075 8685161 6568112
8255276 2857824 7681232 9052822 511485 4715321
5398117 141618 9788839 1488369 386759 5136157
7977066 3452294 6506976 9989607 6213647 8587985
9351813 7015337 520275 4916717 5688897 6225498
8780028 5493621 7219586 4316716 9973618 6060771
4279700 655375 4525676 8460857 6681314 4399716
4721332 3282201 4072906 4053899 3267331 7838480
1115240 8500343 3535677 6168885 4180593 5716932
3047059 5796460 3829991 2732059 1105261 4829658
239293 853502 2259726 8891906 408104 3769620
6105175 388762 582998 9725237 3186349 6689313
6174878 1205867 6169715 5202554 6639338 7806554
3676664 9043884 6087545 9232871 132084 1892070
6701342 5129585 4185663 6174147 2420033 42413
5641753 1299293 7405085 8756054 3859407 5298611
1588879 3487079 8862581 9421323 3177905 7996105
5375429 647881 7552482 7903086 1363291 9098187
7163214 6225996 761602 2530227 4861067 2175775
2953074 1360393 2653944 6540942 8979626 3857173
941152 7868200 9102917 9897600 6188827 2279226
9207289 1404824 1304816 3823732 2130220 1048437
8623121 4304500 4900465 9859384 9342891 9388285
4317358 7123785 4168533 8298970 4721050 1707675
1363546 3844501 1454965 8203061 486450 871665
7035909 6377337 4817910 1971388 17067 805198
2692551 1212537 403045 4982705 1496994 9039193
6441926 815463 4095509 1429900 9996764 2166566
585450 9727826 3244114 3963240 6502118 1117847
1431954 5773810 9429430 6414142 54970 8035720
378708 8103462 8420642 2469967 9847574 2716404
5349823 9954846 3924447 1418052 7138198 913427
1589682 2115686 3715416 6990711 6066964 3974864
9325921 6441235 9532126 4572000 1458521 8465598
8928574 9097016 6819353 317805 2462205 7992395
7773306 2530706 154031 2225357 9224147 6901405
9275894 6010842 5314049 1808509 8194167 5859359
7993331 6860663 7496431 9294008 9098248 8947153
8189019 2272837 1972586 6233506 2612555 7235142
3162589 9935618 1920614 2050085 1330181 5314896
7257786 3390394 9887448 16249 1086314 8293822
3449111 4113114 7054861 8476157 8592488 2940505
8642272 8100065 4831369 177434 8902256 3918493
3312125 3336984 7360699 6459803 922337 3611329
5274149 6535994 7879481 6664480 1394087 1799070
3427264 2104979 7824599 3452829 8764847 672389
5074866 4583748 1805042 1092460 4377142 4385086
4392981 377518 162582 103699 339523 5550333
6272211 9633532 9240877 9810674 9470299 4946286
8034213 1592958 2534522 4824157 637782 7014415
9582404 5543072 3925742 6401032 8865031 7051594
1855305 8410105 4552566 9481847 658059 6692653
4814185 2242703 103246 2878136 7682126 2356046
1965959 9737457 9034012 6998896 9321666 2733016
5482559 1506828 3232591 9498943 7761886 5036133
3534700 3987171 5328191 2379956 8999568 6829029
5505668 858988 2758906 8195687 9785939 1788687
5556968 3217119 8813814 3529777 9226811 6086690
1725377 9607019 8472375 2832358 5292943 6771367
8005987 9079855 9948781 9591420 1839711 3109390
8262914 6145520 7946047 7067702 7451966 8572656
915375 3689555 3678984 2890081 3562258 7700392
6600053 2797506 3228786 5220763 1437825 538885
6460121 7185460 7535394 6138788 4056273 460891
3184679 3968978 2404409 320415 5504618 8200751
523715 7461184 11792 1497204 9464328 6045859
5588744 8429034 6587207 9767892 5009885 7061916
6170496 3844098 7470507 6763359 7964788 3990805
1658513 4717573 6127621 9272608 6039278 8195580
1741593 8562246 2168138 3748082 5700419 5953529
5476116 4760819 194522 182978 5209789 9212518
7438492 5473144 7983945 1453040 2775855 8131827
1163896 8665912 4230450 5078010 250274 536062
7652262 1466768 6718991 3782951 9982083 1944833
9219334 322916 5769910 9979770 5902960 4965318
5502377 8214697 4519475 2227872 4843378 7506626
3176179 2633414 5701289 2071758 9950792 3471673
7728730 51846 4168035 8082233 5530849 3723265
6762271 4395818 7632199 996813 4222246 108089
114691 7703541 7575568 6637628 2268895 7955946
474706 4505389 7905168 8270757 7470434 4133653
136667 9863345 5868092 8297021 1584979 3151250
3616818 368751 1663102 3163102 7144759 5083420
9612928 7096263 2572062 9540880 4986480 7872380
628117 5963869 1092893 4819660 8929325 7245316
5653574 5297330 6537350 116400 6908549 213049
4218035 1928061 6777419 1991439 5288614 5170176
2570488 3234324 9423851 3874029 4639983 7890852
7067714 9369042 4976610 8583514 4349958 2968910
3299247 2443022 8170324 3213351 9106924 1106405
7815070 543739 1002188 4011173 9248998 1575258
7487444 9258689 5723435 4353037 1318525 820581
3133057 264602 8172768 6584710 1953815 5559073
1287405 4541481 2562010 1108377 6736371 8123986
5143372 2865889 2498574 2560020 8410963 3426018
4265762 7734852 2546924 7305322 6392653 3645100
2433649 8468438 1148205 6656808 1450709 3614084
1605293 7793078 6026245 5647296 5770002 3074780
4330111 4362023 4465255 4706864 3397529 9611454
5519136 9666488 6115979 3582780 5195081 9346511
7566535 8727479 5103753 7528419 5538737 3231621
1122242 302895 961208 3864302 6623414 4264155
8694115 695086 9598347 9210398 7297701 2860947
1199523 8481373 2540781 8631149 1135292 3466495
3172538 2664126 8330106 5147774 8639541 7395732
9175963 8242272 4862584 413481 7466921 5786370
5205924 6189855 2181778 5605629 9214235 9561382
1110178 9800803 794509 3405238 1775193 5955956
1186185 1835339 2690263 2809455 7088931 8739603
9178364 2952383 2074626 1832761 7513311 6885599
7007218 5167517 1994725 6160442 5498622 4170963
7488951 6904462 4767035 8316432 865348 856755
9080814 1134482 7364712 1990578 4003676 2437323
7290705 1451480 8021340 7815351 6454639 2832709
6011949 9510994 9377857 8663620 2289531 4069494
7290774 7879495 6469729 8084722 5500652 3585422
5611141 3027357 4106241 4223674 990988 9631136
5179949 2303865 2633476 281399 5949266 3690850
1994839 2164079 8916609 9482215 1407629 6029764
1413381 2886092 6597290 5795923 9046338 8065836
3810622 1576393 4703873 5046009 5173175 6887032
7324652 1360928 8455458 752387 4724045 3164718
3234088 2286996 3729160 8805775 3604700 3765418
725134 5576667 235001 5289463 2440641 7102833
5951815 6450755 806699 4774718 2441516 1197243
6432689 3529092 2768548 1142475 103924 76122
7398462 7914694 2189704 656712 3693536 4813059
5774410 9779819 9759104 5035570 5673757 6378687
7580805 364384 5436962 1803832 4599880 9115023
324245 366573 5528404 4759350 5571629 8753049
832509 7201656 3237547 8401111 1474921 7898627
607390 2190744 9293571 6664247 1803719 716830
3689710 5245266 8488042 7638745 6447823 372006
4973386 5117419 4969772 921129 2868997 4084920
3712219 24295 8533511 4574179 4636252 476339
8589148 6823853 3780176 3867427 9125449 4973268
4371581 8196929 4774213 8063760 8959623 245607
6533876 4927438 6655553 8590054 9483066 1059283
3218283 3480700 9227961 8177580 5458490 5817220
3859900 1954936 1742474 1437820 433236 2606877
5193249 7151873 5385310 4284575 1844482 2041329
9912335 4659001 7253153 4353656 8179192 3251862
48600 6010205 6890730 9619418 5966133 5692057
7477397 2047038 6705222 177007 4045972 3007961
5445287 9614341 136458 346205 2450314 8005891
4970337 9622796 7704549 4797177 5258903 7726167
8313740 7282775 8957631 5180632 6084179 5099414
8418661 5234472 1536437 8492787 6975329 3383575
3696272 8445982 4368526 9825596 4064509 3786915
9988713 3881393 9528479 2835968 2571927 9790160
2166912 9408882 6802927 9512800 4753404 7622843
1484903 3468796 4874052 7380355 8395343 3110287
4620455 5702207 9213412 5257887 8675162 7073492
3371816 3527310 3802234 4858803 3950124 2218390
6972626 2513149 3103655 6394302 4124636 4801470
6436645 2716099 1952518 5606268 3475914 2242805
4053351 9147070 9320630 4349947 5580537 9883306
345920 7314430 9342069 4836456 1670677 1863606
8546889 3566000 1264862 2340493 6285623 7692013
1038533 4252082 9773943 673458 8431546 6798578
6675639 8100104 6006374 3015035 7589606 2965006
9176227 8881324 958225 1890597 6535183 7059477
1291478 4570264 3059906 9138382 3452698 1342153
7855582 7941776 2576543 8093900 8938150 5112472
9150693 8004199 7136883 6071397 7132276 9587161
5211835 4527983 4988163 9206252 7584248 1375710
5117935 5331945 301458 625625 7611040 9954525
6811139 3326987 3645625 9837265 8104855 4098900
1175466 6561062 22148 5796715 6416224 9735007
9436370 4039646 156405 3497099 8961795 6803625
3544479 4699070 6711377 5166778 2822468 5861729
1410948 5945590 4696622 3723594 145796 9463688
1780123 8770119 8624283 908801 5771844 4666658
495409 8477222 9140312 7060686 6841921 4659054
7615561 9154376 2575332 2019107 8394653 1336790
8108752 5700990 7698865 7158507 9019885 5326302
284256 5695438 6147129 1743260 2458505 8851838
2006159 7362573 2771343 6235941 6905429 6253530
2049170 7882450 372151 7362597 1623245 537393
1921227 1963636 2924534 9111667 8631852 8496408
7396462 9278954 4419935 4790034 663415 9504435
7913069 6390892 7692669 9981787 2317519 1662185
9051765 4182455 6801621 2190058 8710380 9568487
1006952 1594168 8727016 340259 5462711 9120505
6993551 890360 4471035 647798 1526801 807115
2150379 5184759 3191602 8573842 8025740 3189414
4628050 8941396 7911014 9149234 7523496 3916815
2377551 3670917 6811153 3254821 1736987 5538973
9141603 5191530 9465326 7940062 3991813 2511842
8808038 7842369 3902034 76746 6714169 5304019
7093317 8659447 69818 8325296 3671219 3236558
2847907 6564390 4441852 4689720 1719333 6852680
7676270 9838357 4464843 7482588 272129 6858973
2760710 3615323 976050 8878346 8548159 2315414
5958740 8885517 3084966 9299389 3067497 3197817
8661048 9004778 6694869 4688220 7807941 361534
738168 4716600 134174 7535408 3887997 8019200
1357255 3131030 1474198 2368100 8700934 1579485
4733106 5477271 3787087 2321789 5150028 1921741
7133266 6345533 5185847 7838202 6888762 7265379
8819725 4033546 4502360 7931318 9916780 6660120
7440726 4750006 7778264 8144189 2379072 4474306
7274682 2970955 9692783 3166956 7867132 4966975
4070993 170820 2043989 6478753 4860049 2832495
713482 2722922 3400807 985220 2586268 773891
3954800 8392694 59598 5992471 3284370 1686013
1201349 6589854 975328 1208633 3039504 6802745
6044208 8701282 3079312 7754533 7033599 5184491
2525380 5637429 5764545 8174512 2031321 5840349
4116981 6378330 7744741 2446527 5034809 4668782
2385094 6336128 9075977 2320460 6457431 3755077
543686 6468078 1530630 3494147 6222091 4341448
7095291 1232361 8018831 8029633 9348014 6199668
6093133 5365656 6328747 6480780 8554737 4848517
3466067 5664547 1151756 858134 7103022 1056609
3648569 1697594 5127191 8138681 273093 8705897
7018403 9231349 1295102 6861126 1006974 9127996
8656224 3369053 1087411 4519223 4949271 2623619
1493154 2100185 6036929 4129767 6494444 8852890
7396447 8319692 7500424 4818352 3355843 8942185
4210227 233588 3640094 862949 8693798 8814582
7121401 1416553 731136 6781166 8062319 2075945
448723 7670714 5754431 2044730 3417472 5105378
2143906 4096046 7574699 114106 1751149 6133554
7362511 1411132 7498272 8985865 3757297 9310642
1748176 8950862 2449539 4870369 9201094 5988100
2842952 1509130 7417209 3794656 7553514 4906766
5384872 1633589 9611229 3549016 8007158 3411715
8455861 8187966 5829128 609995 4553609 1347837
3680189 2545589 1754290 7504618 3148756 5303234
5070369 7964274 6166319 1070452 799939 5890014
4453740 3756457 8580696 6969253 4039958 7695810
4071701 6292188 2861332 4256397 4622750 376968
5276112 8003102 8318758 3937691 7935568 3125194
9307538 3572345 239316 2701695 2496456 5519851
5769598 5625817 3416200 2010205 3034868 3172606
725261 7111550 2632920 3944359 4995016 7408281
2489041 9357298 3397083 7350801 1344583 1004640
3157962 1470035 4255215 4015085 940452 8048130
682703 605549 4449822 2011058 4025988 6202291
763366 2080840 2649823 8663259 3884799 4469544
1136198 6223076 5309019 5132645 8706210 975659
301072 7691613 6183645 1973505 2961463 4772283
6741285 2255036 7805607 5972962 6121546 9112361
2249605 4658331 9296710 8450869 883238 3988560
4056316 4080754 4946074 2794208 9994419 6568139
331015 4815864 8490086 2802111 5752171 18775
3675434 5633405 2085671 7288116 4532427 7893010
7780594 2533102 2890831 3064547 5641508 4171139
3446059 1163258 3281127 4585281 1829625 9536270
5344611 6798079 444060 3295191 7510817 3988230
5806771 9136116 7675315 3266675 7081955 7033644
2762342 7158376 5077418 6468584 4520880 7579753
3736188 1309711 1148998 5381618 1041092 7956773
1143275 6708333 7027592 2163374 1588803 9674112
1961028 8788094 5706180 8897787 7262024 1159933
7704774 363963 217942 1034830 4608858 8548620
4820418 8061875 4445446 6083787 4480594 8890875
7713619 66307 902162 664182 3465382 7068393
7563529 4946697 7797247 1087661 4765102 1125248
6145742 5537947 2862773 4223784 4288130 2670428
9226847 3155144 3556810 3765318 1787446 4547241
719743 6056118 8383984 237870 1105347 4329680
548391 481397 2831093 7976614 4164570 8859255
818073 8008304 6698233 6014681 6715352 406863
2667198 6121901 1269751 1436694 5216192 8606289
7420343 3502573 8074539 6541999 6987170 1877048
969872 1074579 4901984 7223992 4558614 1889549
5539729 6285428 9445749 7004181 7569277 4753722
3922096 1940932 180745 1580130 8381225 6293589
9510567 8917754 9858411 4067241 5368138 3484692
9483552 8044152 3068327 8706824 9330655 7300145
1268969 8133844 6094020 7829361 3980329 6546251
3838596 1822082 9147571 7803940 4333463 9384698
3100414 3025989 3542748 8014451 3742100 4520248
7935334 1336104 9787008 7308544 733857 4737922
5437134 5277398 7673057 3335579 6065955 3554352
2495808 3756533 5139220 7480945 659801 5921068
7190095 1735742 5796327 2698466 5765148 3994158
8146156 1539273 6258655 6695148 6628551 1120180
8598832 7836916 3784188 1063734 1091558 2218492
3119742 8120368 7308998 3426904 9906776 3085958
2264088 2804905 9648986 4656842 267737 9606617
4374400 9294560 7937786 3592433 5895343 6458997
7821283 1698836 4964922 154193 5762009 7387976
392801 2545582 3270624 3888413 4713259 2025963
3073962 7700324 5305921 7476302 7460592 8602366
3786649 5241848 9570477 6385897 5660108 2846239
7445429 640815 8012587 9775830 6498700 9313033
8555218 562406 3924374 8990963 1285306 1675669
4097838 905057 9268266 8659457 9157061 4729808
1262442 7906742 3848569 7438561 9320406 7934715
2956402 430602 7656376 769517 6900973 6068919
265758 7296967 7880034 5025240 9183063 642553
5684350 3944886 1745205 6542943 5152280 2541258
3684255 1346640 3762581 704609 543532 7854115
8013699 7874435 2761396 3548086 6000957 8226260
1108066 2259008 3066195 4523460 8554187 6689098
4552848 8619316 5681349 1049369 8948440 6569652
7692800 6312238 1808911 8444533 2672025 1411828
5909674 7485876 8865757 8022949 3876263 370911
2281039 1092854 5547497 3784505 4848554 2315029
5021310 3627778 8836427 5773712 8453606 4552636
6241152 8120254 7223777 9595737 402049 588949
2501158 2447090 8138847 3897257 9005304 1544826
914918 7210361 4828841 1625084 7387324 585811
7520206 5219379 5092442 7100670 7881752 4860870
8417843 6276406 4705468 3398232 4161645 4922981
3348423 4784130 7913536 1675036 3834885 3019868
4103724 3121635 9886388 6382190 5209938 9732507
2561950 2568239 9700293 7459979 4708777 6944949
5139237 9722010 6754964 4635493 9510268 1385630
2798114 7103262 1019394 747144 1300882 1845831
4252010 3920691 404858 915537 742590 3415458
1622038 3863938 7094466 1365191 8138464 2005888
7694318 6255868 3245846 269481 2126443 8735711
2596902 1902520 1660488 6773044 5606017 5172453
3587641 4732055 5161532 2782780 5551271 1328983
3471655 805470 6630464 6471167 6607897 6522058
3366892 7981637 7400755 6724055 1693591 8004397
4525572 8186539 2939521 2585852 2226353 6162197
5091400 3146997 9077412 4357088 5142047 5728182
2808232 8349597 757228 4975584 8639454 9196968
7982954 9106843 6908335 2963507 4863856 4574
4829599 2658119 767015 3953138 5109667 1155878
6753713 9150807 9224418 1327426 2158761 5854358
2520405 944450 7644027 2897883 4977918 6332089
2330918 5484923 9956773 866760 589337 349560
5201849 6435081 982450 3634481 3769599 5833222
1107823 781260 9369256 7462159 3498815 5140616
8289272 6513179 1095100 4533889 8002929 6174145
9918996 8542932 9915293 3876421 7103210 8109758
8873189 4712412 2709180 846705 4795504 6811134
5524406 7705292 1358351 1604384 5569724 7098731
2204032 1601451 8131808 7695106 8215525 9122600
5172175 4915219 1395863 4978331 5167413 3436953
6183608 3964658 3566463 6153879 6173880 4245352
4116445 7204257 2117278 7498534 1937030 780584
3308694 8578664 9566450 3966544 8123433 8806638
9100163 3122576 3506614 7386553 1883708 9836173
1801669 7389916 7207973 4307909 759612 9839442
768845 9157857 3537776 4203559 6563852 22934
196669 3972573 9713493 1548422 1198153 1366155
7250023 1232144 6313074 6743194 4164415 9839450
9416906 6612895 4350795 5061335 6506705 6380375
9581437 8861894 667511 1555425 8133178 627588
5994668 5933778 8126324 4026930 51100 1415812
6450167 1982626 3156453 9065075 9423678 4661335
3463635 4214571 8440329 3133043 2023888 1463818
6455205 2147167 5679466 1302459 9310353 1025931
1763488 229311 9172884 1474974 93637 3015524
2319168 417796 6537789 7941954 5367116 7439893
7186101 8697554 203593 408560 7962845 4496836
4895725 2490731 5999586 4342750 1392385 2761962
608499 5864603 1406290 3956459 5392400 8624669
4836544 7208541 7705965 1800553 9978022 36018
6854161 9452529 3171552 7720354 7635761 4167282
1858632 4393860 1690535 2248128 7672837 7634871
2486504 4065416 3872805 4068019 3906910 6964201
6378938 5546615 1214837 934216 312398 3223529
9319274 7385409 1328473 1083106 6466536 9444889
4880751 1098657 1180068 881427 626147 8151603
158778 3738848 8583259 5178195 5403332 8563574
6169477 9657932 862002 2480163 143980 5981785
5600684 2168418 9560867 9269489 8497469 5465630
8103584 1868964 4633927 8256882 1960387 7882110
5649366 9658062 1935063 9916244 976402 9102630
4200194 9849111 9654556 5136127 2217808 5857529
2905494 606019 1765749 5951926 4992708 6360545
8623926 9066033 7273299 5609940 5668742 4129232
5585442 5101464 4045921 1349700 6167458 1672834
7468310 107585 4064302 4899619 8948760 4699790
5694943 9179237 7632918 5626518 3780681 6838878
6843757 7039068 93147 1085391 2865342 4071922
9437535 8739319 3200583 3347660 3985791 4113934
718448 2810318 4044695 6174469 9957952 4200616
1337310 9054737 2042702 1585323 3409616 1902439
5792198 9890027 9854471 6144330 6913001 2306898
6764200 305520 930122 3689751 3016213 4515097
3402434 8255755 8465209 4336439 4989588 8370994
9957667 1377203 5630235 4720760 2945684 8192282
151762 9163243 1264300 8953683 3131672 4002662
5291767 7531230 6632277 6535853 9235243 8858331
3823844 5093644 14908 6285303 3275428 9144695
294084 5888425 1232235 5228590 6961657 2190172
5804893 6477630 1752907 7830281 4524175 4168762
2042981 8391455 1079619 2460952 5321788 6118595
7183047 6699925 1536142 78780 6655282 6498381
8766474 3819568 3129562 8633052 2006194 8401010
965841 4606203 691347 8446756 8103456 8828811
4098748 8851668 3155979 8743429 8686659 6065681
5277441 2543454 7043743 624767 5297170 772438
3997181 1619891 1059236 1286690 1232553 1010895
7771760 1623869 4351284 9524088 7059582 9539284
5427570 8936533 9732995 4831366 4415024 9856767
8337972 8970671 6482622 8444562 5701604 3362736
627310 9252896 3453985 8643250 9705809 2162600
2951739 4343314 6350587 6067888 1226139 1126458
5585827 8732816 3647965 7370729 9835742 2520718
4886602 5017954 495775 3941515 3443567 3084668
8439746 6156865 8614910 1996477 9070581 1332371
7037072 5022625 6069562 7397214 3738199 2527041
5064144 6501032 513735 224063 2790160 3419586
1464026 6877575 7975161 6971523 9739218 5865653
2495054 9679895 2702272 253005 1829751 185255
5123859 3481222 2073976 3604801 6956748 6517012
2015785 8989080 3288588 2596145 3744115 5007425
2392671 5469771 8263357 8273266 9435794 234629
6263820 2331357 2047187 8342417 2495805 9072090
7732078 9661528 3593431 1992875 3351237 7214232
6672958 2043899 1320036 7256519 2534950 6545585
8679301 347193 2652908 1531791 3862322 3090185
5204629 8834034 5406242 2460266 4311483 6389216
2967576 4111975 3830859 4708273 8888659 7826449
6505324 1518946 5779561 6341653 2420986 537252
2485326 7719664 4318835 6670241 2823602 9667784
1468556 4350210 9178590 5864439 3204713 9829516
8292582 9813002 9432407 1281777 9063096 4697492
1129946 9618243 2276306 2942686 3549739 2146716
9805269 9260379 138051 1566804 21845 8714101
9840126 3954037 3571766 9848776 6395435 3956938
906880 8070359 4549839 4706209 3253015 9254840
7990862 5544867 8287609 5419763 6611050 1664842
2113595 5463006 5152207 1532927 3630910 8047913
7567143 9731833 5697174 9109934 7033504 5377036
3930569 9057198 1806620 370021 5890436 6305732
1518001 4815581 7173883 321902 3877183 9117772
3338564 3530530 5707263 4658599 4861395 2119616
8738763 598654 1113882 4522366 5268742 4767330
2779059 8274531 5137003 5506049 6347295 3011301
5695661 1468402 9926003 3842655 6702129 4236092
9161512 1967803 2801211 2606943 5021517 9949175
5453145 9182452 6552651 2787859 8324309 8824826
3267454 6994710 957854 865053 3646331 5005475
7448598 2281137 8869121 9897774 4797813 660574
9083505 2530569 3406974 9791043 3319482 4858483
553678 1471577 6582096 803043 2067448 4512519
516188 8988773 7427913 4501866 5960279 5049857
5937886 3478218 6841559 6441936 118929 3145926
2734296 5853080 930394 6778702 8381223 4745817
1982662 967347 2692420 9513171 4770012 2446175
3438179 3399585 9636515 8022609 3153880 138715
3608319 7643882 8764588 8604023 5995620 5231812
8998206 1393723 5369011 2323363 1850306 8688303
679091 1968936 4460230 5610667 7734265 3188091
9377414 9057297 3941034 7596879 3814710 704316
1888992 2171731 8154332 6600577 9177951 6761191
2879540 3445716 5884376 3208139 8928362 4197356
389019 2156222 521282 314636 3505688 9778506
2462515 7403513 1736531 7866901 8456654 5604881
7877804 8300509 7401320 3839823 4612650 5932170
2338190 4749907 9347121 8536953 3101047 366970
7841443 7485857 9063961 7092499 384524 6981301
7826840 7745188 5684414 4022503 2416725 3404335
9843021 1761020 382072 9146922 8963077 248312
4908570 6215926 7089382 3248712 8506435 9482127
2385690 8819997 7112184 2476084 4699510 4134507
1191406 7384149 4052639 2163379 6599354 5441432
7074796 4026794 6546554 3931841 38174 9084681
4421824 9933745 3256320 353814 4193893 8423004
1364977 7054929 8090332 6794647 2953293 2347415
9412993 2845906 5508114 1680740 2644041 1268014
9280075 1952767 4139786 5713432 1010808 795755
3085171 6801196 7555548 1868156 9097899 2915024
5922767 7651493 9505805 4627304 1964487 9390926
5445547 2684735 9320362 8424937 7617016 1830806
2293960 595315 2439168 6754288 8174108 508345
8845979 9582858 4640918 4563464 8179442 3507555
1671019 1171330 50311 9049132 9316375 6977982
8294155 5343801 3503778 4146094 1914222 7535112
3833628 4893334 1009436 6987877 8595858 3322564
2202245 2485270 5976797 9658914 1552901 8581732
5874573 3319060 8765410 1757030 9598449 4451274
3929907 4512781 6721833 463930 182459 3838256
5698006 3656451 4225254 1193815 8324846 6335948
8141512 2790242 2426300 7121480 7609676 8823898
8597664 2349560 3693792 9892075 2564739 5965927
3299187 7794647 1585416 3550180 6567014 4171647
2364757 3840754 147787 5681462 3002288 8707355
9101127 6996626 3822955 3455676 2044089 156307
2238851 4888822 444784 4138739 9685174 1974259
9933988 9443 4613809 8406790 6984100 8228489
5672186 1296178 5050528 7541394 3810834 481208
7025111 9042481 8891704 3952476 6873416 548122
6648464 7214929 7673702 549515 396235 171903
8111067 2378435 3966824 7654076 2082540 9797609
2169153 7131064 3888900 3682764 9731531 8866127
8004137 9178543 2708130 3389100 8035526 174238
7818584 1561500 7370929 9840087 8833420 1766127
1725678 793950 1225601 133686 1557787 8154298
5957549 3499212 4366741 9040819 8949562 6106127
6167281 1145899 7339666 2060299 2564960 4126799
4274005 4814307 2247993 372199 6725909 6506726
482836 8844756 8463122 3009430 5716298 8779864
9091648 231861 9722506 9940055 5389738 8696647
5384383 8254302 9470248 7916999 9416693 7753192
3327976 526352 4678684 1197021 4329166 3317369
1624274 298476 9526295 466810 4907874 8546333
8712322 660728 6555046 5693246 6784043 3941623
7407784 3023323 3661083 7535762 4161637 5022025
152983 3625742 5773176 6721151 984851 4260939
1985837 7093308 6824469 677020 4430944 5095313
6373122 2215457 7542341 6233867 7768542 8987573
3556672 7893990 1503183 3793620 2888232 9718942
1992424 9556150 1748169 181440 9473275 1072623
6446204 3222442 9582660 2334762 2574694 7757807
1403316 9203003 6197805 6591681 4992313 1744076
7150900 9764504 3384139 1602080 676202 2188890
2908683 6579630 401086 324399 5894763 1865350
5307121 6727989 2153505 6224406 2644747 648963
7148332 815442 5048899 3781013 2164728 1282036
6384290 7291993 4248222 6191013 9648334 2848131
8605377 3425358 8621639 8498523 8868079 4259832
521632 1612518 4645926 6448677 3127452 3709213
6999431 6262027 7295739 888033 256799 6079922
3540344 9476540 3046648 1059074 7778026 6505294
9386101 4332054 2767721 3199019 5964487 9768449
5589547 6147675 4689457 8727895 8626610 3921091
268512 1414749 5169400 9590707 5487386 7409580
9003861 2440475 9664840 8310456 9999023 3719867
1785546 9826518 9395451 2960434 1964248 1332754
2753135 4910809 321327 6984589 6760009 7160604
1740856 9272239 1126926 9534717 87372 6458905
2415044 4406603 5501223 7082238 217865 1148541
1629990 7149846 4352869 1402086 6563508 828096
543664 1619890 1784002 4712277 4268926 9251067
2246375 5042730 5882454 7987385 278484 553098
6902773 8633202 5567333 1467150 5584797 7237815
1200567 2382903 6174317 4651948 7185791 6412496
5278653 6305558 8280189 9128590 8641217 5121772
7161517 7503961 8735456 7382194 2914765 3080944
9551135 160625 4217585 4582516 8354716 2587155
9133805 3354126 94897 7687747 6534411 3762666
5824048 6302821 2990240 3027859 6452802 3674838
7759366 3170367 4302587 874736 7815672 3883567
7341866 4915447 4307151 1997433 1751139 2709570
1662098 8290422 9265584 7501380 3432050 9932839
6186944 2354572 8571292 2350433 4716215 3143086
843063 9507863 256365 8374909 7384341 8260899
6500137 1395004 6281968 4202026 3853021 9919875
520002 6148930 329127 8497347 4625436 8118967
3137267 6931788 9738743 9922659 6868357 8840259
3928643 82289 1083503 7042946 5255770 4674100
2823015 6869518 2974252 85468 1504045 3884239
42905 1930326 8997205 5458647 2676780 7129569
9239799 3390791 2040524 1090488 4143234 7442092
6210816 9961159 9747858 1742775 3862389 1334814
7271976 2007521 4807311 5133482 4888385 5416158
410487 9391146 7707595 5710300 410437 493422
9165839 4861624 5147665 4482151 3870671 8901993
1224826 6609959 7209920 9357208 2934461 7973658
537020 902600 8630134 6018496 4869168 7085566
1524508 571480 4854507 7662330 3140173 3932752
9333474 2708018 1115458 1719605 5113367 4124008
1980792 9442357 9241716 5848104 1432054 2249783
7793503 8622318 7874576 2871383 9240459 9601249
3602879 2136367 9561265 1945732 1128183 2503124
9808643 1052410 2652855 8038839 6098987 6806902
3182635 8685751 4084116 7157835 2593392 6025695
6661139 1843316 4813838 718570 8121247 8329744
9685829 1650493 1741462 7510601 1803358 8961193
2091533 7809814 4485598 2157703 4647475 7207182
1098084 1176950 66844 4063170 4918732 1468059
8234879 2585627 3290100 9256200 9753032 7979382
9270547 2609417 2809180 7005223 5629404 3634901
8283646 38171 3395093 1367362 8281854 5511509
9408427 5205994 5805476 1682085 7625360 8918695
5835318 7714344 5800768 9321920 2966418 2796713
9545437 3870027 8541575 5858284 6850394 8864011
3598052 5131393 3901931 9281021 5060093 3226998
7919942 3959790 7881538 6669432 4350099 6642108
9161302 8498216 3278858 7864749 9273336 1728402
5608988 4350783 175067 5793570 7162026 7970251
7252255 5982178 9589846 1724884 2806939 8166052
8879630 1188500 5337706 5427571 9763703 9271951
6575584 9919027 727095 1014800 3078638 7898849
8456113 6107970 596960 143118 8657916 2089233
2618167 8589852 9052953 5231625 6544465 8894901
1000853 7617326 7100295 4309357 576242 3539023
1209067 318054 290356 6932553 7858359 2748454
6516419 338114 7183208 7886152 102046 5743544
3480220 5811655 3198721 5332761 6235564 6304330
2372027 8095497 9148583 4940831 87865 2477375
5230595 9317058 3878072 6130855 5161195 6917173
3668965 6589044 4283905 2040912 2528382 9723077
5676130 7219627 6281483 2134766 4445451 6363127
3606578 6841541 8842473 7452436 5277728 6443811
879008 770837 3304794 9589576 3039075 5726805
7686238 4776917 8939173 6948507 3485143 6041393
5755046 1801485 1047123 1288238 9866676 3546166
1328351 8183046 9440384 770626 1242263 2820866
4181331 4474578 4205416 9995813 4896241 8437730
5968430 4685832 339604 4683701 7952045 2701257
5437775 2075397 4852867 484626 3524873 7913309
3610327 8382036 6851931 656368 9399771 8668472
6970447 1956004 7873720 3102791 4537170 7070311
5856365 5040907 9616571 2162397 1167849 2202998
4394551 9259818 586069 227836 1179423 7094036
2234599 3349342 8925358 9394675 7695592 2118109
4122928 4335645 9562932 7810988 14695 9749899
5363279 7107750 6624901 2589217 1261950 9548049
3076564 3286070 1169770 7168293 3479415 1376690
1859966 6609739 9758241 7207054 4317255 8789477
7494963 833665 9427877 2271030 1941702 2037139
3078061 7907907 4679627 6757249 5491336 9966961
5504916 3281434 7394175 4111604 880983 6283680
228152 9398808 1465464 3879982 89860 5372060
7479752 5609581 7593623 7255792 9105103 7131971
1772374 2376667 6723539 328357 5679326 5329784
5216986 9149094 5621102 2294129 8498088 4403099
2668346 3173411 4232838 3553929 9199585 6897276
5137747 2004579 6609530 7706409 3093458 8849556
7777230 4790072 1196335 3937556 6477941 5404598
7312697 3912044 5896503 5887485 8093924 7189605
8725373 3628741 7447936 6576332 2458088 5065286
7072025 7668974 1355372 2980640 9401942 1223205
9109162 8915321 8776462 6168914 4134686 1295468
9468515 2526209 7995488 8874857 3457698 678418
7243750 9960883 6449331 4616943 1879771 4584364
1838251 4220501 2804934 6188973 6677434 9588850
7615183 7688635 4246694 4600294 5007616 1226855
1278305 7182119 4413945 977644 3508066 4832494
4408457 8907982 8435965 4748319 7911984 2642223
9627577 364681 7877139 7124181 3784780 9726919
6650298 7829784 3807645 2887710 4615979 1835230
279929 2626119 1246723 5210176 622011 4496721
3017639 5796389 3423295 9746826 1280980 6036189
4557716 8556869 9807513 2822629 5028225 5497992
4461622 3843238 4674476 4251903 912291 1426583
5985317 7596777 445752 1059938 5553452 5347627
1650474 4696548 2117880 8217864 7199242 15310
1596644 819523 3916995 1454835 3689933 6693
7056294 7017594 7735674 6160052 4255546 3065838
8693419 130387 9332526 1757843 4976887 8977832
8086214 683539 1425477 9379274 7690509 9318571
1078390 5602927 4818487 7840213 6225857 3990316
9009020 5424936 6605655 2522480 3046982 9472870
4121401 5743044 8976268 1824623 7866835 9133026
3950296 2500917 2947906 2467069 3044578 7063018
4647749 2823810 5852966 217278 9529791 5822635
4707643 5009648 7577299 9529102 1395569 7201005
3860792 9052708 7955083 5452390 1915878 8969709
8646641 9714655 4128699 9704514 485435 6574848
5030877 439687 4000675 6980149 414556 4893135
9157108 5718610 6750717 9659518 4093541 5566313
1655604 6614254 3581469 7963709 7563855 1974801
6017637 5044408 8914161 9140320 197993 8382020
1514056 2132093 4037598 7547883 7505382 1484532
6240039 8846122 8594389 6903094 7233643 6887235
32624 3457958 7982179 246438 8726149 7706584
3068312 3282447 7116255 3664011 5946660 3299165
3774402 6246603 5261246 4016329 9101805 3337649
7648639 1870602 537738 5909248 2614840 2472326
995417 287836 1127241 6837369 458539 5015743
5340665 9064673 613368 2178346 5014087 8150734
8145690 2180113 430173 2360798 8296112 498971
8500495 4396536 4535543 1723728 2806043 6413768
8346924 935423 8415841 4214775 2485808 401625
5030270 9922081 4007924 3791404 3258569 8905775
8418268 3380975 6758673 8399292 8952178 4449048
1909766 1016266 8098709 649877 3958836 1454569
8407738 3692800 482100 1668770 3550610 6717134
2645257 7103897 1084232 500399 9497682 9906954
1600275 3087028 45257 1929798 2414477 5932448
2475077 6057940 6711303 4495303 2443730 2200835
6227840 2185283 2473582 8524263 951471 3495712
7233152 7154371 411074 941199 1175854 975853
8782181 8177888 6367972 3180031 9575050 3992942
1304878 5655458 6026319 7132133 8235405 309476
2363955 4094311 952285 3713516 464267 3919875
4421621 7323080 6519548 124181 2367067 4953788
6263062 3249977 9473812 4753678 9342674 2700855
4412542 8988241 1747578 300258 6975087 6044062
7942161 1429876 3391115 6148263 7832844 1719755
9194237 719675 6034804 6950296 5567975 4401666
1661516 3200680 27239 8446169 4343284 5701045
5154459 7683168 9434789 83201 9526655 5258608
8222889 7848637 3687637 3812979 4302928 133353
1981130 206035 9043461 8860566 4704773 7205797
3099192 8333436 8013614 2689723 363176 2143166
1951959 4694625 7105641 3383736 4929985 2140923
8995673 2385329 1473013 7629851 5432927 5589353
5721727 9502508 45149 9999749 9879153 1261561
4921325 4382089 6450931 6024311 4556273 8832343
2908674 6660797 8810396 5145399 4910703 5807100
234552 1613665 4574354 7196067 8380572 1190950
9718771 5311412 5794397 1710343 4281453 3299002
6846608 4443479 1830920 6665214 7447628 5074174
6410691 58192 7721306 7642378 4795027 4120922
1715953 9560160 4559638 866408 7298348 8327578
8459671 1270849 2846164 2190035 3849282 1377762
9188399 2733591 168406 9270593 2546760 1310142
6553770 491445 7955509 3692684 7020987 3052354
2063527 1513421 101453 2213424 2017989 8506894
5511410 8829884 2346026 4707354 7629582 1409043
3128597 2872475 3893351 3400824 3995721 385629
476138 8865992 7820304 1810143 112051 1297871
2120061 8021452 4495742 9316709 2904766 2423708
9532396 678276 9454945 1665382 4629508 6078126
1641743 3507568 2061590 7511032 9154251 7679527
9171138 9669424 808450 5619312 2974925 1019832
540387 6537459 3296492 9848096 3099819 2880196
2820810 3901195 1164249 6879890 6052379 5322653
8829014 8252863 1488627 3218521 3221107 8178485
4856427 8407877 8949813 3737260 8274436 8226989
7664125 586454 286309 6700267 7001339 6976020
663786 743185 1043694 4222644 4070774 6994976
1744828 3198521 918712 9892115 7640763 4590505
4330167 3830150 2244799 4722001 142161 8609919
5966750 7407310 8750000 81140 7896409 9705678
4056998 1486515 3270988 4871527 8296568 7656039
9710001 3988665 8122245 503164 1605681 7872046
8938063 5215478 5943907 3279348 4870287 5874273
7150088 1951573 9946104 7263684 2999213 9421385
3225546 1794198 8554809 3938849 4643203 1768205
3693383 2187740 9335983 7549326 6142878 6582690
4614179 8672611 7056342 4750054 152195 4888588
2353923 8584352 2338059 1005748 2664267 1295382
2254183 3669314 5205012 3660939 9619294 6086694
5054919 3597590 2497837 7900986 1057949 906983
1902768 2902447 2518348 9155486 6332998 8041746
7064560 739583 8134633 4714698 772299 763920
3589742 9052408 5281724 201466 6182856 8330564
7337826 3979368 9125577 5560478 6921781 3382344
8094974 9684870 2560973 9226397 8696777 4530689
5128402 1789417 6121359 8628323 4681998 2272157
8200806 7765675 6511972 4762478 4884471 1230060
2311185 9961156 6366126 7225467 7306172 9795039
7811953 8774889 5433520 9053467 776564 6159144
6795218 5794130 8542126 6950189 6067949 7971582
338738 388780 2301188 3404922 3065773 6921420
3493279 4791883 9729140 955261 462402 6668559
6480324 297204 9220877 524929 8438684 7466169
1473725 4301422 2414539 6560935 1473420 2013290
2379205 1590718 2601833 1891323 6871016 5886053
8179249 4164131 6315077 5776883 6593297 103087
1655006 2580758 6679357 6130698 3063823 7638023
376757 1792294 6899243 1302280 5425054 2358101
8490297 9127544 684682 6359538 3148572 5640172
6503494 7328437 8682828 4014323 2679755 5526092
7079235 1517450 4265135 7790140 1400549 2700174
2345549 3408475 643356 1739409 2623906 7888235
3696451 4811103 4650899 5799259 6612180 4027667
563802 4752813 7922553 2488064 8270466 4258439
6402545 7122724 1520244 4290800 8270902 9258296
4863624 2556981 4194959 2747017 1726717 3531502
2861912 6000650 5982215 3827976 8498923 6551869
229966 2575858 4057930 2530881 4665194 9397917
4648728 5115900 1640956 4505180 2939307 1466918
117915 6909635 2982113 4045605 4240667 9892343
2926356 2645151 8734177 2874889 9643634 1396217
7374446 3092059 4146670 5648356 3447581 5296668
7495057 5349613 3247127 2733392 5059358 8818070
36657 3324801 7530400 1263728 9063863 5201452
9245487 251770 6413428 7956828 2178996 7095908
6265483 1009900 3119685 3847055 6126087 5600402
1832112 3750233 4928809 2046793 9075983 1678802
2893111 4836321 9632676 9599845 4389214 4610757
6121128 4471378 2797379 6096210 1407706 7009849
3653396 3152430 1692342 8999722 6808114 6777990
7113929 8168703 4104386 1671411 475804 2422659
7120052 7907391 4648731 2799681 3348729 4006226
3494295 5339184 1845813 2197676 3870055 8199833
569550 7011503 3882156 4884433 1112726 4201509
2012520 7468322 630805 1967921 2829759 9237120
9990085 723256 9223653 9720850 1732532 9179715
994510 2639993 8399081 3961636 7881670 5320811
8840907 2340719 5370410 7677245 6071060 6737295
2954985 1551034 7721429 6820514 5578803 8126933
6186486 5708162 6425985 5582556 2744807 2612365
4284124 796241 9875524 4703351 7118782 7898653
577696 9381975 8428605 2316194 1837745 2558155
9499742 9373618 6090786 2321028 1323556 6121197
5000140 4171354 8614054 7995374 447792 8854809
5994961 7365118 1981718 7926843 2884492 3127762
1731741 5303249 9135223 39638 5181007 8603534
8653712 5736994 8412429 8102593 9945721 2057629
2712555 7674113 7759001 1432328 2476983 9362699
2053737 9412172 6125763 8040075 4938497 1716820
2655357 4426048 5314383 9644592 1919112 1391562
6823652 5402047 5393184 8149854 9785191 9483483
1630710 5553886 9325569 1018326 5664398 1060717
7955475 833609 3255312 3305728 1559844 2972999
2433163 5008240 7789605 6586862 9037644 8717490
3377904 7051244 8876098 29020 4750421 5746524
9862186 9153350 3005009 3580129 255866 8025618
912034 5331399 3127388 8543653 3015018 1727279
8528187 3611635 6301763 7570241 586925 7472737
5188690 8671296 4313651 2864501 9839531 5210732
7650238 9675572 3078989 3280344 3705425 7263884
9918587 5535447 3729789 7311797 606494 5670208
6979110 1915628 5977207 4925022 4946334 7532589
1847004 8773353 6454499 312624 2235054 7683767
5058823 5648755 7878098 4108106 788331 2527558
5553852 3325029 2296951 2072006 2586480 647310
2718231 1243410 2711140 7283265 4539390 508153
2037351 683217 9665532 5449649 1324621 717984
3327908 3364481 8891785 9651163 9400306 9141788
2006154 222899 4577359 7532527 2316007 6586847
6241658 9089199 8982731 5461193 2899428 5105929
3930901 3555434 5298208 2395632 6185367 160701
5422227 2261915 6750280 7193165 4968957 1293788
2460004 2693982 7123439 7732597 5004137 6542124
4033725 2460575 6591855 7695050 9093402 3885039
9276889 7336826 2403031 3762531 6374086 1603478
7924904 2749848 4741721 8855154 5588526 7444541
4365323 4941635 3598941 8801273 5070072 6950084
1672677 5018856 9019774 1168501 402603 1423879
1146494 3892830 7503158 1367977 1504380 8539510
4258128 5792855 3456903 812575 2484192 2874443
1502129 1940323 6750931 9409046 9467530 4364538
6968007 9305031 1306737 4473870 2961738 3601176
2136826 2042997 7588943 3209191 4898113 5052571
9487899 2834072 1911735 6825794 7358056 3235558
5341895 3919022 8599939 9466319 6305510 2278722
1978843 7919030 3372224 6010876 1658906 8868430
8637857 1856485 1491131 3430888 7581235 8572591
6913003 295313 2205301 3092312 3808993 7369523
6276078 5618426 4213387 2005290 7272342 7864568
7505747 3430046 5329383 8733014 381717 3280138
2720953 8658758 8698259 9558831 9354336 8282127
7335289 6539144 4561079 3631945 5422150 3045350
4719050 959617 5940051 9321264 8922647 7378783
2478054 3010204 9401090 7621674 9180709 6478622
9179517 2087558 1447667 7407572 1434080 5401986
385720 1457293 6003051 8431460 4654107 1867463
5770992 2366891 1746124 4546687 1711558 1193869
7073020 1875489 2035276 6995439 8603007 5799957
113347 9169029 7729623 3272465 2922910 187937
3962243 1346387 906373 4613986 8051118 7478628
3140328 660613 4041181 6296431 9809091 9285001
8245686 8058136 9626397 715070 1752274 2061424
3555902 807688 1689113 4354584 5286438 6398265
7148273 7989369 9458173 68252 3329844 9980530
579460 4521258 6879635 997852 3649381 6481248
3662811 5426225 6666484 78188 3562099 931965
2284915 2492356 9541154 9859488 428685 4346872
4330825 7287295 2675654 4531076 9578977 2646809
382446 7112086 7684346 5715350 2709127 9072617
6466263 4893274 5045133 276427 7105562 4518802
3066437 3122319 2322727 2062196 2872613 4583835
3606927 6901628 4853546 1190927 6746630 4310998
4264700 8016657 7435703 5572429 8710879 2452032
7385131 1711658 4473326 105360 3971645 7770885
3661043 5111196 9475567 9172976 566445 9861702
5389507 8207385 7648158 4827220 9964566 2003102
9818117 3092503 3943635 6526944 4321896 1846528
2781020 1184076 9019435 1019015 4775887 8430845
7175791 2202158 5408809 3717081 3975060 6268252
4265914 4251969 9364303 2728097 5376498 9184090
8120623 8077673 9577604 8087650 7446748 4838746
8805253 5202645 9842349 5151819 3145491 9319187
8119911 7087755 6341078 9944509 8293538 5511459
6468463 1534125 7394619 2115998 4350560 73573
1002358 3815881 1782511 7949767 1832478 5700800
1787193 9916841 5364074 6550877 8854673 4060495
2324909 7251152 875156 5405995 182726 869468
7424167 1984632 8184713 217493 9058383 1658809
2268867 4189216 608694 8076939 2010767 8335954
893984 5715933 9114937 3271758 5734021 825537
2521999 1157316 9813721 4329379 1097321 8483377
2954841 8016706 3341927 6740679 9150001 3514061
8726305 7912414 973561 2934941 2031684 4261042
2189874 4499075 5214068 1738890 6272579 8868232
4309965 3369901 9830587 1683355 2008144 4671630
3506207 4554579 6252228 2920248 8144522 3934822
2393915 168070 6076040 6677819 361920 7370695
7227985 6297348 7606308 4769787 5489896 7233025
3924312 5787824 7075179 1243096 7965304 7774753
9186651 506457 5220538 5112391 8412118 5240028
2147998 2862597 6426622 1483103 5495617 8733203
4545223 9772259 6842867 3971256 6504777 466951
7643114 9693486 4037459 6123610 8451327 5687966
4265005 8765884 7535561 3443964 3950054 4591416
5649048 8789840 9170773 8351626 178269 3847495
7447583 5920905 6941188 3704831 5254520 8426848
4034860 3127863 1265800 7139260 7492005 8757941
5131178 4888073 2428005 3339505 9025842 3737419
4024279 6718818 8568094 4031210 588924 6263677
4623166 7932252 4025544 4411367 6090717 8522399
8264647 4233001 9833752 2857469 4509569 778850
7945265 8540522 8854856 5345405 5343811 7999593
8403547 1766941 8034379 5865678 7625168 6494618
8320371 1718122 7286863 6665148 843194 5229672
1460788 5202554 9610908 482092 8364800 1781699
2366626 4747097 4519842 8109992 8913338 7230464
6913139 3349951 9194232 4107922 595824 4056160
7326640 4827959 4288814 9468285 3164056 9036145
2322330 2173943 5185390 4679425 2742482 2091282
2396916 3106347 7822369 4223962 8986302 8051666
5917289 1226660 8396687 4560817 325 3719688
1084085 5027009 2393964 2686904 9313091 2872264
1120868 958044 1687249 5606149 3052549 1701597
142506 4416443 1269311 7136380 1968544 4629254
3968496 3509373 5588695 3615887 6665931 3047161
8235052 2007889 5417381 6680371 6914561 4887470
7069424 5747554 3861207 7027623 4837558 9025103
9142866 4024062 7028880 7663039 691824 5979770
1350168 7228876 6436167 2741873 9562091 8536649
1917745 1911398 3878679 919733 2784668 6586595
5458255 6757983 8414345 9589364 8909301 9805239
4120298 3715404 392885 4210326 1908340 7067999
5527892 2092065 264712 8464643 3430926 6352531
2597158 6416810 3927055 8711996 1594336 8383327
8707346 6468420 3807125 9736375 7469653 6667537
3394723 5801542 5572333 8325143 6919836 9955789
549984 1697176 6635526 6631082 1308652 3033636
9917655 2038676 4639479 6309986 8494690 5435421
4500799 8232227 1814857 9294048 3412117 3956168
760598 9609606 4043971 4194584 3697195 6439949
8113131 6067362 7596263 6350331 8674357 9006303
6636247 1406395 1467830 5728696 2446507 5596115
3509943 2258620 2300841 1432165 7589288 1725088
6109302 8894014 1288679 1406476 1473023 3361603
2950981 7889635 1454875 1307860 1063671 258562
2247822 2937113 1514893 6796013 3412687 7277887
8017590 6455657 4604620 3403274 2487585 326947
8528036 4447693 5837895 3242343 3071804 1758061
7196800 4438616 8314148 1854229 1698959 5775623
7781788 1863055 8329076 8074522 3290745 6437666
3088026 4899224 5751529 7502900 5943337 7907396
9015214 6606957 4104733 8693699 4729166 6376204
2086476 4273269 6371787 6021587 384514 9407249
8651859 8383487 4516100 6031856 6053919 203278
2322778 6672496 1332668 509836 6540644 897536
5609891 7609297 988023 7896376 3358039 4191105
16130 610454 4688620 5851262 1773004 381417
6996693 5674459 1579863 267830 9037940 9693853
9466578 7065834 8032333 3928296 7938550 2149387
3929086 2107482 9448086 2979369 9297044 5022939
8927305 8328966 9040587 8278151 6584717 1302525
918103 9726978 316406 8146029 3415426 7838460
9085880 7112482 5950233 7823645 5373366 4768013
5813340 8443623 2445580 5415761 8140301 434995
7048744 6778387 5568732 2046992 2227816 6162007
3082337 3491151 3008457 5198920 5486622 3003549
3232335 4045735 4486025 7945092 3180178 8240152
2897527 4147016 7873107 6500099 9827497 8081523
9997522 9870480 197125 8488320 1723520 2779269
1888199 182495 7019861 2057492 4691550 1895044
6638392 228988 9244334 7987857 1858823 3414036
8416754 9797066 174473 6057680 4550528 8686645
8156404 3086649 140164 5432082 7511454 5693495
401327 5283017 4808512 5408075 8548374 4259144
3492615 3675442 925887 8793403 8475338 7208986
3674911 7385367 2614510 261881 6349298 2598435
1829641 2176660 6862744 4001060 4729259 9713512
2846498 114052 4858114 9886666 7898547 9618133
5482850 3827741 8866242 487156 1165188 212123
4332785 5740556 4390920 1154075 8099842 7569005
5907750 3358364 1251925 8158874 1064074 6536111
7431667 988615 1952899 6512808 7715343 6547852
6688533 5710388 3953746 6108940 6927209 8714987
8441188 5550451 1611773 3343920 3976559 4274739
6218081 9215738 5114093 9574502 4901523 5929028
7132727 5049661 8194354 3432 8893112 790791
4285072 6745400 70379 4183606 3594626 8099307
8450097 3587682 6449307 6930434 1485129 1943244
8769778 7561334 1363397 7163748 7406283 9923193
1478323 4297692 8219637 4544949 47226 7254494
1253111 4932994 22458 2952565 9586945 5154367
4156364 1773575 3418874 7139836 8787636 4415574
1693425 1788246 6336 768829 3995094 6332905
8655647 9606152 5228626 8344630 4306961 1266945
8434558 8387483 2897274 3781745 9555782 8939374
6884749 8484532 92097 8698797 2004862 3779391
3403425 462896 1667592 6015539 850331 4703220
1674013 2867217 9465728 2454249 3605887 806005
4505283 7546695 370727 2121495 6309803 7099027
4415024 1411231 7813785 3651091 4766220 2842755
5615345 2285008 4665251 2336336 2850966 1858084
4380612 2959760 1429130 5937396 203233 27918
4010494 5051169 2781779 3149838 1729044 4535023
5987448 6789475 672435 1320173 8948718 1179524
3059563 7012925 5592915 2378579 3148756 6416500
9146905 4984376 343642 1276747 4258932 4096125
5462155 166501 4157577 4476128 3409737 8621687
534819 579331 2399668 8506619 6921164 4612907
7869217 5295743 7284674 3340379 4032605 2268294
889512 4289897 5803959 6213 4097497 3089002
6794706 5490910 6951218 6519473 6299519 6081856
3359612 9549870 1382426 6540827 6349996 3298255
2374229 6376255 8673698 7979973 7606027 2316678
7113396 299681 1565967 2846305 4745728 3036865
8490082 7580533 7959418 135022 4855419 1484816
5191450 6072936 403263 8342489 665666 2486804
723570 1439580 5377049 8076897 8687347 5440470
6150234 6561893 3939094 5523798 8152795 8791884
1515792 7281373 2602376 2930934 7043515 5463298
3584288 9246048 421470 5154824 7748187 1693879
1838493 8003022 7927513 1946660 2031408 1668379
1525568 9027250 6199692 2503711 2228318 5611276
100342 7222852 5122789 2722156 914503 3308486
8403053 6639003 306236 7575013 3296012 7392712
4343933 3917142 5487728 862881 2610857 6364225
8915787 1859775 6637170 7802400 4968763 1438274
40924 7946462 3056962 2312725 190132 2360681
344864 9729064 5514575 3642799 2231077 3813024
4798592 6039890 8831181 501938 7843357 4682474
2915217 6962982 531730 1503096 4399499 8990454
7452117 7626931 856564 4320211 6739561 1585777
255052 8849672 1278318 5988672 6283385 2984628
2728190 1108403 3246207 8412306 5905202 5429721
7915876 538550 3633425 6224722 1390338 8782753
2532637 8061882 4916018 8311896 4022282 1593284
8508476 2539083 5343310 7421309 8323031 7434127
2157036 9556257 752950 3574343 6628167 2221951
4578464 7988574 228906 1888715 694376 3747614
1094063 3026967 982174 1026328 9657469 1897410
5287165 7383882 3575494 173149 6119077 4412987
436490 5268922 6047099 5979545 8005705 9976538
9186584 5117380 7898359 5268720 2090276 4661129
4609353 2802447 3573675 3650575 2741817 3984441
8888008 693869 5587922 7690710 7704255 50267
2421079 2501164 9880102 90448 1158527 562916
7553244 8356164 3120657 8328983 9202562 4969441
3617153 886673 2087886 3718569 8363597 8268639
1077683 3263499 8326048 6249700 8408420 1655947
1007139 2781619 3105691 9074848 2807349 3286027
3581444 2981988 3582249 8808901 740215 2682485
9628546 9082308 2358438 7351602 3681081 4613067
2700346 2114637 7677407 1801606 2204979 6045750
7255236 4131808 5756972 1770102 5696962 8730292
9984187 9986778 3485845 4831400 4578808 2708536
5312109 2659515 4867794 5542620 3713175 6076738
1311296 641606 1869753 1525136 4496657 2855121
5218411 4470072 3420800 7165487 8310659 3009389
1215604 4947108 5848301 2963744 8733928 5287183
662050 7396373 4861564 3208199 3801476 5671540
2867639 7179986 9196288 1062617 3993593 4059388
3234432 168282 4523426 9687357 2335175 904185
8396276 5512967 3640956 2285263 6080585 4910725
3807764 1875354 6275432 9263037 2357706 9453493
4501187 8267138 557058 8454509 8252072 9859405
7677243 6232432 2805218 2293228 9865881 7125994
2452304 3335746 6967735 4272906 4855556 849390
1745236 9586086 2914393 6517914 2302591 8229137
9894471 7488225 7681550 2177855 412988 895306
8055191 5333187 6131649 3191520 9752675 3030187
9574014 4048752 2401867 2887459 2838901 7486882
8362367 6383384 6647406 9907447 6931562 9004736
4988319 4691321 2148391 8436117 2114900 1707157
3234328 7772136 6030531 4741330 7815637 6789180
3490888 1813315 6891420 8765748 8858839 1569273
412186 6883772 654830 9988637 9332776 6405137
471383 6538409 489013 3054983 357668 6800994
5624626 6249564 4217956 3156666 3448804 969508
6067768 6045281 4111859 2544227 6559865 1794243
6030279 1770403 7152841 5686855 4325824 2933800
208008 9876873 7238653 9616118 4315200 6321825
5849457 5548346 779934 1216455 5067160 4859069
8661568 4165542 2178040 8910345 671182 1441883
6087433 6249091 2299310 9802241 4080663 2508486
402751 5393443 6278847 9520172 9907235 6067819
3556892 7661269 1083277 2953726 5964919 221779
9017078 7423354 8311086 2416066 7642951 5793342
3291038 8745524 8770149 6386798 60095 192399
6550769 8773935 8560600 9746028 3760918 4460573
1247344 5696260 8964123 6673342 8098881 2504966
7899412 1911242 1003861 3154428 1969237 9997667
545667 9341361 9428046 7626258 5610532 8016965
2426785 3644623 6040118 7385601 6798216 7837911
7910318 9217863 6640506 4876913 6492807 9890928
6777451 985576 7817492 5886809 8249376 3303624
2260722 8073198 9994524 6150923 3849144 4843553
3871861 8923869 5580324 1791091 1431872 5186680
6920821 579754 5858193 3328012 8501448 2834644
4526121 2932805 6913419 2973722 2194360 7730142
5575221 6890003 8212579 6570423 2686279 1415933
9539892 4474866 430024 2721562 2955787 2215977
4799564 2759716 3803840 6910643 9657964 626612
197290 4514021 7942380 5529488 6114835 2972966
4826063 1103878 3752019 1555628 472490 8726915
9579686 5687747 2473902 279666 3032032 8989988
2838642 664117 3799092 6774105 4766056 5286788
2348501 9970105 5885601 3577089 4152550 612090
7490626 1496534 5369368 4481234 9852953 9376215
9120744 9437925 5057148 2936458 9569275 1206559
7464605 2512093 8231200 2033820 6062515 3905063
6791564 9498738 7645394 8862909 6667199 456129
8947050 4202399 5950843 7155095 798342 4198492
6105154 4488400 6131193 1045023 2350695 8811389
9177237 9805683 1727806 2784258 6263076 8719959
2684968 5212853 883001 2290328 2646786 1641575
583487 9826088 9822126 6872425 2855563 4077909
3500415 4870578 956622 4612747 349115 6629674
7915821 5576918 9231294 4221903 4369360 762548
5789829 453083 6851243 3539640 6419050 5230393
3351837 628050 2746621 5297455 7097834 7602677
3207035 4947061 3821984 3226506 6662455 236582
9467815 4660327 5305224 7211472 1627197 1130218
4324533 6210710 1812305 8353890 4136893 8550718
6514674 6928723 3936072 9765340 8267388 8169162
1285469 4788887 2645715 1632967 1597258 2677806
4164048 557887 6734161 3989763 4765663 9643581
9025501 7443646 9808409 2648635 4356337 521952
1067131 522413 9266069 6637654 6225364 8452392
1991073 5349938 8293642 813036 9705627 4859269
5029744 1154467 1869585 4294203 2962344 4641710
330162 9058424 1258638 7255576 7656167 228297
7467784 1994410 7723963 4784531 7127103 1831201
3865423 4527276 5271141 8300871 9346239 1388387
5626932 3684178 7545150 1596876 3708151 5013238
2298761 457202 6266868 7494712 7840701 8427111
7396997 7477215 2141200 502612 7854023 2004192
8894456 9120014 2320263 1859384 8945854 4774500
2446089 5494423 3283183 8416211 953203 4133333
7125271 9206362 2655823 8569394 2507938 8253892
7993413 6955635 3623105 1053374 3102301 6638429
4690211 8013394 1422657 3571111 2678880 4886360
5658063 2253636 4526788 5599013 6284137 183162
2023360 9984148 2313156 3874876 5774954 5504433
8623497 8000204 3548403 5500566 5338865 2052724
8833976 8515266 320668 9569147 4497999 7094944
6793515 2546169 7473224 3338836 1890295 475591
2269771 4806596 7818804 8552365 9692049 4122743
2952244 7392765 9852988 3674811 5287955 5482557
9365335 4536761 5743833 8449906 8416106 5955307
7832675 7624338 3797783 7450563 7463535 5742833
9015252 6636158 100698 6847519 8081950 2331585
4754571 5496372 9189627 9560777 247216 3053558
1580031 7833663 178136 6838591 3489442 3602423
9758052 3913426 8237511 4102891 3288256 8407980
9535677 1179613 8034174 3984133 2705358 7815039
7081734 1353323 2322392 2222764 4776178 2589872
9464702 4056280 3600290 3794292 6566914 1418988
9887576 8913153 5667781 4587899 6607232 2141827
8918632 4473738 1270729 201113 2417865 475716
7419065 1718432 7415671 2311944 2574262 2178190
6170531 2323904 9070487 6565575 2942315 2022164
5188935 8509331 4459023 8402162 8585967 3588273
8170646 4449237 8199023 4323490 4289811 8175061
5912164 3842736 3649874 5595497 9520501 7543196
1610087 9221829 496043 9231495 2294729 5763931
2607343 1657552 1393449 7677114 2301221 7222700
7025999 1723387 443494 3228373 8492010 8110750
6243475 4042314 1704119 1479423 4643639 2111025
3466634 7075624 2053477 1321166 2267018 6047001
7379616 8563785 6876127 6323661 4741820 9231398
1186260 3799440 8143541 1850058 3064954 8815833
7308818 4428774 6565133 5348583 6153287 6519906
1001718 7935306 5894444 196973 1493171 1783677
6010291 2314606 3311563 804759 5981561 4634433
8884261 8311464 9651035 523378 7951137 6629174
1421831 132183 9409921 8839416 8070116 7311448
3776891 3606953 5892787 5213184 2728429 7636445
2487822 2534069 3403867 5468785 583136 7488212
8050546 7444822 545933 9854935 8886487 9348205
2323850 7633216 5051961 9381939 77945 5715903
9347259 3978315 1895420 8702371 5451153 151673
7859416 9101578 7903019 8872695 300260 7087370
5079730 4175349 3143941 335594 1882043 3535898
6685736 4104630 1334563 8169690 5728777 1100408
3766500 1197090 5019849 4293245 1380366 5328189
6552778 5905547 1545893 4473797 4428133 1224251
3404139 2636489 3979152 2593632 9959263 2671834
893863 9420207 3065040 3347921 1819397 3125961
1883034 5627030 1707633 4794118 6856764 5004168
6319798 8707377 3225557 4906788 6942886 9436553
6395426 6941158 1523047 4455439 8584513 8293603
2853660 5681316 7548549 6044105 1627290 7915949
5104419 5219401 4228906 21301 3987542 5876522
7171934 2560360 5742066 8593023 6620688 937437
5083842 1127034 443151 8820408 6863125 9700603
4672153 5819327 8561411 9110781 273977 3838583
7139365 3777921 2499313 9297194 3490376 1867715
4028699 8070626 1940135 7053523 7170319 1342350
7900934 1693195 6245293 810499 6731917 6921993
4535656 8460126 4010857 9319820 1874362 7263031
7048660 6187877 9723142 7518736 5804472 5514403
9992567 5036981 6287554 9676159 5318961 6240520
9558588 4636905 6518889 3187817 588951 4902008
4961482 6102568 5781703 4190182 4099896 5817682
9393031 2069760 1353927 7925075 2896411 1304765
2824563 7517864 2457641 5362289 2567997 4647623
4837715 459716 9834956 4738586 2121660 9839743
5134254 6654081 3602226 5737932 2577693 41355
3355084 4395022 8480298 4231583 2135493 6573589
6716106 6766161 2711709 5680997 7130731 373644
6890489 3399050 7053571 3939446 9444197 1988001
3649791 3178677 8810587 434956 4163084 8512435
6038492 5250626 3795330 2639862 5133646 4629855
6531090 7605732 5445222 9332958 266687 8341432
9327852 2182831 6546030 7276443 6467023 8733449
2630463 5589041 9614257 3601783 5357545 2222314
7323610 8781996 7875608 1581554 8402409 6593522
1395787 67317 4483391 1061837 6093791 6456570
848317 8936892 6275503 6158991 2059003 1817181
8297950 645701 541874 3174621 954894 1838255
2140749 7772976 3797075 1894387 1052483 6697035
1519460 6325136 7961918 6468177 9488051 9486295
1482405 5720508 6692081 965509 1690043 504256
1792194 1339469 6759102 6592327 3871359 969696
4016018 2192926 2501160 5701171 7559343 4014272
3841346 7660599 1682876 3179772 5079577 8866980
9058748 3626525 8611159 4152684 1627774 7448920
4285666 1416700 4373247 3454309 4954851 5011177
2941266 9191594 9089429 134290 6111969 2729558
8441346 961283 7562674 1727050 7910053 9206435
7169479 1563819 7091 8757990 238641 4726186
1272917 7004981 9058261 6606041 3896945 6134781
5082535 7795731 7664604 7046861 3478815 7435018
4039455 9798785 5923992 7507654 7997730 5527266
4730878 687044 9619038 4666279 555815 9591064
1230563 6482731 6633531 2217151 9304920 467998
151740 6491081 6355159 6647845 8804596 918117
3670175 5092166 4482369 8692939 2570880 3324597
8604694 1093090 1991268 1500777 5341323 1521303
7562588 96953 3552564 855640 9542616 4863119
8887492 6274050 6820360 1521053 6531779 3930370
6831402 2819311 8876530 3379682 631682 1688951
6304352 56040 3908879 5792349 5832372 4462637
5843458 841546 3162025 4937896 6384589 6243267
3585405 4078524 4869843 1689637 2320997 8754824
1702129 301308 345600 5999925 571446 6308721
9845088 6265320 2150282 4933789 6938589 4331240
8922218 3716994 1196933 638698 9274477 8151775
5876544 3500987 5610259 4976453 1695039 6892065
3397765 2065372 5591648 6937549 3032383 2227570
8476750 1358690 8111281 8723605 763539 8958881
6647033 7675293 6015345 5600571 3680962 3316596
4944362 5994150 6115697 9032357 5944511 4506658
7599752 8143301 4539189 5503069 822452 9217463
5830587 1805334 6309985 4174863 6963884 5914420
2132012 1271535 2065447 9058107 7042307 250298
1239750 5405676 8650216 1558601 8115928 5716402
5501406 6479861 9802299 6330005 6341890 9346346
1384355 9491465 7779836 3551992 9958636 96721
3803514 2519794 2194676 3915041 2505951 3806996
3945209 7624390 1555509 4951159 9952678 9135688
7500854 375073 6873731 1591859 2291484 2100361
2817020 8919072 1765317 7477136 1131688 5685170
784190 2842514 8385651 9416237 4252499 1516835
6379289 457987 437632 947169 5229965 9131161
5296982 2553848 1437480 4055641 2067992 993555
2498426 8909231 7867666 7987201 4283794 5896528
7988436 7812998 376276 7432838 6619887 1195485
1671305 2233186 2262718 1905434 4905402 2325282
7999929 7714592 3199349 3073466 2178230 8751101
6190017 2625131 530327 1917069 6541900 1975046
1249901 651340 2024100 6171290 6264233 890779
2953180 2816634 5673077 8596154 4653289 5365179
9594065 9149510 9408296 3064474 96523 2161346
6329255 4709388 983160 2859748 2167682 9313115
1626722 1732876 2432017 7249695 254815 1252198
755901 7153665 7842121 1135747 5938737 1900905
912462 1121689 726491 3669359 9157500 8025592
3956532 1319527 5275358 5601300 9029994 7369436
7896683 1471342 2608459 7438530 3668436 8135302
9584274 4384 4081689 6926381 3375048 1919425
724421 567445 778882 77819 8436923 4002309
8196990 5013792 9121953 7532817 238967 423923
1906159 673063 4671525 5557681 5669375 630924
4856719 6033581 506952 4661360 1698078 1878113
8995086 1398894 7271608 6963165 6427360 7075774
5280071 7209005 9146735 29198 5284164 1246629
4115659 2772976 7597716 1581047 2152076 574710
6109751 4882153 8211533 7550696 5856709 4641594
7520502 5613461 4130609 4955867 6491173 4603168
2438202 7288764 890077 5402577 4846925 3290695
4943852 3632285 1198759 1741846 646684 4419401
9935056 8271111 5568461 4945042 9434938 975848
1342680 4938384 9365621 4393152 4829202 1963586
1236337 9245613 9626277 815959 8975715 1929958
6446625 3241275 2933041 2134657 2421286 6003010
1821499 9698190 445932 3765186 5094560 3427575
2363386 3376347 4543943 6772415 6355052 7493545
30564 8276433 1032680 2622768 5600971 5301785
2492675 3502165 9267295 4118576 1374593 7860856
4205574 7632800 5067548 2112427 9436914 9959107
4363532 6737233 9941254 231550 6395188 5613733
2907143 2790141 9036479 7645578 2323086 6034241
1591912 5060953 4267423 312918 61623 6351752
4734929 322801 8103193 317196 4321819 9902285
310198 9213494 2157012 4904315 9686657 7402321
9864219 1242609 7292375 7249710 5780217 1502389
6543482 4201666 9164404 1616278 3172352 5740600
2639435 4383465 1517378 8984452 6964170 981432
4210528 8851666 5452486 8273792 1990320 192221
2906708 4838191 5123016 2460048 2912242 576895
5554974 7703131 1283340 280961 9117274 3341480
5157714 5034567 6939919 8666920 2772431 4554117
2503568 9899738 3837022 280988 543695 3111910
8444243 6265175 3100911 1018238 3872378 3368634
5777929 2592339 2348669 8170952 7784814 3925705
601046 7205672 1142174 9430370 9219366 8360571
5229368 4737425 4856679 9361363 8783043 7602120
7969595 6349914 6502560 4200532 7617402 6233277
3000401 1542014 5065980 8228671 8321472 6849677
538938 2310633 9029468 3282688 1812547 3934241
2217234 4595485 6392154 9515704 6256494 1937190
3232725 613018 6340279 60508 6385399 8707685
2807460 2142996 5894391 5154391 9443108 767640
4648777 2671837 4380871 6964833 7525367 4868870
2614368 9806107 9206609 1197115 4110038 3901805
5101407 4382143 4170925 9427184 8182318 2099127
4208831 2880954 8503367 3124245 7151454 7563302
7579791 5311851 4004964 989691 3307786 5298287
3907781 720329 7567286 5324165 7114359 3528238
127003 5272170 4821751 2123829 4471537 2346365
5885518 7052955 2640957 3121177 8306183 8931874
3333983 9244619 1428118 8595036 8079311 9327189
6026289 125208 3600254 4873190 6856749 3087885
8230487 3455229 2089824 3994462 2089150 8746529
5581362 5349900 462104 71095 3715938 3375166
9678624 8641509 8648876 5566068 1526622 3198393
9853281 6983285 8249623 2207850 7272946 5638985
7174604 9613822 684987 5603336 7921978 9480243
3130503 8674908 5751324 1016113 9673165 5341086
6526906 8933420 1128829 2132058 8414679 6783646
9524888 4863083 4297281 4190464 7396797 1827493
4126387 8802979 7051313 7972558 1982318 5298967
1387542 5625123 653183 3926960 2736680 9459800
5777630 3344517 3130452 6832650 5203923 4834000
7623247 1699495 8733779 3292273 2995700 7518971
3360937 1701609 6252094 9036452 7834855 2332567
8197744 3865945 6408812 1741271 8166295 1360954
7649832 7575798 9525514 2961023 9600261 7177990
1230114 5949015 1998936 536434 222023 577634
5927896 4013268 9146585 2839703 585336 6602870
2489079 7740809 3397426 2261237 8200445 6391731
8570419 6360256 4675028 2646954 3533814 4823384
6449467 1890716 344945 5761567 8452247 2069896
9020251 1683351 7456465 6149377 2277457 5822492
8120807 562188 2181802 191156 6585931 828899
8261759 5360644 5443118 5419914 1345286 552207
1248016 9737414 5941749 9719258 2919419 195189
8413299 1055444 121569 5751420 5015723 5181474
4723465 2202611 5510398 5217630 6670860 2030442
5002528 7362491 5484347 6334814 8999407 4627284
5460358 2746385 8761752 9035040 2308164 8940783
463810 3268185 5223296 9194324 8855482 9591576
2309399 3620019 4102137 811112 277260 9736444
6179001 5247738 4627108 6179899 567740 593419
9917341 4637275 3676077 5995636 9690396 8330061
8485250 4671318 7923155 20986 2132777 7956610
2773078 5764524 9408081 8687993 4651848 6660114
5399837 2371625 5507532 3978297 2650700 7483725
5307922 3201204 2986912 7904421 3832776 9815723
779682 2579693 365091 2977803 4915417 5459097
5605399 43003 275529 5643412 3898368 4302988
9570063 5738572 7049960 914844 7757886 4392337
8668612 4560946 607025 3608957 4292106 8860724
8363987 1965539 1431536 1389321 8695219 9406013
1656417 1236636 7338346 9502721 4806327 7165969
217665 466817 1125861 5626449 1012681 3459141
9584676 1236348 6014876 2755632 605541 4807183
4244691 445231 5826542 1056262 3378522 6540957
9495984 7571217 3874618 2380887 6889732 8337512
6779868 7649275 9852809 7868075 4902337 4425168
9498670 163938 2854794 7672860 7700553 4440120
3248605 1669166 9023340 4415940 7109176 6810665
8373347 1151484 2455436 2136069 5723456 3737876
6586198 9314201 9998441 6973782 3731727 5129438
7166239 1625135 2769153 298130 9852745 6181223
187254 2861329 6383719 7462904 2277152 3126191
7941465 355227 3697660 7611599 9524323 7578221
6957645 8014533 1804255 6265919 9198801 7324955
4635361 5514295 5315654 1673945 4970323 7874654
4234578 221285 9764400 7493494 1803873 5516293
3940191 8661086 3141986 6537962 8472798 3382498
268107 5335162 5833144 4168344 7714412 6787939
1575510 2556172 8681057 1283842 1726606 1378767
1102411 2131392 3649094 3633544 7639955 3442832
8205198 7948407 3430925 9885135 5362622 9534891
8672758 5960155 9984410 8318559 1092864 5084680
6725956 4813893 9852968 233307 3480638 9118957
3041976 9543455 4531378 8049900 2625000 671020
8001920 3777565 9059446 5067378 5919440 6476773
6959140 2232417 2682976 9410652 9489593 731921
9716773 3706683 7020614 2948725 3162786 3915202
7446541 3645770 8163918 6418933 8985164 2877907
1394542 4790747 4708943 3493125 6873396 9428028
2932996 3995435 4888022 8921917 894210 2921392
5284929 7842335 692522 3449599 7981550 4747980
367932 4519771 8569227 3379339 9055496 3422772
87988 7154615 7816188 8825178 8611449 9905494
2034764 4576053 632146 8843728 7724836 9567124
2223652 9717695 4971960 7103677 4386497 8736587
6704116 548700 9090409 5791172 7775204 3500783
5083500 7305805 514612 5122575 732586 8732488
5385901 7673506 635219 6890052 7939148 6484659
4729886 5491543 4804703 9726173 6212211 6546544
590235 1011219 8260619 9823280 7630470 7753713
4466627 3354806 2937230 7935484 593171 665453
7703207 3471087 4193821 4515095 8707978 1657422
7995444 4112141 1723193 3697544 8277420 5276920
7176405 9432114 9150340 8665351 3254242 3614620
9028924 6280857 4108016 5049882 348846 9186995
6856068 6285114 5623877 4607640 1295079 238528
4695950 9047722 2448511 5156433 4234672 8049682
8034477 9092998 9697360 6193868 7745932 6092201
917500 3001043 2742170 2056390 155029 6727597
6815602 8603136 7352473 8692272 5508169 9229133
3421450 1582445 8325561 8608251 7955543 3884624
6348540 8534125 1682954 2198869 6121985 2891089
3142668 6329611 8522716 4644219 2312375 5667214
7579346 4070197 9583377 198304 9017530 4721
6013785 6578066 1709262 8496047 4749251 9640988
1590966 244947 275098 5443270 2447564 1248077
9448847 5478556 8604274 5492896 4613845 6309383
9147756 5950829 9405155 8613007 3769375 3954652
2727144 1923554 7946797 2538626 7152039 7992397
5627306 5246194 7182221 3692107 8501968 3959273
3394552 8641568 3093230 8004695 3220524 5487901
8348809 6977895 2676164 8823480 5091423 6515708
1653331 9742895 7645629 3248919 7302875 5717097
3937981 5656480 1287264 3812856 3419444 7417700
9392442 8667367 7364811 8996790 9700181 8134896
9814366 2368241 5516894 7788499 5660532 3881494
6474722 962076 1445280 2660796 3764784 582000
627563 4279365 4478175 846944 7636505 6315762
8764500 9342430 5584435 790298 3554709 320418
4348459 3469274 5773301 3893033 6220002 2300339
2375738 6473455 8762054 8268706 3711637 3429983
6525769 3923844 4154779 6754152 2727351 9376316
2821699 4384376 4580962 1507239 5755630 5289068
132762 7196681 6689971 9332213 6197463 9357242
657002 8159641 1907750 2797219 531744 2941932
1054128 4328704 9110121 1400342 8572082 4814470
1186734 5030654 9614107 6569007 1461850 3501184
4835946 7839417 6010988 9559989 392643 7787121
3023833 9771111 1640431 6609328 3133423 4390218
6560153 6673936 3304891 8928996 7748813 3780691
8854197 9510529 2217180 2698758 9646086 2989237
9286090 5408525 2898152 4839945 7318231 7227103
5607260 8426228 1292507 8762482 5921245 3963832
9050094 187790 3658645 2194708 6806102 2019910
829971 9098524 5985623 1670986 2617893 3034065
315880 6645560 378836 8759153 3919665 4124657
1455098 3065076 5750693 6389939 7769406 9544531
3501269 5356869 289951 4494988 9941470 1674529
9025896 8147636 5054542 2496264 9445626 7148475
7004449 2776714 6586796 2116174 4847206 2865542
2166395 5787667 14222 9932509 5895031 1163757
3488276 6118314 8486925 6992482 9460218 8466913
1641601 7386518 906798 5814989 6250488 9882299
1161419 7567370 6688060 5204991 54041 7687476
1705031 9911352 5857383 2900919 6605582 3189529
7361830 6337679 8298100 1803378 8021165 6594608
2454204 2972915 7951331 433352 9616191 3046532
5674594 3282925 9055352 2589729 6744459 308338
7568725 3091956 5481137 6052529 8715606 6902280
5032556 9172913 9270819 6250169 3418402 157014
8465474 4003707 1927953 126745 3970265 9057206
548324 4074740 5422400 4652987 1562327 7298336
2543603 5167943 5313170 9599714 9148701 8699025
4875000 2258901 1953297 2670411 549380 9035652
541280 9657037 6710826 9994890 1635104 8501343
7883131 9153038 4232850 5855755 9203990 6493118
7952026 9708399 7397018 5696661 324404 9473091
9741523 4889026 2443876 6737713 9305141 5944109
3775557 1150042 2312670 5507850 1674588 8592247
7499056 7388597 6465538 540465 491616 154444
1628984 3582410 6943911 8406070 9817358 4255398
9876088 4761808 9416269 8166407 4224514 2672672
1327215 2011446 5363767 735631 2329165 4565791
9012779 5791232 8676469 4292268 1912717 7484605
8789141 7069130 8695048 3707322 5058647 1410471
9137331 6402528 6333372 3461688 5227001 9712748
2308886 8527334 157474 1757485 5240583 2848417
8616975 9398159 1453486 9793987 7311347 1410486
6050349 3689352 594909 7207608 2993744 8164175
5715262 733889 6067706 3592035 4919032 4681811
372409 5492826 5081510 1961049 6034970 4243046
4164279 9540603 1338433 9528131 7248527 3008915
4495093 3256993 9777780 7009085 6129753 7704376
3232134 2744583 5957628 6604899 5684203 7581412
564653 1085387 7299676 2198127 8924841 2416287
2558407 5919751 6050938 8078390 4210529 6517156
5111822 2877667 1422140 6309176 2748318 9046266
1099681 5057129 9506997 1762119 7300482 1698610
8798222 3776126 4448445 1449873 7432781 8068369
3924947 3089610 6654952 5719916 8764713 2616344
1687789 3838453 8698957 3815943 8424590 1273416
1718058 4212260 9581110 5114286 4632880 2818155
8078283 4993263 970977 2821662 4572958 631673
6694459 882693 9368993 7419131 7030920 302515
8894363 7470116 3172749 171546 1871010 6049951
1203087 5614551 3290394 1778921 4155776 8162239
5229870 8728996 8307229 3153339 1807374 2552325
4645560 9004845 8556923 5352347 9565680 9433867
1054203 9440597 2572368 4912414 4892280 1106921
3561604 2474989 1694289 9422285 9374116 3069226
9358140 6442708 7538910 1455554 8569662 5440287
4760218 852125 8136804 9347002 4104018 9641244
9380747 5263669 8193 9362597 3338554 2760165
3792547 4720429 6530204 3515950 3864754 626992
6446898 150163 7330091 5751787 2779279 3002318
4658423 2735260 2898867 3233840 5859408 804529
6329238 8434371 8917099 3492985 1625602 1904445
6888605 4014323 3739688 3513448 1597673 524127
790198 4646614 9691027 8104368 8761100 4034898
2840997 7060807 1810374 4565100 3547921 1690043
4011586 2213653 7849507 8844144 1893865 1426887
56314 3895557 5985088 4032615 8773919 9112818
2561196 7211067 8233890 9284904 4244392 5735822
8891411 1704930 9174742 3201642 7812944 7912369
6684855 8951356 3456430 3997067 3913134 7139210
5595206 9958950 397285 3451811 9829297 3844559
2310043 8921662 8272122 2007601 8340838 4808732
4440103 9366221 143015 6427678 6314298 1649503
6729728 5507030 8411466 2917741 4326958 8371264
2016731 744787 7897575 5315874 1663964 8910879
7829106 9175366 8306780 7235659 5576986 1514227
6104273 8431733 3778421 4239061 4630529 9831889
831333 833593 2808872 384364 6547342 6573179
6735564 3388172 3339379 2714507 4969044 3852721
626317 7079142 5364876 8372826 1159476 7905505
4740248 7201628 5060418 7380553 7127470 1995829
4638172 9361927 9475005 3759250 7364980 9094086
764318 8027990 4995326 6995119 5076054 8514282
6050328 3124207 4714727 4388552 9541334 2969447
7330015 9434837 2228004 4037743 789677 2665935
4797295 872583 8954047 195953 2955977 9612454
5722261 1447006 7576758 5035020 8549079 4405449
6974281 943627 6487525 4232786 858948 8105641
250318 3815273 8782043 2384131 116818 8173546
7056468 4709720 8020246 9190779 9516134 3455560
4626857 9938494 6637667 840665 7120826 647321
6035291 4480200 8396413 4410355 7699249 1084747
8464921 2120195 615699 6020275 5969016 3338360
28851 2763212 3986370 3829581 5352323 6089044
3035455 6680002 765039 5218439 6248928 5000227
5366078 2067346 214968 5374452 9846048 9803521
5934772 4856015 2465295 9776664 7518457 6663895
7172145 5020201 8569351 3703107 2125761 7379025
6356526 469681 1077377 3804696 5746565 8736590
9243315 1606337 2128023 5421608 8189089 5918068
4205660 1371607 6295960 6014948 2285805 2242543
898845 229141 6095464 2266549 778745 7228731
2423466 9318397 6062236 8225398 7623500 6678115
9305046 4325778 8083681 2001948 1164586 8654303
5877956 5743572 8658890 7118609 1299167 4160014
3896696 8880581 4099482 8319027 9507861 6490746
1194948 972259 5814574 9362468 7191731 1623666
7997513 3207149 2441795 254473 2416004 1404679
9965818 7660736 1328592 6020940 5993587 8100081
1996209 3115698 7402862 5444625 2961358 5318494
8212451 5437376 4264181 1465402 4255572 9686168
3866993 9392051 3258290 8158911 3843246 8481933
7808281 6746530 9471352 4066462 3295996 5534365
1807255 7262785 3182358 9697093 6505205 3591170
3313495 1130864 4560659 9477221 161148 3754437
6140223 3902740 3369316 9824123 2335055 3762334
2592617 3701180 8468080 3291007 4890674 596223
2549840 1643327 3998281 6534086 6866653 1383644
1475613 1349525 6396487 9198983 6119837 1081572
338999 1329038 6152462 5511781 3966133 4928060
5895355 9154900 4503706 6582438 1067328 3499886
5360500 7633986 7526061 9142911 8507828 3956408
6116358 1573901 3361179 3803282 8509471 853433
6992694 9459543 3538086 2474342 4749295 3893873
4609001 1093243 9337599 6989172 4493450 731929
9419910 6902472 2442853 7188775 4512894 1175123
962692 9146033 3138191 7966729 6713002 6843971
1980425 5329780 3885126 1738255 9876697 7834195
9586452 7941744 2555166 9279363 370831 6485924
6005647 231527 1346802 471749 1261364 6608389
3393192 6186619 9666338 3783367 1658562 8689007
51949 5714755 3835466 9627881 7553542 157770
5567790 6818183 4194366 4134451 1649226 7628178
6250639 5214612 1277722 3015692 5151775 6154316
1611770 3348992 667179 8052614 3567787 4281398
3700365 3027235 3535088 6473797 9309497 7795349
9641547 7049674 3151655 5959315 1252426 797701
9694891 1804605 8704741 9166122 5082873 3164747
1179052 1364618 9262199 8489420 8555925 5346398
3363739 6098720 6826993 3390210 6209043 694124
1469252 1226552 8509811 347637 3062667 4189209
9678686 4566903 9085022 3875520 1393484 689075
7899683 1298999 8304305 614436 2469483 3341236
2721587 1294246 577608 6539598 8307481 7284371
6651925 8801694 4219972 5847935 1663546 1901095
8442373 2319897 2290397 6786952 2395812 4670983
1040050 5218380 3418614 3199225 622901 9652470
7813859 4516785 3168255 7444370 844247 1511402
6384074 5820158 2701666 3502641 2590898 9939666
4662684 6985183 9786065 8458411 4486755 8421921
6701918 6181365 8997790 2381374 6452669 6184479
4855512 6737791 132645 361828 993220 8819729
4774220 7381203 7278910 8918713 4012604 6892207
9517965 2766915 6955374 429519 1726794 9163145
7410791 3401399 6815410 3773245 7169880 8804337
5589341 9799725 1289613 8933633 7996670 168836
1263252 1632351 4622120 5172819 4680159 1327265
1165536 3758667 6795918 5760704 4436565 8921336
2365791 3200245 1138016 2920614 3203034 8208500
7322743 624311 9525163 162895 6705381 5408575
1896909 446710 935218 4876987 8483331 4400528
6218938 9077962 7232977 8876154 2200054 2699446
8213947 6622928 2501164 1595872 5622425 1760625
7607199 3284728 7233010 5408239 8171720 5512224
7752919 931891 8467540 1318309 2170736 3406180
6351972 6709781 81092 4915759 6696131 8431587
76181 3907892 2425025 8048131 5459839 3637542
8229542 8626415 938729 2949771 8684975 2999445
9030237 1449819 3431149 9280777 5253585 5101845
4851547 377413 3612873 3898441 1416727 1389576
1376911 9813748 2924379 6275879 1484594 1561214
2426334 8852886 7146524 3195258 691694 3877695
3375882 1720504 3288624 629749 4515430 4670543
8384547 7010556 4557950 933047 3633555 1948070
9421776 3461935 6709471 2923162 4137268 4600367
9367040 2350013 6072047 7213923 1307786 1010549
139690 6903538 3090485 2354927 4395596 9864415
9975522 1757322 2217252 7637814 3400183 929159
7640279 9421330 5282014 4580290 9217737 7451893
653614 2754675 87756 4518563 1198918 3621818
3605235 2480658 6089651 5613156 8375981 1725401
9392006 9330809 2916840 6709047 6263028 7325697
1247513 4640946 7442599 3325049 9299240 8467767
1692536 6683297 794333 5091213 8566489 6937802
3876790 3317272 7986361 4515333 2768078 4150311
1760721 2954919 4098281 6620267 1979171 2253885
9741771 5117855 9356998 2644435 9136620 5659066
4971820 4850880 2117519 5369709 6909545 2132204
6751626 9462032 7986852 7166087 593698 1605853
2115435 2466871 7562218 3307376 7036134 9890354
5860587 3724737 4430217 8910797 2689412 5007054
1262205 7043064 8799902 1519415 234964 5847279
3530064 1626832 1169908 8433928 6784452 7665475
7924506 2217367 6062489 115200 5214134 5892384
6390681 4106995 2875230 4079604 9867166 5975635
7029184 9013618 6976804 9271812 6192869 3470888
1131160 4530306 5560207 5481694 8875515 6919950
2060408 8696313 7518957 9172933 5360345 8418126
8130976 3338174 2453871 4249394 5001789 1170889
4161497 658716 1067223 6073555 3098740 1561969
8421665 7620451 6657039 3995073 7996386 1991571
3214190 8067806 122345 3749703 5260280 6175146
1874414 3808273 8179544 1218624 3275111 5897600
2765578 5110950 8297013 9931632 5082063 9972080
5121419 9374141 5135848 7498677 8589034 7220136
7906207 266417 7371048 3253975 659227 9397471
5040470 119355 3632904 8094372 3177245 2823685
2860769 8095505 7398566 3435545 5832089 1943275
6413524 8253352 4247563 8215172 8172702 3307141
9045397 2563093 2255297 1560784 2397482 505105
2685815 1359948 2696468 1883713 7116264 2899191
5460440 9827039 2304403 2649548 911740 2367795
8851146 3259005 4474114 8683932 1137486 1508562
4377939 6327108 6482770 8727999 8579734 6414996
4290844 1292055 630246 9884058 2810549 89320
9957465 5936083 2988021 1723096 674423 5164363
1636752 1054951 3503761 2152540 2837255 4884154
5763413 5509424 7929843 6718783 9679276 2884693
2670852 9031459 1762979 1912361 2370152 957203
9541064 200730 3558966 6953800 3487006 9425287
4205173 9040285 3359527 7474296 6558523 493465
8143509 3004084 5557898 884814 4642932 4394036
4983265 328420 370609 4968877 2091872 5380069
1727181 1205368 7989965 6286714 5735183 9624805
6969064 1000814 9375707 4525791 3644626 3241706
6873359 8119292 5205569 2117690 7557654 4370983
5912403 1212110 558107 6592837 9844437 4097241
6938324 8843672 8301094 4485442 3401802 7873926
5439428 1505099 5403524 9421685 6617745 8610279
2242664 368741 3257353 5651313 9133471 9547284
1852762 3437962 170587 5919236 5210093 8675177
8119060 5261369 4157156 5210862 600128 2211166
6696303 3390221 3931933 3091987 4766766 3877009
8105159 3671115 9323023 4141766 6774835 3887753
9973482 1530597 9188070 9288877 2987989 4345424
9744805 7985905 9073222 391180 5824521 5824165
9103152 527709 3785050 6702711 3965569 4904413
4223710 1211503 3037185 3566675 7746805 3939784
7929915 969424 4596725 761726 5667058 9402740
3375543 3963733 9592075 267590 1262240 7517032
5164391 9058333 3428814 4472381 848425 1695192
2516860 7378717 5785560 9118670 3561078 2157759
2029579 502138 1717101 2405988 8698870 3588222
9636747 4345803 2744839 5174201 8248285 2306823
7296171 1456505 7302317 9826718 4235215 2268462
850432 6655353 1964003 2327041 7515361 7102977
8618845 7701658 651386 3144448 6234342 3073191
4212101 2835334 5048706 1959232 9875751 1187081
750264 3490971 3261867 6193511 2299173 3474625
7279169 4975853 896202 3188263 6901441 9477430
124070 6959607 4039521 6421819 3926488 2735337
3572001 727652 4419670 5116 4837465 8422172
7290753 418034 6391600 6988335 9089324 8982633
1027753 5465660 5089248 1398225 2902828 5781320
3077530 4659696 2644647 2410029 7163386 8598540
4323183 8347178 2923292 6687479 5709002 9817677
1552990 9553841 3295402 9611393 8775980 4463898
4409903 5106377 9071607 8934447 5025782 3375128
1308022 9660693 213112 9596872 6496242 5650133
8528603 5874153 7409879 1997467 6046072 7488170
6252473 1973568 2961102 159400 6120001 3641210
5717569 4007930 6911372 2640820 7772336 2552769
5948413 2430280 978593 3879128 9282628 8852543
9981665 5149615 1872582 9965252 5501360 528822
5991575 132949 1957792 949320 5035082 475912
1216495 8292706 9647841 3580318 1287718 6718824
6763080 1884396 5990057 3858144 8702909 7771902
8292555 616156 6932289 7643882 4924728 8346770
9583859 7160009 2576566 1121961 6207404 474319
7304171 4441308 7731494 7106984 1800373 8840294
763034 3290003 5213125 9525989 6652729 8368277
7549685 6998335 2496676 7002118 8072292 9940282
5904495 115168 5858599 8689823 7240839 623118
2596639 2840864 7097083 7600162 2748039 4139567
2274321 7501042 63095 3848736 3499021 9224978
7303755 8032997 1735300 824125 1569790 8792899
632452 2821734 751732 7595463 6780691 2149890
9188325 7841327 2885802 3165502 9040880 2179954
4379052 4961283 3293404 5229724 9180364 3024929
7209388 1822944 5166113 6870426 4943069 5254288
9356670 1315561 4752826 248736 4853643 2790167
9672180 9009829 5260193 3059839 7714171 1467454
52527 5178775 1676102 6728886 8113702 1958775
5750012 7413798 1598171 380103 2615213 4332115
3035926 7323255 5721204 9055079 9937200 1921052
5028494 8862473 2063365 9693883 5331973 7912804
3633605 5956338 2918249 8737538 8503089 8423858
9416563 79600 1095197 4219633 305603 5138395
243385 9360171 2061860 3701451 7866983 4381237
2222147 4057542 5159976 1087512 2904331 4754612
3810210 3280702 9601850 7133104 3820842 7086131
1636089 8354174 4505530 6794233 7540170 2412650
9217457 1206231 2114225 5935232 6478674 9645820
2614644 8756267 74776 1621171 8459159 591791
1416308 3193881 5336254 3802658 5122237 8883461
6027679 1911468 5433813 4262423 5518969 7697541
9758595 7818975 7866763 9411878 7381419 2733673
7957055 9097039 6374479 289397 2052745 7607416
1003845 3101872 405900 716758 851968 4756251
7295718 9326272 7450554 3786663 3476325 1728416
3034305 3316784 8375001 354031 2702606 8910597
90261 2937759 3607271 5673584 6893144 8622491
915071 5169082 5195957 1506836 5718740 7405598
8199664 9573677 9385067 7518861 3570885 5704604
1087942 8594844 749670 3696050 6062422 5008120
3444965 1323447 9615306 5608347 228875 3400049
3010795 571493 5302064 8219052 7891606 9706903
7981757 7167065 5140147 8005800 7069777 2392830
1984684 3689542 6339507 6074732 8262882 3948736
2926672 9446566 5649812 7271695 1847840 5216277
9725288 2133087 7882933 5304451 1879761 3008173
4236474 8085572 4648823 1812311 1797442 3632934
9793979 8425118 6273978 1481415 1835506 9331715
6550868 9125417 9188773 3052628 2869123 2461681
2737667 5659723 8247940 2694882 3121901 9896278
437227 8059344 2494426 9930511 1659034 3502078
3221264 3933786 4324214 3626446 2151556 4934721
9575160 4098825 4497765 9333266 2590872 8079055
4471118 9204745 9921950 8225878 1070120 5528933
3566963 4899058 8649625 4958460 630768 8426600
3219133 5087775 6128860 765782 4582532 466728
9244167 2067181 4871329 9747292 8474777 5030684
1848635 4358575 6824042 1699621 8360039 946610
7293239 7137555 4685149 6545240 5970879 8022389
6549469 4775007 4887592 4994289 5309790 202096
6137391 2592781 9608553 6589540 4204040 3920430
4959222 7407507 8933095 6696539 1859826 9904573
560226 2700181 2137749 1834215 1517609 284196
4816792 2026320 505655 1299272 476778 2829815
3408499 5698685 311749 6454969 9967722 4452739
276965 5451971 7621924 1114036 2491823 4097210
5478734 1299719 6689015 8128251 5077489 4678625
3984906 1493160 9707502 2112522 5566583 2799238
7914285 5546721 2434183 4158098 3883802 8725471
3193873 6112985 8052554 9451301 605250 6739423
6965396 9709515 5849140 9020756 7846350 1073729
6199830 7606883 6850865 7119323 6907616 4105260
295069 1342473 2804812 808218 431628 3905199
7189294 2744797 7290134 9295943 94008 9816623
9367511 4267175 462294 2489998 158322 1710591
1671553 7632952 1141582 876265 4836570 5155417
6158366 2335865 8155125 6024298 7360823 2689618
7533272 3800763 356353 7617692 5055620 2751461
9427325 2438845 6872068 9684440 5019884 7015523
8901673 4493425 2408631 2755381 7494036 3013481
128893 3273295 8632103 2204332 4960524 9938827
9138487 3610426 3951978 9077561 7275474 8759133
2606915 7813232 810246 1755753 5357916 9771525
5278740 5756707 3100154 6558279 5662160 3584931
4941866 6344137 1310961 13283 8007964 8514909
6334283 139061 5591130 6156808 7965865 5152718
6896657 8842499 6163087 28825 555962 529936
1543007 5661516 4900564 3088998 2752164 5655106
7988373 396278 9052362 9130758 5334707 8595843
5995191 999421 6601434 1816782 417928 9053622
7421182 4490479 7636832 498945 9442291 7105625
7427716 4115310 6384690 9886742 780843 2190662
1579751 4582623 3646 2673282 9615900 5484178
3064592 9010335 1153149 7896489 1221609 7674704
7329201 9179948 2290358 788673 651333 6078168
2410947 8932897 3883633 3981019 3174652 7487377
2982832 1685228 7742361 148399 545750 4264524
26151 956206 6410326 4309599 9178218 6492512
5233187 1463888 1167495 813687 173934 2011721
4028962 2663502 3225059 456776 1418617 5775913
9293141 4666856 1850814 722859 3131760 1659018
5911357 3321517 2553417 1608748 6015001 6723313
5675934 778403 2169992 4601092 6969399 1026600
4905837 4535705 6605807 918953 6795296 4665164
1672034 9008591 8679829 5447694 8602799 3961669
5668939 850054 3603136 1749172 5630404 670848
4395638 5559166 2831689 1762035 735282 9412956
7753273 4095580 5573514 4823596 1091755 1241469
6374786 4467306 9669334 2509004 367071 2659651
4721489 6912851 3439835 4115769 2616169 8817971
1694902 2287371 5130106 7133705 6614894 1563824
6903173 250530 2657361 5136970 7319827 8055107
3387087 5687724 6981858 9300021 4879464 2993947
5172888 3426621 2435893 1435149 3913300 2447740
3598346 558659 3977169 5650497 7211121 3355434
2124453 2522476 4206759 6019243 2005708 4955786
8805935 561349 8675390 1771002 1159479 5810912
7407167 516081 6496930 3555832 40715 2823321
1245726 210668 4531264 7109932 6031587 6629096
6270794 9425493 5723598 635258 9264826 7818586
6706295 6876480 2257822 7362809 1817163 1700796
299729 2824119 6167723 949255 3868738 7661111
5534441 4723659 4410844 7344862 954509 7405860
1911447 8040548 6760237 1106398 7187873 7691658
3933297 2216455 55221 2812853 3625008 77570
632939 6110118 3350738 3935314 7175143 461690
7062652 5307199 5799980 9419512 2802327 5005754
6864411 9074148 2449907 6347479 1083592 4440760
4989066 8661901 3323180 4828776 4761227 2433513
2495079 521725 6279872 8222735 284870 7553451
2413075 1405627 9585924 5284903 1202556 1341630
3567403 827899 8595528 8524109 2945722 2931664
983606 7699733 4085355 5159829 5809061 4000729
2456739 2818706 5180679 4208312 6147539 8237957
7720578 6897392 39069 9747148 1787058 1963223
6487288 6993818 7538229 5685504 1265398 7382649
1551670 85297 4733432 8494065 5784089 7042344
9469901 7604190 6210567 463278 8213245 4299490
7304007 1208634 6645343 5243194 5279361 4295509
8487438 3002333 724214 2611981 7599524 2093493
7854227 6687519 8854912 638981 9791884 4767879
4949087 5671682 7883047 6318893 7267620 3256495
9972454 1725388 2799473 4857246 8447849 4777391
5938422 6401176 746744 3650602 8795498 5361824
7390849 1648182 9097816 8001252 8980754 9069514
9393890 3116913 4584804 8262584 243400 3158672
8880604 5346183 9699362 870513 1241771 5378404
1322860 9536817 3645975 1711993 1324402 74814
7551593 5541532 2319391 8595161 2736292 9855715
4070958 842820 3531583 1222768 7753900 6346285
8139970 4636504 2560036 7592542 4874915 6317630
639007 2085750 679811 216709 2169247 7032732
4734172 2573774 2876533 8573177 3161577 4691176
2117381 2723080 4323159 4681127 1246131 1064623
5259987 7717171 9199617 4647930 2451296 7687920
9468169 9912977 6645005 2593695 609243 3638322
2521426 1683681 2829119 9509415 8007778 5776301
6435286 2673766 5146647 9242680 630030 6362629
3387582 109972 4708063 5814786 7656765 4189807
9708854 2634528 9307002 4992544 6532962 1444323
1980123 6710049 7940124 1869798 9512303 7761230
4306437 1257883 5793442 8506435 5553826 6678717
4610213 777493 9650340 1505227 4521444 8681726
2174987 1308584 2174485 573257 2206491 7138823
1093148 8568264 3389091 2679376 887272 3927809
6471278 4845617 3892190 1569433 7882115 6075022
9430653 4960949 7325151 5208188 7362515 6007230
335807 4065735 9761080 5473951 253973 7114792
7352201 5948404 2040102 8192661 7703888 6625746
1045071 5134485 5530681 1397665 5527653 2910543
796842 7342161 3867803 8168376 8557180 3277363
6371715 8821625 7437159 7995415 2974127 525930
910161 1623562 9841052 9207692 5850622 9404815
7541392 9476877 2849262 9524396 9497086 4149638
307302 493369 6090114 9215670 7110904 1924558
1269508 8482825 5248556 3908672 373133 9610737
9773830 5366002 1928972 7062446 9502226 9827957
7688631 4220258 5605941 1548101 4894810 9985015
9669476 144714 9969737 6765529 9222949 1433392
858992 8280044 8625254 8995397 4399256 7222714
8659090 4672683 5747636 9071402 9742865 7464856
6854914 7749374 5553619 2485225 8425979 9202909
9816426 2543258 4304889 240819 7378185 2781994
5810245 422652 1111728 3894004 6585867 2599504
4996042 5858085 1163968 6210151 7263920 1690707
6118784 9085205 7299179 2127315 1508183 508490
3336088 7282981 8510101 6217099 4126134 6670462
2059543 927926 7159306 5446436 5729487 3777964
6806595 2358562 364779 8508312 2548444 3459869
2539150 8720275 4365579 3477793 9022050 1754353
6379208 5229035 925052 4109601 3113754 7489745
5647064 3169928 6868721 5101147 9853615 216771
2876474 126016 5849447 2914962 9133097 1485609
6451473 7916089 3389669 8128183 6884124 2890351
5849900 2490701 1683499 3533523 6689056 3686217
1569633 1579915 5840062 2504028 3124509 9295664
5027567 8781593 9229718 3963738 6084016 7645960
880538 9383439 6845944 6569392 9952725 7001645
7589668 1745677 2807732 3290158 7735255 6187437
6458916 3155400 3841817 7544228 6917622 7492438
8752223 9148337 8788938 9792985 287663 2499079
3955858 709388 9375684 4072605 1225962 6766473
5882682 7782600 5074969 9196676 2917606 1863392
7521431 4008306 5819932 3139180 7944444 2501445
2716809 3433631 7658147 8182001 1748365 5977043
3874525 5900829 4635846 8259666 4321919 8340759
4337309 7973425 7892907 5497852 6941358 9312483
4149237 9774913 9019469 5871527 9489731 5483437
1235437 1846897 8413722 8239855 7074565 7548273
6370548 7456720 5508411 5471019 2147475 4666445
8600808 7404570 7215524 5231108 4967164 5958093
2117532 1997906 5078060 9602169 8578120 6671227
5912405 6062937 3726937 8947445 6585953 7837935
3320879 6945818 4875117 9615523 8586614 4876295
6836149 2563554 9998672 1992079 4774497 8761127
1133055 7174906 4083690 1080455 3888173 7161362
7457207 5617643 8449703 9009368 1149408 7597263
2527186 3702347 8786696 9077405 4360785 9017345
7060198 9735922 2573040 4399637 8950529 4262788
4842907 960188 4070260 7064260 8898332 2029320
4106768 1906676 2773510 1581751 925007 1052609
7298491 1355786 5782726 980538 2200259 6601992
1341049 753009 719805 4643276 5318668 4820448
6507972 8713707 1412494 3847255 3584067 7679185
6089880 9921960 1700774 336296 76458 7195862
6854243 2111757 8521114 8906479 9999732 3497133
9199476 252622 9198340 2407435 3718162 9485156
6017319 9966877 9069246 6217632 2092524 4108144
6585495 2927534 9181604 3735442 7467260 1812846
8165527 8577013 3396538 5916864 4929251 5922744
1063344 8967534 6134415 1315372 3007233 8702251
2647657 6924395 2831325 5421865 3751967 2760099
444776 7946214 3546294 3688880 9706671 5054657
9760283 3093746 6961992 4322189 4195654 8542243
9753573 6778068 8769828 5311872 7097648 3209336
3225668 5749917 6863086 3249495 5945716 41147
2368798 8324185 4010563 7793326 7568302 4022737
545814 2850348 304833 3762422 6651195 1043593
7434382 201325 4395895 2840156 461624 4128061
7582775 9641764 8130070 2043502 4971542 8154239
4552076 1229628 5495413 4915185 1497040 9059825
2089883 912172 2112315 853719 1696434 8745007
3933279 8755940 885148 1270923 2872183 1685116
8512335 1579285 152632 3421534 1381668 1233421
1038791 5815343 3613291 5782538 3850611 5600024
5556435 6475887 8644583 6624485 1924070 3412147
2243693 5205325 2358986 6588081 7805474 9535596
5801313 7922952 7834218 2446605 9843537 3377586
1540592 4226505 2607975 7079921 476832 8313359
8848126 6668144 5890393 7813265 744908 9221561
4842084 6911482 2993184 2090397 7322351 3810080
8003237 1416309 1307688 1253980 6277279 8873036
7236686 5329208 6838399 3592381 150216 2778526
2018228 6333648 5308492 3663164 862600 7650449
9477134 7592635 1801570 5890803 7388987 9852659
7314733 7546544 5964554 5139543 1330243 2894994
3707733 4336434 8402362 3078578 2705702 405635
3981056 7022975 1955698 3595286 7830899 39633
1203667 1604490 9527192 7818624 5981300 8596003
9305921 3480898 2795591 4109587 1562214 7794915
9182786 4730654 6356682 6871872 1501916 7221774
3868382 3918740 5436475 4861704 3897398 2956484
5098315 6059963 7382995 4461326 8181256 9871274
2642457 44288 1418054 2523599 9625208 2628969
1603557 3545016 7338471 3386030 4641802 4035234
1821088 4429496 3550783 5592175 9718539 6052423
5084846 4855358 6979251 3383826 2243301 6975560
2504038 1755018 4166497 7400274 3583057 4643172
2200659 1357566 7424005 4293686 2251540 75042
3680606 5550240 338973 2708421 1264492 2253080
1446583 5849226 9155257 4311513 6091853 4771404
9084907 9273706 8522451 2166436 4583639 4558260
3106047 3852304 806973 2532909 6327296 5771242
7166472 6295119 2882301 617069 7454281 4068295
5929294 3029956 471298 4610812 3142779 9141380
8171172 7020745 7074570 9296839 1288003 6205796
1045152 1238495 4370686 8200395 8043237 9525897
2122737 7669617 8551743 6694536 3355284 3327727
7456615 7623177 9713066 4508123 6294424 5380987
8365199 6834892 1568156 1077593 5507360 8812509
7239459 9794808 857873 7311231 7974927 3011178
3672091 5632923 9411545 7630951 3514239 8087058
170447 264777 8667040 248095 6465598 4550295
1935778 2529182 6836833 4148818 2175509 4320009
6060295 8616424 8830431 4110445 7300426 2521833
8406085 4165889 9470680 9293430 2832290 9458254
7090499 6908257 7484873 9620226 2001380 7578922
5554092 5814980 7071990 5288147 2458865 6041895
4100484 9885759 4270680 4916834 3662469 3058025
6643242 5834770 8812813 415803 2350784 404197
6558878 6813605 4047748 417198 421377 500008
3305125 1606702 8776193 2588991 845181 2672464
7123719 9873501 7834851 5610927 4063106 2646222
2752245 811658 668419 3198255 8045048 178871
5466336 4908362 1379430 5866355 1331337 2062722
377402 2454025 9326940 5939 1218596 3846583
2648574 6392601 3917169 1828814 4275760 8610033
6857081 7888273 6659694 2920826 1366278 8348430
5277215 4539298 3075613 4372183 3175591 4908766
3773192 7063203 1347331 3295164 4893467 5296297
6887025 5970132 516330 94605 6885158 4564198
7825763 7926842 2095096 3114317 1755351 3561920
7968999 4529823 6879609 3955234 7486694 8635484
28392 5712407 5140136 9069831 461143 846386
4457492 639284 2706239 5728384 3109252 1990088
8085948 3264579 6232605 985198 6336067 7346577
5155470 7061837 2443669 4427717 4333288 643398
8786374 1202884 4845457 4747506 591542 8416023
4132499 4830386 3138556 8826851 5428373 7093588
4099166 9147568 1459460 6307133 2480861 3500698
2243723 7055153 3698692 3131502 5369240 6277429
517687 175137 7359762 9123304 427720 4921096
7155911 5302069 312802 7203583 3361673 573712
2033467 7236650 1799710 7535121 8785335 4115221
6243202 434627 6765156 754547 2940094 4864710
898174 1341388 8934896 9394602 3365256 2346934
6522736 3378505 238561 9102927 9074850 9590853
7488111 4112654 4150608 3129268 3542583 8055275
7655894 7650699 5314240 5241438 2614954 2814086
514883 8794673 5657870 7754531 1036250 3631770
1079926 3866710 6777977 3485139 7527436 8832670
4921485 1596712 9428755 965523 4417048 8353242
3238460 7668338 9822920 4679054 5153693 1785490
7214331 5149739 9186532 3246506 3756431 6011081
9174702 2770346 8748231 1445797 6238750 8234926
4088693 4295169 2098 7516653 4706177 5003658
1004836 7985583 8729915 8803659 4455874 9154803
945571 8070551 4866042 7834585 1907596 5305371
9049191 4690843 4376706 3479454 2012602 5173574
8212118 9338051 9932328 86395 6774651 6273378
4559081 4097407 5581270 3323314 2593899 455934
2232103 5834859 6973439 3157663 1850798 2257750
9747405 7719661 2828048 6676900 6772259 255998
5063824 5366754 3423558 5131992 9559870 8457121
2187510 4715898 6632703 8517552 611407 8900138
7351265 7332405 2740348 5962468 2780831 85921
710597 5572867 3314629 5193827 6178609 7929838
2998407 5573583 4114753 5205445 5503387 2354071
4285593 4997044 3207180 6832169 6808340 3922273
375643 1786045 5109581 8776154 9036186 5784835
1730190 5875544 8816143 5207921 1550191 1562927
77497 1844320 4593282 8469133 8863964 6528666
2795421 3769029 3231380 9665481 3281168 5520394
1085868 7621483 1838528 7413004 2670551 153023
8583487 4849008 9209098 5740180 7916947 9527497
392920 584495 8479295 7515162 6274548 7387062
2075501 7469698 8268081 7343383 1791687 1917569
2603601 285907 3649058 5370882 9916804 356854
6310708 2665973 3709235 7643889 7000613 5961
9000333 2983411 2745229 9763175 1025234 3448661
3581624 7704588 4452471 4303192 641128 8612991
6143013 9937243 951744 8511009 2679486 7532610
9321365 9559986 2157906 5874254 7908892 4788576
3517734 4708920 6667018 4740757 7342871 2939761
4698319 751813 204263 5220115 513095 2612508
6044123 2498124 9084535 9917095 7688026 4563155
7805548 2383167 6489291 531133 7133875 1107112
9087622 5565494 6202518 1677467 2767356 4461713
8635171 2211946 3911818 7160451 1335185 2548725
6599528 5009929 7074672 9732233 2228369 7201402
3166439 6851289 5229605 3088231 5681195 4238380
8781951 9013940 6056569 5463393 5481276 7313057
2059866 3161177 8352849 9259521 159966 295550
7647259 3237102 6479361 4560320 660938 9460427
4320786 608952 2789106 9872292 2606914 5626226
6509993 7500879 7720600 3034159 7426814 7390195
9728175 7341180 2788004 4132153 6536437 1502405
3172121 841097 4869986 4283227 8062289 3219082
2140987 5251101 3286911 3511959 1488012 8163045
3442796 1294412 4201321 4066177 4646357 7007592
8083899 2738257 626014 9266897 8220066 8110059
3294161 1858213 8504771 8554266 5678227 3651772
1928554 1831686 1496294 2375364 4298492 709508
2064969 8484989 5255036 5794244 8046376 5146420
4218789 4015431 1810585 7934347 1457056 3956676
9085575 9201558 5735978 8612192 2145027 733187
3012032 6467609 9493974 6898094 3546598 9716832
5211249 395843 2971382 7798260 5033445 6506001
6568900 3697212 7311452 9866377 8664536 5932923
6125779 3208542 739621 6247863 5772946 5113709
906452 3688751 6398414 8617532 9586713 4843209
2972658 6253465 8737700 447372 5288690 2638926
8755220 4489600 2766514 7900653 6721032 3601285
95206 4148534 1755847 6545036 6837237 545897
3087393 8042818 5361526 5150028 6976766 769428
3960918 2617485 9187158 6795736 1240804 7550027
839674 5775225 7518426 8101912 7554323 6564666
180685 9008 65911 2083554 7569111 5495283
4412272 1006267 5573998 3953801 5061407 6147890
7924085 8763595 1200238 7736835 1763772 7326404
6485804 792929 6963917 5356456 8284818 4254529
7970138 6173245 7687480 6903513 4777466 6392342
6328310 6411668 9725203 1513234 179359 3459008
4947533 1607759 7187167 4431737 9299925 2634428
491430 6350827 5046064 6144945 3292241 8677812
2609856 5917938 6212209 7116529 870145 9751302
8633285 6038115 6758346 1174223 6794557 4215354
7879960 7556897 4852089 7772745 104532 4513080
4746152 4982684 2937653 1367937 6670810 4873523
900085 62076 8560206 9839590 6460164 648912
3035933 603857 4380333 9220330 5425794 7081706
3561917 8295025 6134711 2622058 6356302 8243064
6154252 7429070 8060485 7531938 1723737 411472
9616999 9945008 9132712 3400854 6779209 3793192
9314830 3165128 2135892 4778162 5257552 1143672
1322424 2221751 7843281 1587245 6568508 4916019
7225036 5007575 5335315 41412 9916289 7554770
9740963 8589930 9024293 3331311 3922471 7097761
2517230 295367 5498515 8877109 8489640 9821985
1966103 3559881 4218551 6259672 6671720 1501834
3761584 70576 6908607 7581857 3519321 3765123
718478 9062977 2936759 2065384 2793767 6262683
395154 3951019 3852928 8682038 196236 816377
6850571 4533584 1866091 8218020 2040894 3009839
5245727 8299556 3107484 8512280 4382130 6567794
3022077 9471429 2630955 5703552 713966 7168642
994875 4819713 5839384 8428926 61499 9761879
5089708 1222753 3343078 7390749 8377851 2827288
4232618 7529616 2354630 4621257 4412809 7862884
4609508 9478419 6142416 4962370 5158870 3903323
5873623 3162958 3599359 8097308 8651395 6762942
1786728 2408591 3292967 5280790 327440 2849787
8508896 2935619 5921239 2036435 2327692 1797872
9094569 5982920 7217103 7504427 643057 7446937
1865891 2350456 9730540 7741008 6220313 5013565
7465649 3333000 1000711 6811047 7689066 7806357
1372874 1608837 9980736 3398457 8598633 4362695
142973 7882977 4317491 9009734 8731166 6187519
3228940 8712861 6922910 9947579 3487684 7084230
5860117 4694749 3536647 1849149 7622948 126165
7304699 3269653 8019562 550550 8435963 2906723
8146246 5528957 9182229 90857 4646615 93815
585323 1510905 7937940 9279597 8516083 4936148
173227 6510927 8604786 1207280 3286260 4266237
4923553 4005053 1053267 5313198 939991 2658770
9765171 4138056 2373367 6075320 6388366 2663722
3764315 8179634 9909727 7920540 4610150 3357011
3021993 8629560 8890757 6055443 2328302 84687
851043 4925859 8460896 7140080 8766364 1729190
5585959 9963593 6884069 5879176 3451230 9044410
6709441 8124782 5368687 3698356 6540582 3952985
7607533 2881164 5029881 1767288 6649818 6499845
4288538 2411332 7546116 6135402 7700103 5867007
2259009 3697116 4579939 577346 6845610 8253242
9353513 6548588 4892198 1162374 5544823 5606597
6662549 3815238 2079097 1205723 2938833 3527923
6945710 2444741 4580868 5867446 5909320 208431
892185 9635698 6534887 9230313 3850958 7210601
8007655 6913381 3000721 9816672 5845537 2094760
2232106 6090649 9542343 7145259 4763173 8575473
5243688 4809999 4514049 740744 6320724 4633182
5704251 4418761 4094259 6751965 1013812 716018
3861072 2759655 3720261 6278637 5827910 1437333
4409443 5727077 2002482 6167481 7088522 9417251
486060 3462525 123788 7597773 1934593 7306384
7237706 3445466 1324332 1380797 8670253 3556515
4523336 7953907 8445346 2903059 1538032 8094959
1687495 383076 2426174 2625329 6311093 1734447
8807569 7155566 2470508 6686202 5279136 8995017
9512656 3987 5647409 8065392 1334242 4280124
86874 1130227 4634465 4655254 6527291 8204001
1342500 3099783 3740524 1596192 7678899 9371106
3998518 5762932 3047876 8441704 2877910 5817833
3169973 5724713 7463587 8279071 345649 5915427
3168626 9679273 5644250 6359341 3573798 7180664
5999187 4955011 8971140 4357657 3575064 3042044
1697794 3357148 1848650 151258 8387574 9306568
170917 9307816 7318248 4473593 9048819 579834
3397034 2989775 9153962 8119313 112929 5344567
3550578 3737610 713849 5310271 1025525 4601025
4449556 1724229 9793879 1839779 442904 7926526
7777648 6943396 2185392 4742324 8483830 7695219
6670563 8992592 4959148 6140661 1517798 5857025
4718837 7444997 5405410 2879276 2663087 5275126
1593276 9026202 5871740 7409014 5211084 2940907
7561751 2679271 7681379 581172 1353959 1510313
1855224 1750991 3952145 2039036 4479032 9862365
6121678 3963112 9725483 2770916 6040629 109051
7643822 7822825 7381144 9942861 4712957 6098477
5493176 8224432 4473487 8452859 1276057 9928712
6417184 1311713 9901778 887524 5050587 1781718
3201005 5911437 2631208 6842857 6949205 1797357
1840492 2931557 4857622 7171981 9134934 4093151
3224270 7756188 1460619 9108265 2132740 3238130
879203 4881883 4774712 495436 8171099 6982782
7092972 3146044 8621690 3057533 1045740 4433134
1894297 1982970 9902370 7282524 4135342 7868580
6062961 8013739 8463983 461644 5705744 5492977
9734505 4792612 1515603 459843 2578358 1155745
1439573 4389758 9009744 7268001 9425340 5212666
3741420 8169454 1504202 7505550 2424858 9289781
5409813 2301797 6016586 5202930 5141510 8252897
3192423 549493 6255547 6211483 3961810 9161155
4633161 3924061 3866053 3666287 322466 3370948
562439 7878726 3116535 5888465 8728803 6166997
7546233 1213554 1414743 93696 4947406 1255914
873495 8526669 1909335 1156686 5798678 8657146
642661 9015437 1272541 6258716 7674231 6510926
3315111 564567 1996469 416938 6258555 6065048
5369380 6738124 549731 5197334 2228844 7257386
4746255 5692758 1486685 2176436 2357927 1094978
5947440 3957330 9299859 3178404 3400667 2689323
495319 7263564 3496805 8499494 436539 1482872
2144887 5079014 895642 440635 8419156 4712396
4719419 604943 9182185 4699815 374476 4230323
5977065 6145528 2193860 9840283 2991462 8269146
852405 5523372 7559111 4565201 2046219 3084722
6357612 6918464 3622102 723757 2167048 4000504
6325774 6946770 8151347 9833430 9324456 2927507
6040965 6550366 9236678 4455770 5675281 1627907
9417372 3002975 1684254 6229720 4567444 1008966
4061669 811695 6006646 6926108 862226 8288107
3313684 4173862 7997048 4713481 5951433 6536037
1659099 6582729 6965762 6113988 6043526 8348753
854990 4866186 9215643 9545295 4190754 4423579
2025902 8346406 933831 9444669 3892301 9551280
1678906 9743743 520580 768285 8175440 8027169
6317379 1059654 392836 3341597 6433767 9265046
9483761 9017791 3455578 8791915 7681735 6970130
4606287 8147401 2773737 3892589 317976 954516
6920427 2736581 6950016 8696313 4915732 1949184
3297436 4911202 999184 2638014 9992541 1164099
1435177 8415826 542400 9789416 1041439 2013963
6722267 9695319 800962 673620 410876 3875262
3070034 8717222 1427911 9510077 4553992 4536015
2647818 9899727 5349225 789439 3707468 599077
7896423 3924531 1606842 5794042 2606432 3569445
6638664 4293466 5510331 1233637 2416399 3021269
4947962 5048998 3929141 5295848 1196805 3695810
4960688 4146295 9426422 141357 4034975 4902729
4814028 6088007 2541250 3216656 7489067 6298963
3555112 7689586 3666027 3312333 5008399 4740767
372196 6533922 5425821 1513688 569791 2412183
1139261 8170439 8781515 5558131 2021162 8800830
7630548 6588373 5298184 1545251 4782960 5519364
52820 3950053 8947422 9783549 4061143 3736335
2639527 8819566 7717724 3691922 7227468 6737501
565160 6276776 1366740 2118123 7810158 4230734
9228791 9821875 372981 403129 8092207 8175322
5975084 1442352 2971095 1767126 6077408 4849281
8546976 861494 4839785 882143 1657731 692128
4949248 4703378 6439725 3234183 8885493 5573848
8816522 8190802 4278270 5460994 1242137 5464795
7563463 1081985 9277032 2898570 1332780 78843
6358409 9486285 6301971 4965568 6625831 829881
424966 1454135 5585121 1612148 4476897 7133424
3047738 2115357 5260659 5440302 2749374 6460799
3259783 1177123 9728808 520615 964236 42352
6329471 2137714 634148 7304294 5031388 9604572
1543598 7637981 5488222 6305425 6662147 8434543
4860811 8001010 1396598 3992973 3122153 7603316
590666 8852887 8821694 1936582 9047168 414173
7616156 4137667 8330101 6849965 9936851 8627678
589462 6074735 1360809 1416535 3130958 791611
8230800 2738840 9119309 8037327 4970367 654088
6018777 8440396 9612545 4372269 8591928 5659808
807992 2550645 8082961 7084473 3501380 3637575
2270706 1730883 5226675 1894324 7144830 4541961
2764577 5144660 1015577 5923366 3735059 1339382
1230609 6208764 830341 6468519 3531979 7716775
4118873 1359361 7726791 9316497 3493462 2188416
3947121 3509190 7883575 4443400 4571000 1636553
6042376 2662735 6750916 6093032 1190146 3796496
4889849 9086020 2180136 5361093 6216164 3975666
564284 3591441 2418347 6187653 7953674 6461593
9036602 9464873 4007426 3858021 8548391 5629090
4606695 8917276 5955102 3595960 309862 244941
1404345 7046799 1509661 4080725 9857051 6502512
9280398 1396624 4859329 2112193 5583342 1836207
3159897 7686049 164302 8887190 1394588 3809344
8744198 2078326 5172594 1945202 4117320 6386245
2715416 8164346 1560164 6055312 2522445 2366937
8785259 1940885 5901969 8342341 7754437 7744831
665124 218090 6024239 8498347 8173831 6036935
7911037 8295434 6949794 7125023 8128509 7919730
1932542 7770405 8309494 8816794 3230871 5834075
7046234 2278765 4272966 4174531 8421203 9161650
7147041 3233582 1608969 887863 3287686 4003192
7043917 1894333 7772108 7802532 6931965 4106363
5298306 7502046 9059680 8140333 6257810 9395248
8846977 7875775 4353191 9504361 7922373 1111893
4092170 751281 7702355 6701436 3917970 615157
9721876 6237684 7131153 9485884 6756091 5030178
1586639 590111 7633718 1995763 2602249 2816089
2186416 4463303 5773473 7789742 5509073 9608000
9991708 6483615 5436445 419940 3884904 3173103
5500725 3362768 5172254 1395386 7559980 7664688
6175569 5427746 6085128 1135711 6160489 5376816
8267054 2281247 947046 862915 9692319 9940768
5659633 7533494 7867525 6049126 3879711 9928792
8653168 3891237 1581608 8639056 6754675 3584357
6164081 5480581 5466325 8769201 7127170 1282807
2743137 9283861 5990718 8521445 5868445 7197915
2936572 1934298 2641078 2784035 1160511 3944633
4327343 4041809 3507332 8179149 1602927 8651254
9260026 5370545 8128336 1816047 8232943 8398756
5251669 30942 426467 921698 1484337 9049498
7494709 5540698 4048047 255529 4701530 7297056
525091 2032873 5727677 107019 5991151 9837280
5836387 5966567 4761821 5249900 4972675 9063266
6349720 6059489 1275603 4900943 9379272 8511172
2005515 1390058 5857626 5748284 1731207 9500106
671395 2596441 8196505 2559921 8893746 9907188
6188360 9830745 6785806 461591 5141381 893422
5918161 1486718 9017890 2644588 6983484 4905570
9771741 7409340 342542 5693921 5583272 4330902
529803 2757881 3071930 9308704 3344745 3783667
3554647 6700827 6049204 8125637 3132445 5941238
4918378 8034059 162404 2379146 9431484 8102476
9541651 5809106 8524286 916878 8425358 6898276
4201933 9858591 2132363 3467650 5716584 3768022
1677301 8906879 8318113 4093457 5740992 5812383
6801763 2313862 5251960 9786680 3468518 6723918
4163199 509940 8779701 866076 9710467 3778440
7596911 5530058 6071862 870710 8341563 2771892
5740390 9722308 5625987 7486952 1416938 1814231
3270672 1582463 7878759 9784750 1469876 9955531
8292832 9103453 7664504 594661 6712062 1427979
1958626 8237539 4758072 9651077 71426 985613
6836495 6785913 5786409 6267915 6525325 8744277
5401264 8329919 2503891 4064582 4607666 2492573
5536721 1939900 57286 8263471 1758513 5805940
9061526 291839 7582054 6554225 386036 8244733
1953839 8872558 288418 1547751 7608011 4579137
1494991 8142958 7815987 1413617 5999214 3856010
2897103 3011763 8661494 5947280 1358335 7273068
2583014 2916613 9160294 1987905 6550902 8316596
5491616 7185585 6267516 3355832 5052479 4623499
3573593 2572217 6714040 5021740 5171416 8185338
5538672 2997850 9851102 4640995 1422381 7350130
614648 3033963 8199071 2803802 8650486 5563977
4801533 7871804 9685163 9402742 837304 1026877
1111997 4446207 3222737 5975276 2792356 7108748
918410 6302409 9404533 2093889 4105432 910095
4775560 4464075 8305953 8715636 2095481 453280
3825377 2957652 3642889 7361594 4548165 2306084
5602217 6032971 6068363 2749453 3266446 5785614
4463883 3333596 9998474 3710967 2579523 968895
8354143 8520159 420913 4277029 117737 9393724
5712838 4059020 9364563 5335885 4618800 4172637
5133076 9113820 3522395 6123043 5608997 5859102
7384755 5061505 1290124 2767587 7074394 1481047
5625266 9507119 7031617 1567932 588965 9467708
9630841 779524 2076608 8846681 5011521 1014664
3584923 8631103 2788547 8644085 7154857 7189354
996271 2765222 4171586 962521 9431695 9231418
8735933 3746438 2277192 8932353 7054217 461103
5480929 5135182 6485782 2843361 5439878 5525189
3858953 5426960 6621968 5253471 8155086 9537920
1245702 4034606 2315061 3697243 1085865 138126
9911290 8933710 3671276 6659678 713749 6413563
7594339 4788611 3368569 2645440 5759180 229889
2613713 3692751 3113680 737256 3703250 3581645
3397143 1678718 6375509 3234855 5420865 3559584
9004734 8508061 1098445 5484108 9338518 7730577
2723647 9102917 3511632 6527640 4130246 3442963
9434798 8968116 5856413 8765064 4790047 404496
7832411 2164435 9940546 9829665 9839833 9083579
8539230 2736029 3279294 7465250 2863094 4325575
6919845 8307190 8985188 1613737 437967 2938201
9291390 5986101 3455221 1970999 7238037 5706546
6894912 162031 9811043 7173224 5782713 151828
9959961 4477006 7319204 8849382 4383873 3915092
6378533 1437901 2398767 6249991 4178404 6711181
6218872 7247084 9198995 6313958 5824565 2584864
7836590 1601445 5712473 334264 2756585 8113841
7588010 1069599 3363345 6537862 4328504 3362666
8116644 5192231 9645358 938541 8197922 6638297
5606842 1804203 5688496 1069643 9839477 8471955
5864714 9167728 7599456 8108062 6979435 8584136
524296 9863107 4922096 7372434 9596393 6221077
4954909 4162003 8411390 2462789 9513120 3981425
5458787 6404671 3685290 7602206 9991080 3721190
3856330 1887573 220168 8112079 2361945 7020129
984301 3091296 8081978 3777959 7132133 2281354
3851892 7487139 4139690 76064 6860635 5858531
1293846 2935293 278940 1520405 659560 9006980
5048325 6471604 3171627 7979071 1139084 6914097
7389161 1756294 7542093 608459 2302701 7700803
2503881 3703461 9824510 5017969 9756540 5293970
8421085 8844322 3811903 5019203 2478639 9104156
6351473 336295 9686671 8154168 4932687 4805633
5372818 4363399 1942529 4878940 1613347 9847595
8187282 2493829 4055687 1905185 480627 5473829
9063505 550661 8618166 3616797 9973345 6989922
5100299 8691567 2125345 6039041 3731863 7870576
5806694 9367164 5978419 8146233 6800660 2176138
5684013 6194655 12255 2552168 168256 1113307
5172608 9060346 4129789 2717976 6995118 6838848
5019659 6143992 6748063 218742 6795524 1649430
6295581 4869033 8675857 8774182 7440321 5109033
2217365 9714758 5719170 9739679 942738 4923520
9014706 5237334 2225677 648982 9644622 7362756
7111373 8244985 5154226 7016912 2954137 8585101
6710709 7599232 3766883 2618088 5737666 276016
1189500 6649293 4839929 1029116 2534938 6974590
2667641 921812 941846 2739102 4960944 615874
5701565 4204208 5938907 6519335 6534231 3550457
5635701 1122807 3605054 8781160 2228130 7462998
9142325 7739086 2671475 1745688 8807411 926955
102406 6061713 3189764 4968013 2314415 8835875
7379331 6994115 5321078 6877117 3336665 3365333
7915288 8176378 9975400 5757740 1189357 1753302
4811906 5390454 9266398 7166705 1867335 444959
7983629 8202388 2342542 2503911 4410008 2687456
7994787 6037362 6475663 2877484 310013 7868113
3193710 9705612 8457983 1839734 8433304 8782847
5568506 9371445 4241915 7327049 9552612 4208609
6783991 3828022 6029 8746410 506253 2130471
8159037 9313949 3206005 5330177 6330816 2260378
3376608 7552178 5264469 9191902 4378905 1842082
9342782 8922130 9390298 5015520 4522378 4923748
9884972 5960736 1357812 7344260 2373465 3942392
8125076 2027112 9416003 6308103 3919002 3310841
9835213 6396982 3406577 7565667 6686269 6862594
4655640 2195779 3661331 7733503 298626 9953895
8112179 6048774 8502809 4324208 1861148 6500002
8421970 1290976 5757670 3052508 7749659 7857003
9382063 9203603 7013965 7082275 7289678 2187420
7444093 7354812 3633111 6986350 5116954 6617110
5900313 4518334 236449 5595594 6138348 341043
8715819 2212006 807608 6440996 4660592 4114819
3855724 3590076 4270453 4136246 9562623 8053300
1416824 5876406 5113775 1159281 9816975 1084784
1255696 6128728 3293177 4002423 5767081 6361850
2447059 4892348 9487367 7414486 8942600 2318394
9584988 9553885 5919459 8814134 5636701 5703088
4042869 3458762 4935462 4790276 8657205 8788107
8278824 2967097 1030990 6334073 1146328 4380550
4565823 3963533 6887398 3230295 9461985 2725816
504460 6458054 3770792 1849935 1838663 2981039
5225037 5349753 5872197 1125814 4439988 3686591
4188888 6861579 5587118 2870951 7573363 8903183
3376736 5536180 2119288 5261112 8909382 668579
1730599 1808822 9781122 6163340 3660903 5393465
6290752 3370920 6885186 9624515 7217526 795448
2026152 9831188 9521184 1473454 4663150 9821438
8411324 4566034 1835083 6507302 166876 3376501
1049373 1704013 5897563 327944 6296114 7898532
5816737 7312334 1554967 5261607 1952321 8241263
9497596 6352612 1800337 7292897 4631023 7810096
9369461 5063625 4595212 319709 9115101 48423
4699007 3614283 9423485 5031426 8155130 2165739
742140 1023783 5841753 9122117 4726375 9972852
1928283 2616662 1431013 6843311 1125677 4323095
2165199 7292876 8063987 988616 9357656 842990
7343392 1139462 2046881 9415900 8872615 5400165
8021358 9904596 1925080 8533469 2373772 8091644
9407262 9900466 9034695 9651346 9214538 8527485
6828844 1889795 19111 9643093 7943722 9187455
5478030 1887927 7144650 4896898 4954287 5880262
1036003 1223736 7446484 4439393 2810328 3533273
9681603 4863599 3760120 8217690 2263478 373
5933774 9078231 3492666 2915525 3325773 5888313
1300242 4572216 9922844 63886 7806004 3477941
790676 7286540 3053677 7758399 4681445 6200360
4227318 2239963 2052894 6420381 1555848 5298793
4178871 9801 8081719 470930 3239831 3850768
9650162 1831561 7212909 6655921 4080177 7473301
9294439 8306927 9915956 8662373 76040 6682737
1282213 8296869 814696 8750705 6066992 3586779
3747517 8901362 5707858 2355742 5025765 3414452
9981159 3887263 5339020 8010393 862319 3692368
7411872 1346677 2782234 5049349 5385359 7659597
6823005 9259535 6025434 8797992 9794834 7308018
8168626 1119415 6107806 157096 5156617 762654
124730 8466476 5566652 3005197 6897633 5995481
8524694 405311 4180567 1952761 6821661 2574893
205537 2975095 5132929 1895636 174432 4421971
6980566 4045400 5874929 2849595 9969157 9012639
9510284 2298363 8809235 5031465 1842934 1415308
7708206 914526 4131334 2616114 392472 2335941
599287 318499 8676975 6855158 5716616 2620193
7524982 4908146 9661710 8262708 3193210 4767179
9469364 870061 2301614 7266177 8091402 2656561
7103751 520404 2068711 7787182 1149470 9842609
8139457 2364542 9629929 4618454 9545099 3815411
1427471 6811718 5547155 2100492 951324 3890269
5815510 9342265 1184067 8513883 1673238 862265
8466235 8712045 6102998 4430696 5927604 7455926
510180 4509036 6854987 8767707 4703318 6356224
2306955 6969188 3864645 8586392 594490 8853398
4723521 972640 1708207 7581420 7307003 8375374
6848933 5111747 9570635 4241307 2154933 1390397
3357845 9103391 6770761 3843169 6678854 3656255
9037738 463985 3517878 2326539 2358258 7592026
1647223 9059070 1708163 9447986 9093480 294692
2114491 4248278 3045545 8507837 8324478 336127
7742609 6996122 9725418 4171364 7989474 232283
5044685 5299730 5004045 2462059 4410967 4442195
3264207 47753 7605796 1056121 8637001 2692849
1777347 4420321 7142375 7979802 2064226 3135017
4055881 838310 9062995 2407209 4873818 8379155
8778626 4883226 6186465 1572045 6352807 632583
8949327 5045488 3036099 6109720 5928164 5019997
988055 7719726 540525 3147592 4610009 9213419
7480590 1955303 7674621 9953241 1903854 5555569
9633358 3422317 9436290 6004298 614256 2088420
6488909 4253142 2025799 8576433 480096 9215228
3757531 3723251 1835265 4276923 8619742 6879657
1794333 7103735 6337948 7638664 4744218 8286709
6789158 7504671 19853 1372838 2844093 256298
4941349 3037153 3051313 3940762 6708862 3701254
3781249 8922557 7641894 2232848 1893825 3811887
2045549 9884158 1452565 9679577 1073881 14241
212415 6486922 8538672 6738841 3156854 4939412
8705037 2324257 9787502 69523 4515661 3571117
383618 7719158 8317430 8185271 5384941 5817658
4974209 3126077 9708765 4803997 8664550 5692662
313772 8752300 6705383 3366944 3091266 8071837
8024052 8053598 8718691 2086679 19361 8480929
3207053 7100255 5753935 7735302 6577011 3296314
7228254 6525149 1285068 1106602 7135220 9854808
660669 4987820 371989 2243618 4850712 9225891
937853 8853091 7061484 8548330 7220010 4499348
5336024 8740604 1320615 9230278 9099717 5741063
3690666 4345798 5689848 2689905 364520 1914471
9358757 9331075 9582406 2291268 5375044 8244113
1427945 2473231 4083768 7419373 3754314 9331664
6971305 4247718 4457749 7531398 8652570 4574741
469896 6857696 7060009 4937801 5066572 7846111
7617385 4905640 2746983 3150592 7675694 6355872
2186822 3116300 2306602 9440544 6780598 6173322
5682414 4851139 3662790 5390165 2738429 9324332
4651379 2158520 8111904 1810845 5651224 6192843
8977065 7447112 228037 2833956 5377749 2921365
1656823 3668747 7771147 3941175 5657500 4872826
3384679 9182034 2976379 3611445 5938926 1373805
7736413 303545 5928294 568073 6253401 5253002
3747307 199192 5783863 6190634 3348198 4103149
2033855 4024906 7182262 5753883 8487113 1686339
8979372 9229066 9689779 6383752 7350477 7017941
5680111 9912230 7994623 4465132 6177280 6246649
9952895 7631945 8851842 1488964 6067095 2577891
3053338 4321143 1492816 2034407 8569997 6855601
4359235 7426098 5982896 9592628 9443120 2235200
7281088 2808846 9094338 3961316 6718853 2241061
2503358 4302974 9760964 7125302 4701862 4257760
565350 7981924 6263530 160521 8960960 3750073
5043705 4730827 5379620 4555451 5396054 582387
1581240 4327495 3282241 8077428 4965836 1504103
962244 6550847 32679 6146937 7612912 1062991
8675324 2385425 867308 8298071 8098335 3911923
3390481 9859886 9377454 8807610 9721276 7414861
4667444 9657622 6113947 8368231 3473390 6513575
2682661 6230174 1706270 8043291 8272074 212012
4433444 1733987 6265888 2886274 9326963 7928082
2943802 5611976 3287946 1622120 1006608 3026478
5999459 4621625 9947104 1881585 3169935 346038
5469748 8897102 4027101 2334769 7160673 631362
8694773 4466481 3149351 7936890 9779508 8632158
3049949 4619423 9037943 6452436 9566801 3497229
8774224 3134756 4579446 8992980 3747692 2294593
6075986 9326174 7034679 5559067 4792964 4471404
378645 6417249 6999184 1592603 8822807 3368529
7641961 4549179 3555628 6986629 4161768 2717173
2986573 2360480 4453009 6048509 9575680 17685
9742230 7646870 3602138 5726480 4976068 4639327
8582846 8723114 3902252 38971 9364989 5086301
7782442 3737706 8732038 3798992 8411171 3523873
5397730 4464447 2892783 1159601 7826431 5423528
6644050 4805450 2114400 3536876 5454642 7960907
881781 720408 5626410 9693597 1823756 7118120
7145503 8520884 4415663 9284720 2086910 660934
3141128 3227840 344921 7997019 5645770 6347264
8703779 368078 1920188 1637687 1629894 220896
9099049 4478866 5607147 3221343 8719440 737456
5833324 8279824 4263450 7306751 4186743 3563528
4751937 1490075 1054239 6475936 4606481 1013181
8585532 6584399 7423578 9686867 9926778 5582091
6867304 2958059 3001666 2048631 7207541 7477451
1963319 7298102 1123165 4909455 47797 3510782
5098681 5837130 605198 623777 1850652 9502127
8851075 8904696 8290740 1490778 9241576 8281672
4940706 5673992 3320064 3685409 4222030 5559930
839568 9148189 38692 2318406 3011516 6598074
2002853 1658239 314988 2818653 5687228 5892117
2386649 4443395 2082075 678124 2720779 7060137
214800 1142649 2037565 2067740 5432944 4887306
4260345 8966555 5404529 608374 3065361 929143
6791773 2477345 6740903 2311769 4184590 776206
4497673 6818217 38246 7595378 6139992 1793537
8878652 618782 4280422 2177682 2269241 8606116
5574472 2075011 7188407 1784412 9548980 5933511
120715 1185901 3001606 5480313 8041300 2777228
2509910 3980397 942094 1394413 2045673 2962646
1600948 4532858 6032405 8790094 1451101 4430532
256724 4302068 8181615 8342228 4484113 2370252
7438869 4484848 5035002 4469862 4530997 6079191
816761 5137397 9912503 4026426 4104117 9357585
9378869 7705437 1379321 9341580 9794358 4091758
678561 1178129 4006699 5669380 9207001 7339389
3995148 5258295 6023138 5598795 6750454 3380585
3994822 805858 7040889 6188242 7312067 9513657
7930715 7648230 3921135 3756115 7409377 19223
1864168 606087 1017975 1341137 9755834 9788663
5705572 4488354 5529291 7500326 9845148 9296198
3479680 271583 4962073 9661622 7756670 6253812
6111177 353840 7462758 3992494 7064825 4375437
6573538 4724372 6526973 3783767 3732651 856192
7287732 7958361 7581530 9060812 8572987 6649021
5511668 9549234 4697586 712681 6934613 7419700
8884538 7120001 2839155 1362534 7996341 2214713
1224341 3909089 7589955 4739432 3981644 8027785
8918172 4800298 4055470 8992426 8863294 2012937
3441367 2254897 8575472 8424205 27144 9705147
886793 4343634 8193140 6254034 8016906 7459768
7859390 1837900 8717897 3322166 6126054 1513068
1264627 3968442 5664185 594782 9463905 3799221
304859 8277219 3019577 2692361 8271917 274105
1186229 351303 1499460 9057336 7360768 7846814
8821144 3455327 2115364 8512831 523539 6082025
6611571 9041536 5468365 2355512 943635 1204376
8908967 7079467 4427312 5157493 733734 701497
1946008 5339013 780201 6434293 1683376 4329156
9351187 6321367 1300836 4548739 2610493 5431479
1596426 5935690 7854794 8287471 9033703 2875634
7295822 2650273 9804142 4029040 945113 1848208
7889925 8113556 9172547 3185237 7108153 9414287
4429311 3249591 9067259 2546259 9787276 353850
3401615 3803668 4823062 2969922 9052494 7250656
3051766 6117688 7457345 3111098 6829156 6402768
1876715 4294760 8317135 2004180 8886939 9671231
9057910 8931223 7134555 7983073 1538123 2331566
999637 4099101 9293207 1098623 9741887 6089128
5293888 611645 7974477 5580752 9070260 1217546
6338454 4315142 5935094 5906029 4987576 221269
8848283 4385447 8166616 7433330 3644694 475365
7095060 1254800 3881122 5948165 6729782 4567206
7399558 8439471 5335601 4363704 493849 6637159
8508131 9901282 2184115 3420778 2181407 4850752
2251024 9080978 5329239 3417207 3742251 4848239
8497433 7854048 61121 8947264 4868409 9187620
8777229 5763764 1047145 4456988 4625607 6785317
4107552 5708195 5070320 4982580 7185800 8686787
9578290 3406584 9989786 2284846 6708332 59681
6857965 6895201 1285070 2294499 2302866 1931571
8485151 8356977 1965325 7725237 4127447 5208287
8615434 2387732 9821266 7326414 5511164 2862742
3701171 9834021 631619 7937544 8037023 1966647
377443 6323993 8986960 212847 9212960 8145050
3130618 4194609 8521377 501032 8167296 6460968
5175603 8156441 2388069 6676775 9709720 8366668
2375706 3460562 3721502 8560035 3979722 5533021
7601943 5562600 809532 1355153 8934767 7808090
7131962 3449103 1644818 9862314 5167261 5045772
6276152 7266688 4499157 501482 3004594 6343660
2184816 3930753 1795236 5219569 6500646 9961346
8611735 3892912 716689 4214078 5498065 2261348
8229116 3061035 8018427 3901861 1628287 1935217
7497521 287945 6310013 890441 4113581 9837915
2621384 5130505 7542727 5671090 163947 989220
1738241 3163375 8297006 2937868 6433468 1630813
9174923 6861143 285562 7072449 8126758 4483053
741838 2972557 7227848 9375813 7439656 2135411
3808833 3723589 2856920 8472199 7723845 815103
2108631 8320486 3079350 2364407 376553 7853804
7644568 3351929 3456062 2973268 867325 5661498
6830944 4260717 21659 911304 9950360 6712908
4254585 4649774 6988663 4357061 7969370 5632759
5567346 3956375 8057256 736892 7507147 2226790
4394416 6507983 7632854 240360 6961371 7391238
8046747 978406 1807823 2863337 8697228 7029452
6174776 4344061 1252090 9089102 446986 443118
9402826 2895050 5485084 6541148 8205370 7975696
6780608 4561517 6104213 3153431 7009849 1951359
926951 8520404 2418178 6104280 9236299 5580431
808205 6576408 3131496 5316794 154645 7767944
978685 2142366 493253 9660992 2747005 6756437
4201769 5895628 6312712 124286 7932609 6229238
5660642 980286 6125222 4930868 934090 5613090
5815629 4260125 8330061 3309490 1396691 5784851
3795217 447295 1718533 3809935 41485 8647435
5976900 671162 7670274 7761022 5412364 5077374
7023137 2571502 6513771 3026613 8681079 8446907
5798772 1131015 9095813 1421360 4912674 6514313
7645882 7948630 5065405 908154 6259198 8246340
8165447 6910042 3645032 5831171 9368551 9740106
6300713 7396886 1974188 6490611 269076 2131620
2584368 1108133 9235021 1618952 8974346 2867676
2125770 7234343 1855364 3865133 6297272 3996502
5119088 1067618 6881142 3671941 8487002 3028722
4727479 2286890 9115835 9376725 2520086 4420936
3460523 881282 7280026 7474439 541150 178445
8793596 7931211 2743719 7637915 161073 8548489
1444678 1280103 5958856 9759497 8069794 2654956
7815875 5429710 9948539 5176408 3965300 262848
6563663 8524350 4660301 2815936 2933235 1504114
2251547 9677276 8149883 9307688 3810602 5623677
4551444 9743895 3814361 7901088 4963602 4884457
1303779 9959192 3159876 5072656 16504 4683832
5210488 8766270 7602043 5929034 1744250 8064340
9622790 1465450 2237867 6709949 607883 7120402
7864065 9841455 9372495 679970 2344709 958729
2928773 5985592 8400097 131118 642824 7861330
9809376 4643807 173077 2676596 6370448 6434862
8980768 7527122 2525214 7668377 4373489 7199883
7991629 23638 6115708 1857725 8250550 5291429
1763818 2974818 6325396 8526336 262773 547514
338615 9263570 7468960 895742 5620187 3610279
3642246 4243819 2784674 3140054 1263556 74434
744745 1933767 7473061 5193110 2161897 4875159
1214742 9493757 1067466 7316753 4399121 4747124
8313152 3420295 5796504 7640538 7652100 8133769
4715736 5408252 6077648 8481212 6229058 6630162
8562165 1518343 8136237 7643459 3905446 9133820
6440844 644609 2583380 5735586 3701348 8617087
1859415 579639 415454 6446199 3726115 4439450
3674157 5284899 9355481 7275069 1149963 7714238
2565709 5660777 5916001 5343498 7655872 7935867
783074 2283042 9815787 3593199 2033747 8158866
5265030 6851873 9361861 881972 7104530 3738006
1786991 8085261 8169656 9268323 2530909 2884546
952795 4021173 2466555 4740342 8248515 3568764
4696764 839705 7950660 4394092 1942836 6198258
1553649 3778411 8403569 6271435 2785351 8785843
6886716 2433161 4371194 6163027 6883829 7040120
335282 2853219 4324930 4461725 2886298 6574754
532336 8391263 7297744 7925494 6883998 3081451
2034296 5330578 3837235 5930477 4727006 6984691
9700329 5726322 2199685 1903721 9037129 2050488
3037483 7227511 907666 2426629 739150 584631
1925341 786816 1603394 9981830 7519484 5830935
1462560 4004421 6033407 203420 4526538 4972306
4597710 3368903 8933668 419693 309832 1658109
6425714 498919 7256097 4711648 4269002 292401
6100601 7626663 1826467 8257086 4190355 3953166
8006617 5119291 1474616 6912289 4736131 6263555
2356535 5425881 8265427 2097708 4072016 9066856
4385945 5440924 2053066 459803 8259372 6603616
295175 6385167 2760566 6972581 7516925 8267643
9867232 9626463 5328445 6495546 7117861 8617042
2020098 5380855 5873838 3850670 8940552 3306883
4978021 8812201 1302049 3965504 724678 8210129
6506858 1242215 9537936 3022394 1240240 7701251
5429003 7047314 6658270 3906901 9013777 3324930
1457294 7702468 238021 68928 1771345 2902946
3334298 9505659 8180237 1781647 368848 7221773
1949344 6560302 9132298 1555722 8764783 4526728
6995865 9875768 3498697 1857941 7065826 8566755
4071151 5988129 4792145 24614 6535259 3339681
5840944 9670 1020208 7172273 2194918 4879094
4859322 289325 9138635 1227905 7790230 7600763
5067752 2635060 6150050 334618 1827312 1863979
7189987 5663588 5704995 5917242 7511373 7873256
9151986 7493514 185539 1579022 2037031 5792784
1462420 1263575 7856576 978557 1514280 5629762
6344225 976776 2855410 3618950 593679 2125102
8441846 4645065 1654816 108972 3168795 6988169
3519095 3024811 8475656 9108737 7836100 493451
6309821 5989752 7136398 2825144 1416077 7895809
9024366 5442538 2662214 7612484 8985383 9786812
6892431 3341491 2549018 5870550 4202218 4358546
9200314 2740999 8995324 465896 5177748 8431981
6882121 1079623 2523891 7269806 6161975 9982853
3687485 2133915 6991888 503933 6783055 8792665
385464 8123198 4923591 4984844 1901576 7404414
1188963 8987795 2637167 1473732 7406985 9503607
1177385 6777795 6136553 4138478 2401678 1208497
9528948 8479015 3831657 2611670 8938181 1113618
3659165 742311 4679255 3489766 2513035 248639
9246137 3697573 602419 6244388 9146615 6734148
3119136 8242852 4140395 7288123 4904295 1898909
18054 2407198 8019715 1414477 7495446 2484583
9455727 1227033 6703182 2490953 6414632 3835014
4474550 6218387 6501033 9269534 3466847 4647357
858234 4083319 5807718 5080312 3471849 3673167
4137956 2344125 5072008 4274464 1185500 7931749
1391083 12322 7985466 1020846 7071875 8779468
185774 9915522 7636734 9379272 1822856 7589271
1634291 4645833 2446061 5751450 3977946 9742501
7196881 5623322 6644888 4148612 5256996 9168298
4750937 4769130 5127253 3463649 2203959 727108
8348060 6014898 9053097 9282954 6543235 8861242
9834416 5565493 5176130 1460264 2846921 1789982
5916801 9602573 7025130 1051885 2907123 7780017
599623 4810410 1007464 7423668 871121 529504
7967906 7590448 7906536 5664002 5647370 5087980
3394035 9651075 1531809 6648500 6951826 8802180
8760945 5637689 5556902 3244509 2565521 8032514
5849264 4516121 243076 8130718 8028819 1194612
6161726 1974900 6920244 9469456 5060452 222498
3831251 2942200 3058087 4581703 6714834 6401824
4546922 7345577 8690448 7254660 7526949 9170857
8555884 9037972 512838 6411999 128126 8449442
3893418 1776515 9352595 7758905 3614217 1470625
5651461 2963375 8204438 3633035 5764243 2639277
188803 8818327 136229 9316219 7898462 2006773
4401582 6676914 3574523 3177958 4308101 1563375
3898950 6119805 8508278 1800684 5776494 5188464
6618880 7819158 7086263 3634828 139073 5596033
4560476 3065732 952053 7095552 2630982 9075445
3521946 4694508 2273115 4422671 1722056 4672894
5045348 2762604 2528860 2995566 1540679 2025583
522231 9122472 3688146 3797124 2402151 874054
297247 9334502 8524957 6657487 5028048 7875149
4523695 5318279 3159469 156288 1041589 6346341
7126486 7746188 6033108 5400709 8279011 8941115
3367443 8028049 788683 6503951 5178143 1139068
5420360 2418944 8619172 9159502 1211063 3160547
8889959 9063900 5594362 6534767 2396827 8038484
3948706 1923674 716003 2490928 5475653 1719085
9339479 1137105 1220199 2535754 72516 107294
4909792 8262280 6561048 603009 503982 6541031
2434955 1858303 6966829 7436064 9701586 6799238
9333900 7840779 3026975 6129064 9319398 1877213
679057 9108565 2239617 2496943 397457 2425873
2177009 6179723 7185284 1697374 6717062 9726446
5022720 5086716 7234816 2335358 1381560 9694554
9719652 6904430 4826685 2765717 6405672 2363203
6666669 3670406 5741506 2906705 6707479 6749001
3852916 6478650 711170 9255387 475706 7176891
6326772 2526140 3598487 7355056 8824730 3386863
8962542 3093705 6825947 3926706 4349502 3020780
6022525 8198692 9607377 8495359 8731243 242007
4258417 6415936 773041 9214187 1823500 6885614
6528204 889480 6259391 7322649 9759349 5270429
5745789 7885027 5582324 6879290 3855780 5686360
9027323 4183822 2322983 8930227 6876032 4960221
4170232 4619272 3735367 5963918 3187999 38013
7691543 7705532 868082 8380384 4682749 4164359
7769727 2910640 2026649 2426928 3941944 8216902
8829423 8018823 4665290 4450399 4972407 1987856
8889714 4712728 7043398 9720195 895147 7547120
1065776 9049385 1952432 1402546 4979345 9958658
2269751 3576537 3452592 2445207 7714650 9562496
4724980 2497504 8913366 8374315 4025841 3607523
927433 6975006 2755958 5274043 8252189 7846764
6663276 2732856 9302385 3032487 1815742 3277587
3352128 197954 9264401 6211260 1707349 8544069
4622384 8816062 3428058 857239 5961818 6909386
6206514 5308371 2770119 8869497 114988 5770130
8098075 7026660 1031885 3219927 5829344 5406481
3555867 4578135 149250 5211634 513720 4900389
1777937 1124286 7360634 7471368 1183132 8563475
1695106 1641080 8086910 2925836 7419784 9161676
4009602 3481668 4381600 7144711 4335587 4149353
9027196 2561950 7730251 2142875 208935 1282792
9435944 6343031 6569366 2078884 6975646 307601
6363204 576813 1017267 4048828 5833857 4737541
854355 1171973 8889384 6469963 2188902 7353783
3735614 5174552 2679616 7085069 3793025 1676620
5283304 652488 5230564 3811701 8541238 6360034
5451793 9372197 994808 5055928 7459750 424600
8375151 4893977 504133 8699810 8248184 1309666
7679284 8428627 2961389 8608943 714011 2465084
9029561 8633437 1008794 978475 5724868 396518
297376 3232791 8353079 8207994 6792834 7061519
9433122 9946011 8284757 7381954 6602940 8548703
3421399 6225021 3599747 1465053 23978 9479782
522824 2857294 5871474 872110 6129572 2968078
7691931 2705947 525027 2789674 9244605 6323810
7709514 9917616 1250387 2365563 4134854 6266116
7851929 654508 1370667 6620311 7269186 8636369
5737528 8303770 1385845 2724390 7011449 2655929
7752058 8395977 4013452 255495 3254796 9229783
244225 3186972 6109614 7449614 4646959 2839394
2554213 447346 5083454 729507 1375590 4130389
1257537 496691 6769717 3261437 8873205 1080612
2276852 4157843 3721679 8650269 2801154 8096394
3744815 7600541 8567312 3429318 3005575 7694336
686290 4122897 5205651 4662120 294376 645954
2027722 8556338 1193252 929907 6660550 892130
5343631 1260796 2332257 4702776 1949799 5511984
3943020 4454999 1391749 3346372 2323313 6907586
5267584 5452859 2938085 2101240 9398549 5658218
5964980 9138301 9678308 6925106 251599 605166
9650144 6113196 5253295 2165064 4266232 6808956
9106083 6860108 9757034 340395 1754390 3365127
2667043 8654221 9217057 1514871 9538304 9692579
1137173 4309668 1047679 8285626 5608124 1658409
8879713 7648657 4902001 9141603 3844330 1936421
7571164 919968 4050783 342584 3541609 3004748
6870790 1950494 3428239 3048422 3077360 441734
2131180 5016488 5566262 7664440 1741897 3744956
4745752 3932039 2103738 9884468 3571099 6096121
5967515 7308321 5068060 6053175 4279868 7671275
2758768 8116015 8645300 554778 1629437 655648
3403462 6759293 2997483 6903239 6094603 1928162
4440183 1708361 8322295 4984416 3364487 5781700
6569700 7779873 5387438 2352968 39982 4494153
5870422 4873230 2318442 4111268 8996186 9190668
950413 2957238 9117010 7285043 6031437 2018456
7750040 2262958 9496531 2411549 583122 9339491
7448831 4013030 3267200 4959545 3732382 3890843
589240 8856136 5495574 3016676 1623333 7637281
7591686 7685786 8878731 594170 3530342 887961
9742335 4799234 9670514 6141170 9648110 6768230
9931966 2484255 4707218 9890055 3213538 5947148
1081935 4878724 8750102 3892402 4582784 3361972
3418198 4630999 8453787 4792216 2029492 968387
3395591 3407853 3166456 1336887 8100722 9718645
8740456 1438411 6137896 6592124 4974006 272872
83036 7248189 5247139 2199215 4790561 11938
2184707 8843094 2871460 2551892 9498618 1720661
1355466 4892062 9305499 5671951 6066699 9187860
7140205 3159333 4267834 6268535 4902396 7874556
5548911 7613641 5147509 4103503 6630308 8354767
1174531 629429 3789236 6264210 4636075 2200731
9459264 745482 7914193 7025429 3623559 8363385
4723382 33899 4087820 8159150 2469728 7883641
3526662 2437273 4168952 1941898 5738311 927757
6238462 6059125 4121408 9079887 4840202 179168
6619799 9351846 4163192 3817718 1580882 4976282
6451990 6508940 1564004 4888092 5492550 2911471
7758752 2676191 7845970 3064408 6530080 8734232
2623260 8604893 1053679 4393006 1047790 4095348
4239574 8246288 3657204 6214807 4258297 1415964
4584013 8845889 4041446 7361901 4255415 1524832
8281088 2030005 7649504 1832870 4383590 5140813
8839324 35138 9591967 587401 8167318 9243155
2834912 4938219 2675815 7168658 8770034 4672622
9717508 2220634 7725296 4855560 9229361 2259027
5399644 7504560 7646409 6044112 6430298 5069766
3680551 6329107 2371067 3825439 8070258 8107048
4489970 6743470 1807401 791984 5605266 4370082
5231296 8257833 2535091 3744402 417940 3861311
3314025 3498206 9449787 6461030 5437945 7435381
7055998 9086449 3009729 418202 698520 2719173
6578079 2437478 8438055 1886724 7326268 6812953
336422 798959 4639133 8986800 1899028 4209905
7309814 4799313 2449405 2479259 4150856 1851041
7252582 6083227 2047449 586514 6098654 3609060
3529517 1164569 3392876 9802273 549177 8097947
9192378 4603648 5712896 4297862 7073316 1976574
7529363 6416691 164527 4290166 5901122 9276878
3448055 9063938 5838985 2183294 7905217 8102526
1097300 315842 4425601 2481856 9324752 2099207
9688554 873986 4047158 6851346 5159242 3027599
7253501 7783963 2144968 6169532 4172008 6516549
1403721 8170182 8358226 1029657 3553014 7495330
8812529 4380716 468774 7090355 5072181 1417064
16754 7455225 4997781 6490765 6344501 1025631
37873 7729702 5648886 2479389 956318 6795275
2253987 8740012 6911353 7262959 3466769 9305940
2628874 8279839 5213718 301647 2937046 6788005
4139815 4829926 2433378 3887421 6918216 1052461
5659809 5783682 176384 8318392 6644186 8929070
7094899 6994999 1411472 5740911 264359 2140998
5276996 4319656 3599363 8556717 1014432 141739
6882827 5153069 89864 9904104 6116084 3568116
4175489 8299640 8007903 2730654 7727907 1188934
86997 668919 6556436 630683 7457747 3021805
3192838 1338847 5556858 7016619 4622699 9957893
8241025 5780976 2486175 7247892 206021 6145404
2487927 2772395 8267603 1618910 7982082 9617049
3693114 338464 9233849 3884693 7969487 8199309
171367 47438 2525525 3759619 8114920 3993764
2262346 8390207 3178623 9898703 3523848 8635604
1864068 4673634 5586271 3950544 1253641 977835
5644128 7646092 8915659 9978664 2147516 809632
186801 6291005 4756227 1481874 6966428 1993839
7099240 387676 4146042 5623548 401184 5459630
9400344 9983346 7727147 9514348 481728 2907899
6008311 1980413 1892144 2014523 1496135 4621791
1868236 1141162 6722738 1876233 412670 2884609
4932642 5472310 6643003 5224498 5890834 7381433
7691892 8220632 4104040 2735266 1509601 5458104
2368197 323457 7056368 6167506 7968887 8906539
2618481 1784322 2308596 8838344 132190 4131581
3571806 7673829 6056953 6544608 2865445 7528725
7237849 8463682 8925032 1545000 7190208 2255641
1045737 7106456 3183750 846070 8306484 4216522
391248 1394524 5152539 8272894 2286060 8223249
8427334 9756376 9645540 5056644 4068628 9039747
9218847 2266681 5799440 4254066 9110549 4318370
260675 3653145 621121 2177105 8931607 5707043
6519860 2746382 5308996 4223066 1979647 6521746
2018830 437794 4563327 7801979 7662759 2632184
4680544 814504 8888808 9068639 9200586 34796
4144485 7988736 857326 7415547 7752019 9712695
6077621 121526 7667637 1247355 4641733 4299444
6666958 1313145 5978271 4737818 6807778 1760141
169527 1071643 9027668 7280427 2671800 1717602
4977884 1488237 6030687 7799024 5991872 9358704
8563450 828462 5779477 5785214 2249850 4593411
6132152 3574696 7287941 9985766 5506325 8256673
5288522 179536 1025128 3438160 9274536 4151904
2286448 7278251 9012197 7052766 5003440 895079
2326588 5196123 9031974 731642 2818980 552776
6510807 9232155 9555948 9350640 9926555 2700357
2603771 5241580 4184935 5350637 4025979 7011503
252493 398140 4588542 6898491 3106320 6105974
7813369 418659 3903020 3594050 9282019 6246222
981921 9440044 9941396 6864193 8208319 2829382
8158471 1112210 7703226 9939891 498660 2458037
4899013 4620468 8299966 5333399 6986855 7750625
9769243 2333935 9681809 8803251 9421619 17028
5063065 5180153 5655029 8662269 4353703 98443
677614 9138509 4627449 5198673 659991 739832
4998848 5281140 974235 5932995 7292268 5564147
7329524 5328296 3520106 1617084 8789088 5514787
5706911 2588729 1327517 2467129 259600 5037059
8736380 7638628 3107552 6608982 4960956 9102032
7322739 5811636 924496 235636 9178357 7856063
3293516 6002316 1589147 3037338 3343903 4455602
8188036 5259149 886147 2686159 4837824 4019246
2338143 5207414 1195009 9019002 1035819 7153371
1273198 4774012 1288067 1267297 3282382 2064011
6186709 1381369 4668521 3717476 6778794 8317455
4008981 1301116 6951528 4825794 7195683 3147163
1436800 3368389 4474490 3645328 5991706 9036954
4718486 9473647 9401533 8039892 9518860 1868397
7308331 1527061 2561619 8364785 8510998 8218819
8212002 8639809 1619017 565499 4287460 4997110
9250235 1333922 4205269 228629 1722667 6937556
3912992 9399534 1277038 4647063 8587255 7912092
9125698 521049 2305883 2734413 5084250 7525672
7765419 4725846 3764580 1682013 1783408 9807295
4026738 2190559 8079384 2648042 3198205 7724851
7181070 4890595 3379100 1510012 3680562 5175925
9045373 352266 8240369 1946987 4605145 7938180
7027918 3094089 7740612 2172037 5522184 9346782
6457585 827024 1873473 2878692 6915839 7634346
6041056 6186387 1698326 9963376 4467466 4718087
4057646 3567184 7508148 8165188 1797893 4110689
8673853 5052044 6670527 9804320 1466844 2878432
4662164 9455994 2605711 1679723 1218443 5453820
4497476 287727 9065282 7491694 3792936 8823143
4483618 5389389 6099132 8850651 3424845 7607621
1111603 9752543 757551 1992294 1942837 5605730
3956725 5384582 6447349 6376246 119377 5083643
4009134 4773823 2700191 8175522 6918431 4168008
5073258 1868052 2775726 2136443 700938 4742895
9958531 3772033 9071857 4804136 6867228 5700555
8098721 7877693 1410539 9322026 3925116 2499187
5893650 413500 6703292 4734054 4387268 333465
7872135 7800260 1473011 108708 1886428 9538468
2047079 9447112 6417975 9237313 6822258 2322513
1680789 2598324 6746319 8949469 1127221 2487772
7742742 3240784 8906344 4092217 2029865 2212738
4562411 7889778 2050473 9154955 9782581 6189420
6983747 837166 4152278 2094690 7120822 7922935
6651679 2156246 3829357 8552020 3345905 123325
223408 5711682 8582782 6560246 8200486 3159607
97002 2188317 9010527 4836055 6298422 6370084
1064801 5458560 1677239 1419166 2967925 3541607
9129499 6499944 8278413 4875926 6445306 7333118
7589258 4599422 7693667 4712336 3957698 5333037
4246733 2569034 266835 7912522 3595508 6132840
6366815 7522564 8764302 4777848 6158947 4707784
3072784 841071 8035103 2195931 4766154 2143991
7369053 9576154 3825486 7206429 3067316 9548605
8946732 7882845 1774241 1672685 6328700 5492113
3263442 9806168 3890430 1605265 9801136 486302
967172 1832061 9847202 9151192 3253690 4947006
434967 3969556 620069 9267548 7615597 8658372
9238458 5286166 7803087 7248342 1624175 8424979
8116427 427074 6248314 5673033 9202181 4280906
2310574 8157659 7561260 3050464 5305742 6889378
7914872 3099855 8717645 5430284 1158763 2366551
2956505 2679295 3807594 2350598 2818050 2659366
8996426 8178 1422700 477326 2050561 597810
1015612 376772 6496903 4785228 4502340 7844997
7534188 5261437 3479104 1203121 4108428 5288524
9137647 7424894 3108861 6249657 4284273 4911736
4515913 7149284 7074269 5390491 6559417 8099984
5544917 8362409 3538867 7858817 6823413 6270181
6146048 224792 9881163 5096263 5843835 9064244
5979247 6880267 28801 158510 3589027 6927247
5531881 6387167 4880359 2878243 906309 4981439
7231957 6717428 6511646 1024662 4286016 7219654
5623977 9316625 1293037 3530308 4244516 4759968
2530454 5366833 5227766 1394368 1827323 4720539
662256 2266099 1089436 7235394 5895375 8757280
9366876 2529210 3099374 8219049 2761524 2166352
6116330 3791967 9378058 9839891 7361903 3566428
9753231 4289211 8935106 7894986 5220209 959713
6756912 7345231 671387 3037744 8477919 2358471
3488565 2359880 4384434 3437435 4085959 5415939
6457730 8606079 8742861 3813189 8737513 9692902
9903573 3512457 7178684 4945334 119286 7408157
991664 6538564 8358204 5649219 3294150 2962843
1352751 6283642 6484877 4974301 5664944 2475788
6738774 1966158 6226767 435653 1743675 357197
8234104 6314266 4421811 7778873 9240170 273854
9742634 3897957 8268974 2246133 8304634 2937452
2366621 4473590 1296353 838558 4686047 7016558
3076661 1077525 1229964 3607970 1591530 3137922
1004168 9917479 4795866 4468670 1583820 8301030
1675897 2917563 3155470 8056787 4934661 8391451
9877247 714881 7119604 1771493 4544808 5089764
5893285 5399319 7393348 1002116 3717200 6437903
1620893 975570 5229952 8879490 9021364 1115369
7010536 2651042 4609652 8148092 7004406 5042097
887592 3218025 1892848 1373002 979314 6971682
804345 2251316 7699295 3364785 4431902 4295566
3669075 1946014 693276 5927203 7795720 4483739
6238255 7326875 3729281 1465534 7368378 6742598
2177655 1692264 2853382 4848637 806553 3234783
7342342 2867952 8075437 4890650 4698437 4459235
3904363 2577146 902657 1766769 7657378 746194
8315088 6019060 7329093 5604471 7234814 2264815
974448 4432947 9248996 8963075 5346535 8832892
8808622 7980794 7454169 606513 7467154 7958459
6189259 1754830 7908285 6343130 9743022 1808975
5635487 6303232 4997449 4909306 6339025 6159260
4565254 6524127 3324761 2884780 8680969 7715148
9876895 1969436 1865036 1961365 7856811 4071789
653991 9693532 181823 3954962 9003132 823816
7225436 1129937 7453785 9215195 855346 2569661
940966 4626308 2395606 7746458 1906485 7839331
6887443 668527 5357722 4090359 3687685 5641218
3703585 8075510 5119525 2070831 3981520 6984391
8752356 7193436 2875536 4920485 3207497 1766382
9801536 269993 6525161 1161511 2649589 8032904
2921791 1149573 9581197 6632673 6158127 6596136
8089000 1783483 1780735 3480238 3249382 9578763
7276574 1938901 8273368 9626541 6892334 8642032
1430503 959960 9996279 1258719 3121201 6758425
1717258 4142717 1232670 4167888 222858 2513186
4475395 4987421 7589754 8988897 2375436 4608833
4585780 3987261 5419886 9851086 4383008 5579659
175920 4942324 7505770 6009323 2242572 6965286
8004882 5446017 1088742 4403116 7515633 6615607
8418560 1134600 2558945 2535349 7978028 538169
8760347 5423800 3347602 5488095 1025812 7710092
5923719 3405183 4053072 316687 5110656 9657502
1082055 7504206 8311478 214064 6671310 4752712
9445190 4594006 7650006 7941364 5722302 4359977
8381020 5470852 3793406 2301456 2001198 7210662
3267285 6380157 6515977 339094 2933118 5460757
1483056 2657662 8327274 7171379 5313896 2068833
7441004 1542966 6193641 4943537 3231808 8610426
5887093 7831617 3627834 7111651 2397828 6444002
5405618 36754 6309552 7060981 509312 850414
1377796 2341541 8988828 7369300 2753002 6683754
6802185 2709540 5677325 4976667 9515293 5653883
5725403 2112766 4160434 1994916 9078184 7981600
8378434 6130600 2416191 2068485 437097 3709257
9203744 8753502 4368876 6965075 9448827 8576721
1585410 4588753 4521836 1942114 6185233 2628370
7979046 1103427 8149218 7482107 9442659 6553137
4982143 9226422 4442617 689805 2915523 5242437
1371299 6353593 4315078 1630585 7987047 244334
8628221 2206088 7314276 7403989 6520872 8315056
9092772 5673549 1756540 7594875 4647648 5644571
5543207 848943 4436176 7393545 3798127 5654755
6810974 5890312 3686587 5759649 3263186 8218065
5957188 6812609 5573202 30814 4614370 3546805
90071 862241 822365 1974680 99507 7503719
7807381 6320073 7318406 3059165 1825455 4858844
9302758 2031677 419174 8752737 4777757 1897747
667336 985906 5485658 6511074 4086867 7434459
3569630 7451598 9429235 3114701 6040318 811972
6867816 6984722 7006925 2500793 2503824 4555127
7829723 510368 7960447 816477 3413110 5648680
1379570 5972921 2163923 7419754 3077149 1887284
2321064 2493918 1662958 1465325 2494040 2307395
5803528 4518746 6800701 3305391 2544784 263807
4873824 9423053 714055 5477620 4221181 3546113
7626438 5153587 8772924 814375 4005685 4684795
402732 1752785 3691884 9350354 2182910 1662564
3557117 2044753 4660280 3649303 3999284 5508472
6511967 9702050 2503076 2527361 4757831 6718668
6662132 4620600 3664175 2229331 4718015 513239
6357052 2388596 8767548 2753280 397164 8500405
7777849 6145431 7487358 5680628 1315815 6370459
3000380 6294572 3028625 5253912 8120884 6788464
1490323 1361788 5493553 4045876 2087795 7984078
2764081 7724560 3764930 5297789 5654185 7641060
2869871 249307 5265987 3290913 6324171 9418613
8007301 7937794 1239101 4605569 9943350 402957
3316574 7437760 1841453 5130944 6254235 9178135
3216786 8208229 3960632 1563457 1320079 2646399
4120617 3089916 9163012 9455249 9385935 7334012
4830129 656144 6679353 6823072 4220290 4143725
56595 1254338 4292669 929262 711079 7362018
8927766 4376683 9935408 7793060 2379803 5157966
3991825 5269752 930314 1236087 9049336 5372385
7483480 792991 7407484 3254392 8524689 733030
5101162 5205139 8360623 1538154 4264606 6072791
9802666 5005525 5398538 9753498 7842175 9078425
1336890 8091181 8016508 8964136 9208233 4307005
3439310 3352783 4178175 2124256 1600878 2367253
6784574 8040173 9900506 9500124 9522678 5216660
9950613 3287901 7731313 9755576 7664462 4417256
1386212 6553640 2175936 2766915 1160607 7706060
4757209 8810109 3537335 8692301 3941502 2243588
4962247 3712116 5050546 1506421 2711316 2460715
5089411 4658343 8587040 8497252 7915529 6243650
5900607 6221203 4185951 1631852 4940425 5464311
3123043 657635 7376711 1400926 7275575 8460187
8611044 6911903 2327718 1503601 1513749 9211764
6742274 1846590 5799134 5188410 5176116 6047164
9523124 1025562 4574765 6211863 1193026 1657456
370739 4642198 1903617 4255711 6139459 518104
4118387 8519010 8532532 6726282 7388650 5335272
3789276 7517273 5256594 4741612 1464634 7971893
4516581 7098546 9322886 5172013 3488409 7134755
6405374 3671995 2283258 3630369 2515109 3412501
3971252 8898327 4042192 1009490 9602276 6212614
8630898 673280 5150782 5115499 527710 6763628
6035054 5260250 4717612 9240890 4317197 1110738
1604936 9095977 4654104 9215316 5615158 9666462
6791349 6162713 8345026 1084649 4866022 6684958
1796887 7697033 4511324 1480577 1731001 8366365
7435417 2146680 7777496 8240400 2479657 2942109
2585283 7606790 7713250 6507835 8038562 2178012
1105189 8785198 7259061 2741938 9459950 5628118
4329929 2582017 9650157 8902864 2397558 4819322
3810893 8649375 6466327 2501982 4707206 628246
6849191 6447678 6595161 57351 6474423 124775
7790925 7312474 1977772 3681738 4622279 5716690
437918 9177282 8377276 8038764 6337511 6324883
8508021 8991912 1002372 3842289 4480079 2013274
9369801 4597588 8135229 4059267 6184988 9839556
9806115 4838445 7891611 4639882 9474149 5955768
1153787 9473869 4587304 535305 6442555 2975489
7229434 9236505 2507491 955288 310879 2451562
4926443 8986471 2203711 2187931 6443386 1741423
8762034 1221588 2314417 3932045 4641143 373702
7884460 2780460 8428387 9263601 9340230 2421605
1962855 6615906 7673063 7311381 4413474 3890469
4053052 6446379 5786036 3530459 2114710 239640
5048521 5980822 566823 2647610 1637852 9991955
1525435 9243982 2127960 2359170 6997856 1031327
6727342 9028528 9747422 36602 430342 3250301
815557 3000188 9260458 7408371 8717748 1757852
8615451 340386 6246852 333691 3527959 2711715
1210201 4847679 5488566 4253697 848131 8628146
1780442 1229631 2791030 5467363 4290062 535769
629906 3415145 3645708 7223695 8765103 4071682
9656587 4315 9756138 6998884 942893 9979669
1354629 5467417 5246617 4258280 377820 528907
4371902 5951518 5043955 2559625 5873867 558457
984131 9076493 5600272 4873083 8290495 6219124
4108323 9898744 7007526 3693024 4768144 8953594
7931351 3101615 4522587 3661824 7391858 9272541
9451488 8788447 2621340 909100 4074237 4347281
8125766 7527700 8004516 5804842 2192391 4753172
2964704 7148748 8920765 5049000 7835944 3647674
6036827 5683939 7828860 4856917 6812656 8934279
7768237 2188507 5377737 6396942 9789664 9764472
9406217 5847039 2146365 4656590 7637400 2896791
1336339 2386079 5350079 1599321 1284963 9260563
3199352 5111295 8595347 7756911 6469749 2377411
8731377 4130435 6822019 529684 5429840 5128229
2666160 3438427 5723353 2891814 8895151 2638121
6100136 3732569 8853113 7859583 3568576 9029959
1036072 2775461 6623597 6973134 6775610 751901
8661164 1748884 8049874 9225120 3310076 9642641
4994462 6894190 7165771 317413 6786384 4529172
5178854 1890276 8255938 355431 2089224 1637157
3834631 1165899 9696445 5381198 3687894 245914
7047857 1234626 3724160 5455942 133314 4556510
753044 3935584 6577535 4311052 6979722 4792619
1132711 7357416 2759563 3732176 6710038 3171321
2127745 7102415 4701568 6447979 257877 5763646
8557250 4059798 9424697 9019532 446144 1754890
5707943 5424924 6712385 802557 7403094 2570684
2120706 8778744 2825633 5294059 4470838 1973775
6899286 6003029 9285163 5014838 8858174 2665256
3456346 6020680 361710 4667385 9046463 5637152
735685 2589560 4325136 438647 7155111 3582485
7719893 3338427 2077371 115570 3614293 9201381
4342849 4856315 6181905 184718 837437 5944088
8519536 3809457 5650591 1237939 6844893 4577331
9603675 515404 4349476 5155791 1845023 6100214
2814126 3974744 723964 9450584 665171 7297991
243702 3405554 3377062 752816 3004617 1441274
9806609 2517516 2340176 3284643 8387569 674276
1374428 8063028 5212530 1109578 9224304 4938192
3564897 1406580 7136361 3637359 9513565 2663684
612479 2644720 3638973 81208 6011237 2021121
8073522 3050866 59932 3584890 8318727 1398221
2250294 8848702 9985884 4020409 9054019 9834833
2776362 7178671 8611060 2910173 5192358 5278502
4874764 7327212 779776 3803738 9264062 392197
5992463 7014736 2881244 7496552 8003266 6276443
1675168 9768172 3265496 2357558 2757676 1579328
2521959 3557549 9736397 6846216 9263993 4515255
9858545 2024462 2165265 6787254 3253932 1451791
1463261 2601189 5638239 6182888 9771477 8529978
6527824 825227 3327969 337856 8137666 2168319
9281471 4235456 5581668 5372902 8495613 6797154
870528 3513796 7874593 7437596 9538429 7391488
2881264 9371836 2040694 7757932 2813393 889086
8160536 1769974 2892466 5870641 5215488 6811059
6641800 650087 2837791 8075557 528876 6496896
2676887 3041158 9732495 3279136 8155547 5489978
4283646 2737314 1986139 2932727 8634166 2698326
193906 2301103 6764687 4546957 4721194 1793818
1242652 8376536 7909071 3831696 674771 2215615
4740197 3958854 6133546 607724 2925854 3467935
2586983 1132051 4303555 5562991 2929496 9107876
3928391 932151 2624222 2097629 9555186 5388145
6286929 8826621 1406446 8928634 3696219 7586509
3900272 100798 2911455 7926518 4244293 5614793
5135098 2539604 3455017 6137163 7638613 7656788
9574002 6845273 5871784 533388 6967267 1105294
2500686 5588595 7194376 6893788 3545073 438121
550201 2716907 228864 1045337 6211130 9758748
3954403 32479 302516 8005124 6208550 3139112
243640 7632839 3262716 925793 3446345 4808381
6680088 3171854 1081340 5616690 6598933 8958631
8479414 7757235 6143164 3483058 1463613 8129203
4906303 3344235 6103922 9753803 4521324 9426470
8666414 9720210 9394266 8113568 3122168 83058
8663537 9299980 9608052 4676887 9379349 4312075
4636529 3244537 6883416 9193251 5079585 719950
698469 8796826 9793751 6805992 5986596 1810161
4062738 7299849 9289716 1706990 2343871 9375405
1943268 3306681 7122028 1369777 1697253 216136
7180296 8544961 4494570 9558509 2506009 9738131
5622583 2665082 3381675 1136805 2195932 472302
8801433 1033410 2483703 6875872 1836678 8660388
4528693 1335554 548750 5823105 4028546 9888755
3684196 7735969 6217681 3702645 5115647 9020907
8623985 5434312 8758576 6282378 9128464 336468
6649105 5838524 2229196 9830591 6228304 2919305
2777124 2390734 5887679 6653139 5932414 3153935
279921 9678136 9509822 6597588 2118339 7848462
8956165 1682444 7761698 378411 1324457 5416065
9223207 7711030 2918144 3858947 2612416 848026
7850054 2058529 8647384 7464662 8355877 4648897
1991664 1819279 4377970 4740645 3688201 6533311
6320899 9857810 5105242 6277304 7979769 8200506
4016779 7638741 3530303 9672722 5175217 4279033
2635921 8778474 7851628 1538518 6489227 1895370
3935490 7455472 1763188 7647764 609233 3761374
7738216 4994239 652154 5178486 9594662 4491444
8923430 8330773 4531965 1798623 4049666 4890747
4090132 8470963 5879232 5315472 4644284 3748837
738877 9762642 6487335 3491723 357458 3927177
4013115 3519335 2845651 8579017 2231305 7238441
3570368 28194 4437932 4696153 4165706 5395728
423562 8538391 1608681 5339891 7557302 5032855
359957 5660431 9966122 2783968 3240138 3486689
7693689 4516620 4302610 9286808 5485388 4897027
7984376 2527773 3145214 5486242 3622188 8440107
2884344 6651012 4400877 5881052 2954012 5112125
6446816 808628 7756145 9857006 9054241 7614089
1113088 4663853 7082722 1807848 9064774 5275336
6336277 6686901 4374541 1183565 3499898 4367474
6070264 4214845 2521854 1785889 1382979 5191169
3288777 7917835 7594471 7779688 5287935 1145967
8939026 6971582 4658340 3414932 4575340 1964303
7166136 1257287 8873560 1177656 8357085 9592307
3648445 1798738 30007 2608755 7891251 3256551
5562681 1014781 564278 383350 3308744 176366
9637839 2934659 8188696 517465 4649421 2745495
4840710 8944313 508190 7307874 2826727 4715297
3279286 2416816 7401438 1178400 6436002 7771948
3543275 2695802 2671903 6160810 8424547 4423423
9779509 9416325 2380753 4280701 3818169 9422476
5423932 7879281 12626 7582110 7911588 919632
2511325 5419154 4868257 3847591 1450343 2053571
4165805 9859272 9152347 9251290 7359379 7260975
7053965 4953628 8014122 2877311 555087 2100048
2089450 4493868 4452091 965393 6036518 2673307
8481069 973041 8526664 3674060 5960027 1300347
5894759 7074833 4851886 5654972 7523716 7001990
1916656 6668134 25073 6171249 692010 8648496
3969873 210373 2496137 7778888 9467329 9238195
3985602 5870125 8771118 6343873 7227254 3560091
2543948 9809372 73741 5497458 9725793 1004470
8758768 3390303 5536440 5669963 9279650 1156871
2337463 1675743 2210094 1631394 3186867 8937466
6257919 1874 1242091 1887376 4815742 3372329
1387114 6423287 6617134 5306932 8972753 8037884
3433135 7663729 8855516 217148 2215780 6092511
7596137 6421349 8462952 5796414 5095670 2434910
1440000 1147022 4184516 8551809 2325488 5924596
3889975 636301 6677595 9564007 4668579 8357516
701662 4543816 2585626 1323502 2631409 6599472
2069293 4352588 2216332 1731443 1570561 8442729
991737 9036242 5055173 3045980 5337300 3714893
1970052 8646903 2700922 1270134 3528515 9935084
7323249 7143575 3047690 8590676 8373179 7232381
2350729 7576246 9527173 9327844 7276101 4776966
6266120 5966930 2068558 4637911 5245118 6948405
5478072 3542120 3160826 3724647 1988458 3237716
1466600 9461295 4775635 7708271 4761582 5349644
116621 7426088 9267978 5327837 1161613 9815964
9716403 4386516 7273521 7986037 5761581 4043394
2873336 9369002 2950438 6473089 9854402 8355409
5346632 2799932 4413445 2866391 4289795 1728849
9749549 906604 1079100 365085 8409527 635936
2210198 9273636 7008277 7528232 417770 2204460
4248527 181981 8239503 9163811 1792920 4849844
3589675 2517941 7883852 3406131 4849655 9034363
1643753 3330917 9625158 5096752 4993719 4446174
298361 3088139 5560164 6495633 2278730 4262461
9570150 1309545 1856187 3061509 2990250 7979641
3229154 514232 7529397 7248115 5954160 6898864
9123870 2323507 3538397 9304226 9143598 6174433
4755414 6335524 9318332 863889 3516590 8911293
8186786 2427235 1771360 4351462 1851317 53268
3225684 2898740 8369918 1674977 9624064 3826442
9797249 6506235 9775734 8459161 482086 8964320
5243241 9220671 8083239 5451564 2330300 2565676
4817008 5188739 9569917 9858492 99912 1142936
607845 5419717 396335 3352264 6631482 2826547
9657530 2892401 6446360 5706774 6474704 4231216
3237131 1416642 8688055 7020454 7821563 6557925
5504788 4311067 4654693 3174759 1576743 1456931
6380799 7322916 7339954 2741469 3868410 2050418
9962164 1412308 2225402 9156953 6089012 7584293
9659154 1975936 2520118 4775760 9360840 3613706
2424438 1685760 2148955 6190449 8688934 5381580
4303230 1493516 8410416 3398719 4813087 6128365
2222737 1475169 7099868 5876442 1189569 2201286
6743666 9336457 4914895 763828 7664639 3818658
2185671 870721 2731748 7712136 1002939 4842828
1085850 3608905 8840922 5065114 1345644 996825
3735240 6088777 501862 8720172 8207883 1426282
4760131 4193117 4017841 1772548 1051704 9520190
8477395 5998939 4029874 5262994 5827437 4542412
9511815 941228 4978876 8577264 3754353 4339297
3406302 9811704 8972695 4654904 8851814 7801672
1845745 6802247 6447745 6631860 5889477 1937011
1920150 4763589 9231578 9115139 2273751 3084749
2810630 8331177 2123244 9664018 4003183 2651530
4531618 3366697 5290348 2554201 3233459 969035
1145559 9469849 5148921 1463313 2594261 3228548
5276602 1402526 8033796 958106 9794979 7494608
1264635 3592831 6198336 839146 5459708 8683537
4982512 485252 4443764 8825028 2205291 6198372
7222145 651809 6807769 7044252 7461813 7112473
1241287 2247960 1807812 4202481 1150881 6552212
1208511 2898690 8326812 6242666 8833327 4498906
4141013 4819286 2322553 422457 7906613 7013761
5816878 5912329 3730524 3542101 4323009 6124265
3990214 9559206 8760346 7886102 7615373 7311933
6401611 7612072 8048819 3286856 7399750 3739337
8917317 5405575 6440197 7113139 3393160 5511979
6817012 5420745 6291831 441592 4526539 2703540
9587998 5967329 2792405 5300251 8872599 4082298
9014468 9619581 9157186 5002398 356237 4314284
6650824 6388569 6885290 6882306 6895200 7147347
9342610 9291182 855630 7686137 2171124 956312
1504780 5467370 6080373 7496896 2441588 2442614
8315011 4455154 170391 4350027 7771138 5209064
8642451 2911109 3140173 6730698 4263723 7008096
1896245 1127271 2486310 2846001 2314827 6119177
8209764 7418715 7170013 3374851 2547497 7951667
8975720 7552774 5707650 2661768 6858677 3967880
4666174 6649091 6129642 6492461 3672698 8304885
2635319 2569081 5463137 9203955 1386107 1264905
5088379 5518273 4876906 5470794 289448 7943893
9875153 3657953 5772343 3123524 4543107 4269340
5928079 8707165 3315425 1141821 444074 4066368
5947539 8755681 9257761 1963208 505635 7804268
7577311 323599 2282898 2688708 8993829 9409553
2189012 1397539 1467866 8950732 4093134 7738545
5671156 8918901 5137354 952603 4609818 6306636
2058964 1058351 8179434 9374902 4377612 8435471
9090686 9791061 1392469 5014088 883024 304754
8553205 8220323 4683708 779223 6321872 4013355
2826450 8197555 5660860 5370142 4544901 6057167
3126008 26518 6550380 5577744 1000195 7236600
134144 4409177 9698763 3646499 2432594 531336
7800135 6017716 4454970 4015022 2610743 3010424
9452530 3838728 2677744 235628 2181397 2251933
5310753 7434724 9861897 6905478 354121 2156287
977077 3627255 704820 3542798 1606026 5321845
8555382 311738 349054 7543024 262994 7950270
3038269 6436201 6950580 9868813 5587448 3167996
7578653 9797298 4733436 4643156 1151670 6501915
9040052 9227434 1938763 7914933 2908502 9615471
5687720 2642641 1289932 4888166 2734945 2515186
7068766 2897922 2026546 6810101 2685317 7176897
4553586 8308403 3871943 8234592 28350 717973
7149437 8255446 7646043 3725068 2503999 699537
1312895 250357 3082055 8880450 7990761 1221065
5359995 725522 9018788 9386123 3691435 1715501
7672305 3476589 9479862 2873108 6282214 3783372
6711010 7357526 2129622 3081298 2218861 2758491
6091713 3361385 1193536 5273600 4500103 534096
7815331 842364 9718837 6765241 7973207 1815250
2666075 3176907 804453 9448946 6846144 9264906
830919 3216587 9717623 4001307 6415516 139333
1249373 3966683 1847081 5155462 3405368 46002
3465558 302705 8311435 7251390 4602186 7985173
5334524 8837371 501843 995583 1172108 2606178
