8000
7371597 7188562 5346800 6864964 1126611 9825961
7987506 8399425 267478 4545511 446736 2313576
8918091 7982552 1281708 1207793 3012898 4352160
5571488 3903150 5458902 2920552 2532913 1281019
7467085 8825460 412270 6015887 4079321 5357593
621323 7866635 5296709 5607454 7044891 70337
7009903 8074964 5580776 2544863 4999127 3604264
9693058 2589541 5767440 168518 4787545 3089659
1987226 4590856 2255401 140730 8110268 3236458
6170795 1168950 9530299 942979 558266 7727538
1087955 9046501 4447522 8907276 6937098 323164
1344880 3744313 4495209 6641809 754594 8145455
8946943 6469056 1566525 867002 384756 155271
6172738 2502450 2668203 8777471 8969428 255075
2149855 8286119 9311431 8272121 8436263 6681931
1036333 1555472 6467106 9550164 673919 785060
489997 9682870 121330 897754 2442199 4820609
2276377 7829442 1679008 6589182 3618265 481425
4109674 3139207 312800 3373476 8295642 6326660
2596352 5700420 7310950 5318194 3273571 1664107
8788943 249570 9225232 7347175 4493373 9736281
8642220 5792742 6360313 6693987 1060446 1303326
9907008 7738476 7740615 1451446 4232784 4347417
7739105 2042879 8337925 2562803 7841372 6387382
5340882 4792370 8574822 9165453 2700759 7525269
7020403 3708826 7495418 4261434 537902 9183219
8536460 9232103 8819050 1025104 881265 7804589
1101090 352803 4213405 3264837 6934826 9884075
5743970 1679876 3060447 2563719 9438180 1118061
638422 7402861 9265770 5871840 7128228 3021074
5140667 3399130 6901528 3597266 5794553 376052
7382317 2379193 7876368 1743229 2805006 9137646
360080 7776078 4375588 2302803 2912806 5630284
7328952 7096646 250579 1341743 4714680 3668415
9817668 9586419 8399779 9159914 4757387 4948546
4978373 5873355 7958234 6701099 1640304 6228259
625212 7086743 2672610 8470560 6352602 960476
4292268 8782675 340536 6871022 8120354 9605555
9705286 3305576 7653684 2115770 7037818 597140
5309758 9979139 7277036 6681335 1247838 5126860
7537610 4473264 1812637 2532266 5975866 3034948
5434319 5562362 8122880 3718232 4457177 2072486
3808152 4311466 5625408 6473754 3822692 2913057
1509168 5499497 4732535 6336078 492464 8743295
3511038 6697551 6987700 1910773 2410867 7550781
748359 7777519 307477 6810288 8305617 2588027
2768487 1243741 5224103 3109002 9949544 6178746
6536947 2060475 4723046 4882185 2622570 4520440
304218 4319080 253144 3132610 3491883 3623382
1576626 9363963 1405170 3404123 6461918 573974
7744742 3893555 7142151 3891648 2200808 8412315
8310362 6790590 5901759 4567260 4396329 5051448
1323803 7863342 6086493 8601734 5668441 7055563
8313652 5174379 6194983 1878605 8456852 636181
9250820 9625049 793485 7320989 930147 228199
4468114 355938 2031971 4125290 2398152 9666746
1401001 6853958 4964233 1279306 9339529 9220068
1072820 4887800 5869295 9985948 3912726 3054490
7057379 7703219 4961866 5573918 8262453 8017319
1345815 5293118 3702095 6487831 2868865 6544545
2524238 4867904 4648510 6035354 3683132 2608091
6166569 6280533 8801215 5786666 4303897 3358876
6745284 72808 186305 4255302 561890 507302
4809293 2721124 2185514 3400074 2946644 7923074
3360224 1644147 3501209 1998417 9490069 4789815
9902498 5927612 9085270 9665317 4829756 4407873
3918953 1757203 2978292 4232763 6828070 3744935
7518229 3671043 3731431 7908463 8509010 1956437
2368555 3224133 225527 6736766 8344313 2232206
8589048 1648408 6038788 523746 9303603 353165
4068391 989360 3744561 9231416 4941442 5043241
6422558 6477328 4374212 4891935 2907779 6885472
8404429 4105729 5351659 2870154 9782023 9004916
8294749 7579934 6669189 5943229 5599984 5708053
8154302 3915696 8917397 3434172 7835165 2332706
7896650 8142153 4262182 2395948 1642350 6681489
9881415 6975720 1709455 6740799 6688273 8730811
5484934 4742784 8321091 1310913 7255940 61190
7959453 133433 2483153 584547 8567870 9813305
235853 7774354 5570404 2926445 6050501 6129293
376130 153346 5788401 2461672 9971401 526305
6870941 3557774 2202824 4275942 4322890 4484988
9690733 7653605 1028490 4582753 9307292 5170771
3060449 8472944 1126605 5529239 7858807 5424752
2812122 2646764 3773825 759336 1301222 2069888
8663054 917072 5466735 4324144 3132870 4668076
258315 8517714 3153168 56175 5207560 3971025
9690164 1836031 3095044 6684829 9680951 1478992
4309071 6440817 5915189 1458423 5708080 3445200
7064818 8093204 1228914 4817227 9517087 6889512
7911869 4654125 3557790 5188662 1471688 5377157
143239 3906468 81908 9137319 2610277 1059922
6295119 756776 2654695 7224192 7738510 381961
3476333 1154323 460657 3161646 4282926 6116891
7000137 1395612 5325264 451074 254336 2838066
6493164 3303141 2953958 8244851 3472075 125999
8127195 4197796 7488959 3349681 5934268 540043
4555479 2729584 1189744 3733066 5834003 2556778
4436534 5215779 6055586 2415986 3538974 542192
8505527 472614 5009645 9353678 4404695 6339246
3303224 1654451 1838245 7525170 1107040 2364593
832273 8959151 8362388 169282 4722220 9360926
195057 2983280 5244635 7301358 79450 7544613
6425559 1763682 527470 6342978 1767952 1592590
4533296 8234168 1028182 3921778 7396093 9711241
41208 9227718 116275 3570957 9038000 1586437
6712651 8520027 946169 241721 5260455 3488818
6807836 1831007 4179945 9520825 840324 9421430
5501624 6643498 2345988 7632923 6886654 8446122
4255098 1675016 7535839 6396950 5389641 5816181
4873118 1173348 974108 8014983 4366803 6240200
9532348 4492313 2319394 8996219 8011684 158837
5296285 2991827 9912127 959395 7393311 1562655
9374140 4470327 1424506 118754 9688772 7301311
5247479 7535671 6266214 9672944 3692612 8865733
5470703 5819094 5195901 9213083 2063301 7581264
125503 1620813 1243785 2319741 1080565 1277039
4212152 2857289 6745059 955498 6902053 9059631
2676576 748834 5693685 6522782 3524214 582578
9029278 3525780 9192798 182186 5903048 8588517
7578674 4635753 1293557 9106669 6747633 1272882
8768357 77822 9040582 7425685 8541210 7129254
1164573 8536742 4370633 310023 1973640 2256211
6260903 9973479 9831573 1973937 6046415 4910148
7941709 6180721 3661356 4696932 617967 3457521
3786547 4078478 5481507 9890502 758380 7544588
2026201 2119872 7016802 5179530 6005296 6892401
9500078 5006221 7292187 7876519 7096331 4939025
2374643 987224 4580996 6136811 659045 6284917
8936326 3157989 724526 2856689 9659004 6341693
4709241 640387 7957446 62887 2347414 7955424
6342744 4749430 5583838 4007527 1500620 3471351
8891057 1985422 3223118 9204394 2903666 1229684
2538880 270832 5469813 9165514 8770301 9134937
4547193 4434310 6377927 8028359 9886379 5710003
5329364 5370891 2036455 808198 5416790 4814360
3077542 7960972 4151977 9677486 1262268 4420105
5721248 1907926 2849102 6437369 5277998 874075
7640143 5420369 1693294 7088170 2052671 6575182
3613035 6891722 6438089 6118039 4994174 3137579
632263 5196172 5293427 9998271 5044723 6220490
7229662 3377766 216575 9140827 9067829 9051615
7302219 2178504 6989866 5835649 6950654 4533240
5201070 2151353 3988385 8742612 316120 1698365
957667 4932546 1646039 1209450 9455391 2638075
155131 8718304 8032268 1360743 8889533 4340711
8292485 7833993 8525739 9952056 7748945 9030929
8014935 5710146 6468185 542680 3652228 336193
8203469 8083513 5727357 1728526 2607941 7816595
5352244 6494248 7263455 2482185 8864250 4253205
7993350 268247 5681285 6661492 8612711 7813069
9947653 1733920 7200841 9015652 3566876 2385511
8228152 5721404 4813502 8308666 4463476 4203215
2052552 7877684 65543 5130490 3860160 4965636
2359833 895895 6620047 847148 1324183 2155286
641808 6974093 8054446 6340594 8341947 9787557
1900195 5108466 5478521 4863526 831900 372842
7912467 6755035 3410978 6627086 1023438 6037709
7554505 8297973 2816186 5440747 7046180 1255462
4509837 3118642 1197586 8145947 2819093 4680805
8841407 8974184 9908694 7873056 9341538 5231916
5295308 6721775 1963923 8396188 7204709 5997082
9534099 4756783 3761918 816266 3882626 4417991
6199390 7729003 5375683 5036737 8486146 1084724
8179978 5758313 4499724 5285927 962509 3291194
1753606 6502134 6642210 641920 2272847 294560
1743426 2753490 5814192 9365475 7901549 6913798
27699 3625743 1870561 8923047 1424493 3624094
2947516 5894356 3770915 646829 721422 2819607
48778 8856638 6797995 4985526 9662361 4801920
7437723 8008008 632336 5259887 2865471 8751510
5973675 6792365 5489064 1449524 4047671 8483201
5835045 1882500 8338857 1180294 6341787 9487303
1630548 4846492 5558913 1427961 2789991 1490701
9740702 6016380 4337591 7540053 3711049 9021290
9576714 7017657 3672763 8634362 1397548 4185942
8531622 2938177 6672967 7096214 5041123 2334030
2395357 968119 7954399 2129169 3616033 4828314
4566654 341533 5490193 6887265 22553 4273769
8572081 5741437 5069639 776069 3856534 6606876
1105997 1912005 7231896 4738281 7175735 443270
5013278 6239461 4971753 6959724 2935010 9292447
1019768 6158192 9650713 3026567 2692456 3951705
4426384 3570986 2058531 1633941 2467413 4096130
1030879 1866688 902000 2279995 7042187 7887638
7400900 9897213 6206844 9245252 4852628 3946312
1373577 4587881 6052513 1976231 3255714 6555368
6673688 1532665 4885956 3733793 3475225 8433267
8529721 8575388 7757040 818781 4953634 5963297
1494311 999366 6399546 9423739 3740932 8855249
3229209 665171 5730217 2832838 4705242 9422458
9820794 1811750 8357955 6522786 6065814 4262477
9479202 5432488 5571928 3122108 2624328 7217254
9385011 4226803 8199070 5963949 5278520 9722226
1057435 9059244 922424 3008339 2634303 9565992
5140452 3673341 3817451 6182478 6783378 755756
6043749 6498896 4450913 3208545 2854586 8150014
4812240 762604 3777773 5260555 2219759 4731194
744084 3780620 4845880 1191518 2298900 7197680
154316 9656568 4375443 1949850 2155447 1891014
3098305 443435 8195399 795033 1774901 9126125
6672116 8008545 6783195 5596979 3752381 1283678
978630 3048538 3755179 6552616 1647868 1634862
4370040 1349063 6195334 3475564 6816902 4815653
9085917 5814916 6732695 9140390 8721006 2881520
4945836 2884312 4264287 4671356 9736412 1367417
4256810 9469664 9259544 6811555 1289959 4112006
3962938 4517300 9826944 5213053 3372511 4196604
4106124 9989678 5875023 9692325 2028495 2429167
3300717 2141492 2556325 3601927 9796419 672948
89185 2163472 7959163 5373222 1354653 702326
3688905 6819626 3878164 1321677 3254733 9989390
9528460 8652565 4528877 7527641 8489707 7843988
1450109 2233965 5462905 9195357 3619643 5245694
447243 9554512 3290743 3579222 8722494 9909624
6360932 7027720 8138954 4708298 8350737 7026070
1084177 6562181 7715387 3505358 5394009 2184125
4437168 6943105 1495020 5623012 3844123 8868953
7164407 1707744 6502506 8652402 5758184 4551585
7216370 6560888 1231130 4942978 3888980 6377720
2055346 1830883 3889921 7135237 5677431 5931976
355114 4438438 9986600 1852956 9313384 9051029
5790720 3689760 1036136 5724774 7532708 3885198
6826369 9096351 345093 3826920 280364 378369
7230831 4346132 3847814 7321960 6571533 4623392
6067928 168842 7441128 3771809 6766876 8537751
3192645 5746474 9664327 5734340 3681205 8172391
9084108 8664651 2335183 4699130 3787191 4106143
4617142 9591494 5645292 1698232 4044692 12947
8151330 5410314 414699 3130649 1928023 8129424
2283236 1292658 3936631 6260007 5991741 4864738
4021117 5184508 1335323 7187202 4792975 2604455
5504919 4721395 342112 3545361 1075269 2601343
520594 6636440 2346539 7773542 3332128 2111437
895147 4695897 9856413 6835244 3784269 8953970
2232646 8199991 360132 4562652 9983127 8139383
1744049 2738276 6307175 1766044 7757474 3809556
9079103 5723587 6137192 5985061 4570057 7053470
7950151 2079875 4187278 866449 384887 4723315
6048782 1818325 4256314 1073928 4519466 1465833
9824126 21753 1711813 2426578 7530617 664884
4131815 1429881 61972 3584007 950564 2837500
2078354 916578 7676973 4694952 1821307 1433625
647159 1742716 9163251 2362082 9784563 1856115
1194551 2905875 9608526 2330967 7591211 9648605
4395281 6788169 8816365 8265697 7875755 5173128
2988195 396483 9277676 6663381 207730 5628571
4000544 8629851 8500003 6212596 7700861 5273493
9864047 4858673 8160691 4462459 4525905 7889856
571699 1324959 6039858 1558239 5997868 1070188
3219633 4573544 6337076 9974018 8100325 9873892
6972770 8842258 8100778 9492481 8734761 8273698
6189220 4724007 8633982 9279489 2662256 1554497
2353357 5579847 2041248 8043022 7714619 9504333
9923143 8281583 8381339 8248245 233064 1450618
3033788 1854060 4800394 7316200 3657962 3179889
3039844 2290796 2014713 9699670 6119789 8891537
1600271 2274362 1947739 6400418 2190191 5167773
5803869 5129688 2477395 6747071 6664458 1312619
1836783 1437817 6878872 1841707 7754383 9915064
6104537 4434405 4941672 5133962 7894675 7850988
4408907 8509573 1203866 9681965 8424044 9546636
8692674 6675985 1121265 2395016 7528130 8962100
8918901 6479102 1516470 5158285 6401580 3969005
1809834 2478176 2078692 3836845 6155769 3065264
1964701 1869188 4345140 4571957 6054350 7777785
1706407 3640174 4921053 1578045 7376039 2555077
187699 9426928 478896 641495 3892216 5751935
6669314 9152054 287954 9511303 4032482 4318828
9256618 5186598 2432681 498483 2247411 7427906
760647 2598795 3467976 6742549 3197446 9582229
5925913 6259338 5082347 9651350 6780155 5440040
6149656 7400052 9094533 8809995 7984390 9819304
4810146 921955 2125381 644482 3494916 2221957
7840937 8435453 7688979 9775587 9826817 4336864
9690380 5609004 1005072 135467 6019662 1015537
2661879 2608028 6595051 188003 8007072 8730486
7615274 2316767 1129574 3022303 5671726 6304848
3612380 257740 3311065 2936066 6611683 5573956
1304340 9234625 5023576 963271 9034662 8075170
1841098 5059561 3974096 7031187 272446 4654835
8270482 8556790 7248844 1725810 1552437 9517235
121432 6185038 8394046 4689121 8184319 1874660
2098402 8232080 1772136 661981 8479181 7107201
5595202 6075733 8878183 1442599 1713254 5391512
6222329 2650071 1759857 4046826 2033826 9446206
3670978 5432610 3266813 6907853 917099 8939931
2641723 6489837 7361867 2215148 197442 8833627
4450081 2760785 9648944 9261620 5497182 9327393
3695281 1442847 8637981 6299851 6193746 382712
1705730 5860884 1137165 7819453 5191091 6408635
5677079 7446790 5847552 4741205 5302379 2953337
1847413 937293 6470859 3614763 8105331 130690
4086475 453583 5431074 6032751 4933391 961424
7395736 614023 6185247 2001736 8365210 9641084
2393560 5460419 1869642 4415679 9480305 2802091
3124545 9661608 7262815 1676160 8333586 2741120
5943479 9951785 6003364 5994097 7852173 9065199
4401606 4194253 8546379 7660091 3556157 4179724
1949612 2901182 7753552 6110838 114942 7153843
9013374 5868232 5545394 1234031 4280913 4942534
7028624 5898484 6443804 974941 9697297 7660549
9488526 4361207 6172157 9453679 1311481 2047266
902768 9510525 4411618 3924843 2283141 3841695
7362897 9792882 5918277 7429884 1055406 1593510
4880734 602311 6534303 9081072 6364022 9866783
5429986 7201889 3524411 6459001 9540310 9203774
9666799 6133300 8730759 5704600 8261317 5371
6068004 5868812 9843104 9364522 5951582 5519592
4889662 5698659 3496136 9430702 3197681 2809714
8754023 8353692 9562094 3269417 578556 5012605
2138094 6490832 2039461 7993962 3099172 6926424
8032972 3788871 2401807 6512800 5600776 9330820
8099914 8222673 5424895 7079531 4916448 5412527
29104 8854756 5580437 2185385 8305304 7347748
4363637 7748185 7770452 1429423 1377852 8001190
5401850 9457646 8298980 5764464 9989910 3795778
5825383 292508 5345891 5051767 6073033 1756580
7479437 2213258 5225483 3303720 1840574 574279
4860028 5483439 6084184 7943103 4314240 8158036
6374774 1395839 2892635 2643969 1112980 721089
888567 8420751 8307449 1774202 6023473 4820281
8698673 8080848 4252995 9173567 3917840 3957409
518550 2109262 8614305 2073302 6604561 9496245
7983020 4529418 2312449 1149662 553179 7431955
8986372 4529941 1578259 8988056 7751381 3854695
6378648 7110604 2048242 9381433 608028 5463909
8523171 5416990 6329931 6786967 6577797 6750610
2183287 5928150 1426497 353302 9939808 6286731
3213858 8112973 3841189 9119581 2981260 7816331
7363447 3369646 1396290 6667178 6815175 788501
4630899 6876803 6286465 658263 597221 8218455
7201646 5532625 9104085 5505903 6267284 4198698
275399 6981097 3986831 4012531 5824198 4794087
2980274 7997687 6950836 9935492 8389209 652207
9777523 5533121 8998423 6854826 4740901 7843816
3009711 1553086 6763202 9952950 9525706 1554126
6343766 998708 1859798 9018900 9689378 1376016
5278484 5523136 2256400 6690185 9976706 5930673
3538806 6666559 5064003 5713969 9337623 1828414
347632 6993928 7285447 7664686 3420799 6456726
4977624 9156188 6469265 5561589 2215935 6885469
5952711 8038021 1130852 3334507 7213293 5334714
6049387 7181762 3774310 5232276 3639337 9221959
2177061 3546406 4983044 1823912 964404 5041563
4457233 7292061 5791646 1014062 2298147 4012375
7154498 564427 8919935 5884296 300988 1216888
9290644 6384190 5847636 4503306 7958142 4883699
8596172 883778 6426801 208436 137987 1971536
6846021 3016234 4556523 5870022 6871809 6800715
7969342 5302236 3373212 8040186 5282674 443577
4460452 9093735 1643943 4632624 5249023 4325971
6380040 9124806 5442784 8434762 6139693 1839713
4769744 769471 681911 4863348 2418442 1161376
2240487 6950677 8905239 6942552 8321776 8652341
4265019 6210812 5375532 1956013 4648474 9984920
5289396 4600694 4826307 9369280 4522934 7484752
8921970 5868537 8410409 3111844 2656751 5141683
4274247 4437893 6987446 8180024 5603882 6277441
8683658 774437 6416150 957733 8158379 4979027
8487831 8905548 4403387 5825262 1862991 2901954
1933952 1029500 565951 4393201 795320 9939592
3826134 50911 6512717 8171262 3113628 7467296
1882391 4439980 7622806 4574710 7718817 7454513
5431229 7268549 2098614 6253777 3260560 8353146
2805491 5916495 7083607 8324399 9379566 6047016
3873073 6333857 2366585 9629670 3509565 739311
2343533 1672763 2926081 992480 5413352 2092836
7955905 627060 5713153 5563238 2557172 7460919
26579 9066925 1651548 3261236 4824655 7939208
1337125 9750902 5381189 5765646 1634851 2924797
7530797 1533279 3202540 9811608 5059891 5058254
7913623 7335106 5200319 7543359 8073273 4604502
3943039 6540329 2536505 4016224 6231683 1888049
7061391 7656153 4178465 2639186 536766 6653512
290025 6278422 5511318 5978408 3905312 4574329
4165027 8549515 9576640 4222080 9666311 7277185
4842794 3826144 9919369 4841546 9640619 9280457
1592129 4032521 983366 5387470 4582385 2004441
5161183 2859104 70583 2273185 7970615 9731806
9624359 8231257 4846609 1582898 8456080 6779435
6418367 3335236 7997516 2050551 4284570 7801258
520400 1155184 4404301 3642132 7842704 5293547
8403081 9014443 163459 5059895 4622697 2529033
9401902 1617753 6047848 1643926 4063450 531078
7039650 5519006 22462 265172 1321605 5238759
1482832 3311772 1087267 4046979 5561834 7937328
55222 9453723 4048382 7105018 1541760 2372903
6229215 952719 1621833 9693386 7417763 8078859
732083 6305291 8434194 3629561 640974 45863
1080174 4298238 5341326 273602 7400859 9227547
8785391 8212302 1639778 5234551 4572208 3149866
292204 850016 1013859 8539897 46977 6587461
2863460 9619392 5430550 5444213 8767548 7944862
4539608 6309434 6992267 3747045 4165145 8003409
459300 4800310 4705568 4431416 8624760 6730425
3957982 775094 6350314 7279054 7233358 8671415
1105862 7924765 7838696 5585836 9682283 8478482
9605233 1867765 7013992 5949780 2123301 298217
9735110 4301657 2324536 7865869 3546614 3272204
7863808 3907725 82163 8123898 8307478 5349507
9498583 9942246 4059979 6827356 6522365 6620244
1555455 9467804 425012 9683600 8561985 8697933
2583905 9991431 6953627 4767136 893794 1740
2423719 2033421 8995220 9005777 7718164 8910938
7875489 6016000 2988650 8339971 8289910 8833315
9289495 8742310 9074179 7789129 3093491 1565058
5936744 1759879 1479705 7935535 8399618 4778787
6701094 7642944 4380638 2250663 5037389 2398043
428893 1398258 1758895 6694058 3401403 2990490
3705998 3785657 5915104 5211152 3208046 2409535
1311952 2125695 6172195 1317537 5127957 5702683
5356392 6011016 8469698 339208 6050511 2692486
8303814 7589787 2280941 797840 6952182 6152071
8459934 3341074 1056361 250671 807964 4038670
2747433 8252566 1520339 8170784 7253748 5111173
118447 4185856 6523478 159575 4575198 6403413
6837033 7638589 504713 7619883 9444472 3723095
5016471 6924766 8655695 9041710 6253580 4589035
6137775 5441733 5554094 5351987 7955849 3502246
6832082 227679 8237799 7683004 8313559 6027881
4310088 7175751 8036116 4192828 7988312 5151974
8672986 5181764 9776114 6490043 4844369 8657685
6129892 7312040 19168 5100335 6611965 4414263
6128755 696537 6363667 511349 7134 6093863
2152072 7353235 1083467 8638543 4459425 5078687
8799142 8717928 7356227 7314712 2434150 3808239
8056403 4321781 10932 4752965 6613585 9386572
5867990 4134022 3697867 9896221 5172766 2215663
789431 5117794 2660747 6740966 4435789 4806608
8634991 4031383 5069957 2117131 3405405 8873167
8671682 8673159 1373672 701137 6269397 9073859
7829246 8497813 8903367 7177529 4646363 8356232
2012124 9046485 3028517 6995184 3441821 394349
5800034 6850078 4243829 7512655 9760050 981021
6002253 2850916 6909832 772663 5758756 274991
3896116 7116758 3098362 3647994 6364874 1101874
5957672 3932502 8544379 9802170 3973149 5255295
4428148 5495056 8098086 591416 9588553 6232324
159648 7643283 533249 2826469 5934149 2355428
9998023 9399783 5507779 3612125 4977486 9626001
9203028 5738808 7004894 4458689 7720513 5768102
693822 6749885 9676042 6660283 1377395 9697136
5936328 8636118 1556312 8590424 58921 1098137
8970883 5544571 2272795 2310428 1416940 741120
2297802 9774088 8257902 7385688 2232172 6403794
9220632 2713963 5571509 5628177 6397854 830477
7289523 4091271 7675376 9156539 9231926 5614459
8315860 3552404 2286903 2024762 5225576 3124782
5044094 9921030 9896918 6510433 5739575 7297917
2474678 8126840 8128232 666871 2829343 7191164
8200907 4797120 8699033 9442351 7241607 2114022
1541182 4090881 8111773 9998754 1373790 3814585
5137891 6728005 1330142 3092470 7596857 744694
3203003 9039295 6115128 8665263 2168249 5945754
8640480 5462402 7548448 1280251 5957566 9536721
7886002 7191107 5158370 3584236 9864795 5603139
8151916 5569417 5653028 7101208 8044513 4023453
3341993 1281699 6335888 4131798 3758933 881867
8749243 2383478 8720680 3056712 4202589 5166346
7082283 7449136 5764635 2169084 2847185 1660827
8162781 8163648 6915281 2934043 4813448 1086492
3222375 9388693 6901071 449542 7395501 6085333
6860564 6831720 5821530 7778666 9179643 9337202
2280416 5293815 8643873 4185713 279847 9835369
8498259 8934153 9531773 1925019 3836516 9549927
7243633 6877845 6632138 1604260 6349703 6634704
7551277 670038 2600971 7009166 3944786 7051731
4239096 5615517 5312134 1431893 6439468 202454
6866779 8108333 5585715 9663707 5060116 4942380
1365154 5057200 6413852 6115556 7612946 8847637
1617900 8078020 2268712 1484943 5997902 3108156
2454905 5654137 7894095 5053400 9044706 3007975
5151769 5701651 47421 982630 7723068 7990909
1252832 1786469 2258719 8946128 8995459 2519893
4831041 5871887 4111325 9217091 2735086 2705496
3184033 9469888 7104874 8887935 5965639 2684291
9495745 3774104 1542286 9339652 6039290 6645865
9744965 8605885 7559886 5562774 826623 2894353
3194053 7958411 9241262 5778726 2405383 7044099
2207192 9415040 3858004 9313565 937288 48404
2977778 1600510 8678754 1118544 6312576 4961450
1748945 3972360 5596590 1292573 6067153 2734549
496259 3334691 199352 3697912 7770530 6729559
9514910 5843760 257001 7090458 6570007 9779190
2517204 7584387 7018429 1214135 7245483 6580552
7432405 6899871 9933348 8265747 5017545 6465602
602399 3665183 6069469 3619094 6812082 8615039
1992924 3990865 1879912 2795900 8567658 6910399
4247504 2804860 7056387 7498635 8925127 3727695
7555732 4214648 3192991 9084458 2705702 433158
1436852 7885295 8343901 870663 6665156 7053703
726566 3119478 9817959 1425892 2424339 5499156
1342583 3804397 739034 2802251 989838 9342781
4222347 6115329 6590201 1920123 9899641 3579320
8960756 3345003 4252331 3786828 2989173 3161106
9347484 7067756 1530595 4069636 1064465 3934965
1716136 2677187 7401293 5223108 6190573 6505666
96644 5491103 7264324 1369245 551986 9395705
6547162 4180073 5945247 4780559 4295601 5572105
1983019 4619128 2828559 6589573 945025 8545392
8212013 8996477 1165978 2547069 7920265 3051924
2822363 4251006 7330271 6178926 538580 7741566
8516661 7348995 7347874 4210676 1643621 6017547
4054036 259726 294267 3312943 9450302 187802
1772741 9409206 9273247 3566722 8215204 1865387
2078731 7395412 3438415 7810103 747645 6147312
2969036 1586146 1488206 1278112 6304488 3300214
959956 1280354 4605876 5937004 560152 843748
6705214 1196804 7445481 574809 2402259 6451728
1022607 412550 8799325 8412559 2050560 7267106
1965597 9728066 1083569 8133738 7901295 2064022
1636623 1060078 9479046 2019146 5021664 4706636
7335529 9755034 1439284 4920732 6378866 389680
3395335 8119009 6900466 331512 2535224 1548560
857507 8635413 4450264 4941248 7144251 3087205
2375492 6299263 1926614 4274876 7954004 2981987
4151659 2669407 1860690 396508 1373838 3556142
9607156 4685097 4239690 8415316 5291786 6302070
4544745 8368889 4205709 2560655 5143204 8883750
4987723 5475306 6343065 1590060 9003614 6672270
8687695 4297866 3427600 3724288 5365961 8595329
8053455 755503 7034984 986948 369055 5865029
4042059 7867399 5491066 9633505 158178 7739559
8921803 7404076 5798110 6097982 5879868 9198740
2742788 3126991 5169207 4069824 4454361 2693989
8027618 7509106 1926469 683410 9260763 6297846
2077856 4707189 5613438 4070729 8924013 9063914
8070440 6682849 6036323 2852430 7787119 8553319
2954488 5517639 4803537 7976998 7224244 1833789
4253 3377870 2301253 1083810 2860958 4321395
6883129 5623548 1153509 5277153 4300758 9784431
578495 5611400 28085 7124662 4708860 6922518
3475289 661038 2344879 2980681 381636 5761412
8579555 6880282 9176883 2614635 4565993 7062431
9142928 9785182 2533106 5077888 8103152 9828933
4067916 9805970 5176932 8377651 2332901 9374808
4410956 6300462 2368086 9779106 9532284 1636515
2352710 2125254 9773277 8462901 5352732 5455784
6771889 4572793 5351691 1731919 8870617 1220016
5819591 5631785 617332 9808151 5152420 1235172
4776907 7066052 970220 9727560 6693574 7039423
4821635 801594 7059693 4648214 5280251 5477826
1992493 8132373 1853695 2532699 9045015 1701134
5686987 4969114 7883872 7470515 880294 2075643
2012398 9496166 1610297 4853933 8288122 6458933
9511136 1096967 2197194 7627961 2659460 5110843
6234513 8486979 372003 8620938 3715676 2311366
5063115 4811429 8548089 5817338 993318 6509628
8742260 7512489 4540328 8767348 9063565 2358967
9815085 8920667 3385390 3327296 1060487 3643936
8413891 3980743 6928666 8086513 9667464 5079749
3255682 6915806 8963290 7223456 7523594 9019470
9574152 2517923 837683 2749214 5751245 9848814
8065698 6117519 4319350 4108962 5775059 1701834
1506461 8243095 4079139 6399039 4629706 9299238
5853338 7893546 8115380 2632666 959001 9645767
84120 8590892 5857661 2710715 9040391 6400924
2068690 8618047 4204400 7422601 6188408 4214962
3285763 2535152 7095200 3977839 1109541 5047404
3150365 3427635 5904585 6722551 788877 652252
9408307 727477 9051350 1327107 7772646 3749412
2204093 6858261 1017641 8529605 859648 318143
3929530 9387917 221169 9651809 9394248 694421
2448567 7215816 2726581 7219107 587628 6161562
4968483 2969451 3788423 4347983 4327241 2524120
6746571 9115207 6868911 2026178 2625987 470090
6438618 2886578 8180125 8477119 9034226 3653761
573205 431886 62520 3200653 9661756 7694129
4330500 2460382 413135 8253935 4502564 6423254
8565133 3379424 6763996 4267851 1541240 5688917
6607150 9536968 5383881 308541 4330087 1459250
8011407 39233 813069 7915180 1049292 8265195
5536153 5315615 8577841 95757 6338329 7965066
3221837 9929494 9872328 6768141 625169 612293
2379123 3661846 554243 7834647 6842721 2363756
2971458 956631 4823262 1504567 8960522 2860404
9814281 9158012 2833044 7151148 4496019 2593060
9313073 6179946 376501 7835960 5520070 2938258
2414783 2902607 9579943 8623215 1878857 3501168
8997682 4947597 8776456 3025659 1945166 6762506
9044403 3530614 7462431 2828011 8597400 3946841
8243545 8299977 9242794 5507760 2998205 6994862
3404543 2270170 9288827 8208182 3997142 1610539
4962501 3254425 219641 7636386 4101197 5432563
7223120 9271494 8588694 319276 665217 5780069
8400674 5100489 8570419 5222319 4960726 2699804
1913463 5140252 4470644 5170394 246342 6663522
4104272 3428665 8886856 1142047 2708131 5070920
6125030 5557031 5161351 6900691 1550756 8247540
9915786 8255612 3904324 2913716 2672848 4343294
7326650 3647081 438001 7253533 9420858 5594655
210260 8898894 7570895 4417478 734885 7349369
7719215 6424646 1616436 4108159 9970763 6933167
4311631 7325028 7370135 4322235 278432 9469918
5489242 312197 8351859 2054659 1387350 1419794
2852018 3584731 2959430 5305284 2312797 5445741
1632300 1516598 2103947 6270306 7463383 9697276
4594120 458354 5419352 8622233 9154114 6353993
8414702 5801069 8675311 7201356 2082585 6860871
3820280 9448914 809602 3643958 5318024 5449868
9244665 4756345 9117352 8825186 9007737 824377
8785259 8743435 588566 43895 3385979 1564693
4623224 1780063 8443413 1046266 3867456 3900847
2732255 6450904 2156755 9412195 7325074 6636307
1305581 7961157 8749493 302761 1297836 9382827
2768782 3217080 3503321 8360702 7472793 8375781
8713071 4394718 1714911 9378366 9057487 5236595
2532086 7445468 5811650 3688733 7632618 3710009
9498396 3024446 8077329 3034452 5687062 8300016
8071830 2356320 1945682 8030734 9000407 4584891
8545202 4102840 7192389 1001974 7264463 238863
4170229 1968237 8304384 7007769 3048157 9906519
9988362 7932693 1763958 5953552 3714853 4307446
7230604 7273965 4636709 7017126 7926522 1484672
9652179 2809353 7512010 955974 6537034 5790392
5650092 1879008 3446076 1908724 3699472 878383
2382733 6737276 6145250 1332273 6456154 3688968
1776397 5739057 7095343 6016270 5059126 3039490
3301924 6026726 6595037 3760068 881359 3447681
8191818 454352 6116915 1736569 6477734 2977829
6920474 9369650 7556294 8906707 9354622 7501177
9447610 4978398 2272921 1111555 9070390 549918
3575906 9387840 9811831 808374 5874448 9437472
3926394 837138 5465190 8687688 2075034 7412049
1521042 6488846 9854597 9311889 6461292 4107773
7990608 8078853 3258968 3236544 8221421 9938977
1758386 7171384 8862396 5568770 3502013 3582803
6622402 6747901 9460487 5136124 665896 7783677
6146530 2341004 6686190 7591746 483904 641289
1576277 5418641 2581152 787482 4805800 2818333
6100616 4465232 8985080 5778341 7527477 9500247
3624030 5673202 7296220 5053069 6283802 8399903
845233 3271514 1872318 4415063 8420049 9687909
9642218 9521343 5002307 3815604 3587128 1548057
2516146 6389377 1039853 2789376 7265750 2699619
8450631 939177 6950838 3877754 8432458 2684691
3628062 6042452 5789300 586164 4990423 5597648
9471522 4750143 1979234 8804795 5023964 7990201
7801308 6299667 8165493 2684454 1791776 9680264
3460484 170678 3687297 9817246 7027673 480132
4298252 7415281 5611087 845153 1573365 9279451
6394018 2710515 3803308 730891 7829662 8500306
6747338 8522048 7933724 888120 8012032 9377380
5795751 8244717 7266070 7558671 1233303 2197409
131712 6672333 651461 7706901 5968311 4160662
7160468 9236223 6718127 5482427 9589976 5301042
3920050 7300950 423887 6797142 4592101 6432553
9536501 1225478 1910726 951300 5702721 8390140
3564088 8109383 3758082 7703938 3439619 7395955
4122595 1242972 8370060 5695516 4299178 8323305
7556658 3555320 4151186 8366840 2524105 4627156
9199498 7465578 4908539 4352675 8262844 7057905
8114685 2103304 9722518 285266 4481477 506320
5932751 2806101 8954275 9599451 3250942 1383404
2622147 3736076 3068265 3837018 6630757 8031621
9824723 2318264 4961555 60404 8959903 2508041
2458253 9700957 4780591 209446 4859412 30439
7977244 2019524 2065012 1968939 7051762 8548525
8691431 6974917 3467069 9086518 4748339 346615
4068667 8873712 7008716 1702275 2439380 3134663
4038291 8604828 7567065 3150639 9394269 8485339
6062397 5538151 6506887 6516655 2930406 3431535
936481 6824828 5066331 9329804 9883950 4873024
4550902 3284762 1795589 7486261 4228549 1109762
907936 9409222 7695966 8178317 3223928 6396890
6910758 6648990 5659614 7963134 5301699 4507099
6073961 4125348 8807342 2026755 7033929 1169959
327906 8673985 1366685 710133 4396094 9322605
4393918 8592435 953392 315730 1694447 9061117
7623180 5119496 1019086 389686 1793447 8252832
7969740 2950745 1997913 3503109 8062237 4506287
5943235 1508139 7507426 7208649 1380247 1760971
6383146 5550728 834871 2090261 3964326 2272388
7500614 1905203 5407967 3584742 2901181 9154858
1478887 9252368 8778478 7190269 8535186 4908346
5082396 4089149 1473278 2458434 2439741 8381135
867799 9331518 707984 7374187 3495424 7673304
4974996 5792439 678953 6089848 6176530 9555185
1817536 99718 8298651 4700174 1053569 2049513
5690394 5443247 7744127 9343933 4125196 1465031
7590328 6647344 7961100 4593967 8617928 1973498
1256155 9700059 2388954 8151744 4697256 7693241
2988223 5996957 8512055 8586719 7730558 3906638
5896013 6832065 6851490 3861884 1455223 9124711
4777991 9740755 9944801 9839724 1715241 7143461
6395550 3273854 6261810 542059 5349875 4420145
8162000 5733326 6576740 9106318 5277446 1866821
4452613 2507674 2822947 5313914 3320657 6740063
4956467 6298340 1395847 5739852 3859945 4910300
9399259 6026800 5479827 2941800 471822 6159335
7979720 2523430 7516271 2382617 8883094 7619658
3331802 1770330 5492524 2004147 440643 4216875
5922015 5832677 7286833 9983005 9791753 5210846
1574589 7940837 8689013 6606000 7301070 7631058
9033406 8061675 7682918 5733751 9935416 3124055
9752307 1795574 4688923 3205159 6424146 2204187
6233782 5149249 5149897 7204896 1211675 7347319
7579377 1666035 4743191 9233549 1122513 3380142
8184143 1789374 4102757 3637383 4976462 4906663
4724823 2389781 3625383 2029043 2447488 3455107
4029935 9901570 4022218 662389 3305177 3515282
3509278 5313703 7484977 5350793 6425690 4545017
6328160 1279602 4591866 3734243 7858175 9855688
2870032 3743802 9541385 1570650 529956 3358795
907212 8734695 7869496 974496 9907791 6714821
2327641 1664425 8920365 7020223 2141239 2771498
5723625 9631359 4783027 3659373 4073455 3292352
6000438 6888920 7180911 4104217 1650719 5758454
9789569 3263345 8693695 4260378 7848282 6326360
9464296 194700 1883404 8760116 4018836 2021152
1144643 7349943 2168757 5958174 8531558 9821797
552126 4900045 1026570 5613504 4354162 4538650
8780080 7548645 7281418 1023919 4509533 5442249
4924601 3324136 4746928 1317956 1677421 200307
8271080 5761928 802400 9382951 9933870 7140184
2321464 3025117 3170776 7147580 4894678 7785069
9888034 2365935 871925 7989245 7033543 3631268
4818517 7373568 1590263 2398817 431061 618003
3374871 2905244 6284721 860896 3088827 546456
6014449 7168163 5768994 2548478 7452800 7975108
7509421 6348467 2549529 7342297 6519335 113935
8960523 5572883 505390 1885491 7608197 772980
2655881 7646256 3398569 238172 6165648 217894
3339391 818084 6143557 8549026 5264459 3709486
8532370 2624938 6507977 8890057 8054881 4724634
8344586 9586207 5795405 9492653 988543 8699076
5922933 8169232 6610460 7589445 1184238 1848481
1813117 3198296 4466295 7607872 1539033 112389
3092120 8280680 8969429 4833608 1762810 1057111
8391633 5233304 4372150 392608 6028359 2269877
6331392 8122832 2589926 1854994 7561955 6822763
4664836 9939841 7742588 7063413 58743 8877254
3232469 9543581 4897402 5256 9761993 7627039
2518683 304854 9936436 6523990 4114162 7239740
635614 499574 6244844 3416345 8342312 9094283
1135081 2671247 8997881 4555382 454311 3497416
9121190 3408787 3691299 5995322 5008679 8608736
5144660 9992749 3973856 9774330 3463853 93225
2794100 9667058 175924 4431451 4385274 9424102
3515780 6242183 5594640 7448819 5477054 7960728
9076960 589204 1252414 7895538 4682515 4736392
1711434 9783334 9363842 329126 3455411 9601237
3690467 6626415 6667205 6386114 9493357 5462565
7845298 4111194 2863812 1150419 9597408 2802681
5138172 9517635 5837511 6358762 7689072 5528168
486004 9733939 492659 2880094 6265215 7966208
5073091 6550935 9565090 9648282 3580494 6193477
5320648 2704439 2026288 2162585 6177133 7230412
9128598 3809906 3808918 4469845 3658657 3720217
5858571 2428961 37499 1371987 3258440 2575983
8518727 8684724 5615116 2401535 896272 2072454
2472147 4099804 6930019 6362110 452948 7088017
4299968 672277 4928457 1584944 704196 9185645
1465220 8849343 8122963 1678469 8661733 6121307
7763319 325820 2970500 8893476 3771759 4806587
6816568 8271825 3316904 1781653 6156142 5807639
496141 5038342 9331720 5923305 9984715 5616406
5032430 3874085 9254121 7548006 5389672 2198457
4180924 8994524 8644770 1723556 8226270 571891
9799735 4435198 1541182 6954466 4627578 8123413
6131502 5449708 8165612 9223402 2076201 1038744
2201954 4325560 9293217 1928049 1840275 6989258
1730807 8746884 1819153 7290156 7013801 6202849
3321049 9876785 9819509 8627744 5940952 8695419
659758 8948474 1639765 3933466 9389511 147124
306660 261046 3249669 5709930 8968106 6412390
2517860 9488540 5667335 7374590 7054013 8615388
5794910 9616854 4511974 1744973 8956267 4922730
7953391 2837292 2737609 7314448 7298754 4943766
8292834 7254196 3857856 1877005 5301018 8169047
5933667 1558242 6976055 9235974 4431854 3183887
1441573 2244894 8942161 331594 5125901 534762
7084909 7839028 3524505 7513769 3969790 9990920
6982873 2744549 8252562 5398705 4313468 3364585
5270599 7672587 4743607 8455453 9326984 5698099
3654449 7794763 3429804 4010484 7395656 3648346
8367270 1557591 2003089 2427165 8680611 1577782
8503136 4991058 9639440 1442243 6768869 2866793
5487870 5256981 231799 1811035 9755022 907595
4716975 2453654 9207278 616541 1244858 4875855
8831965 9150076 6041729 2434329 1194493 3830945
2036752 2138217 4605262 1443771 3210614 7508496
1613161 7123381 7183237 9289476 8965027 6757635
7253765 4092321 8876218 4295351 3407410 8135908
8442844 1183959 1479747 8457383 4584534 5751081
5339120 6688553 85662 388339 6548873 5139039
4467362 9761571 6692406 7913029 2889857 8280024
6219860 6545371 7839686 2849334 7128805 9290316
7337979 6120251 2757393 1606514 4986523 9897468
7649783 9169076 8204782 7146944 7808649 9011034
3092609 7368678 1965586 2232514 6104063 5850388
598683 3342506 1131079 3955882 3107460 4618074
1988005 5103555 7897838 4375042 5637721 3101308
533933 3358439 4642556 4922803 9941671 2248117
7743314 9985580 1260229 8372836 33466 2095662
4759557 8939412 2361500 8794800 7460472 8830533
504985 6400508 2444939 8533599 8642776 8487489
7343372 7729246 9652199 1131295 1452487 55034
997671 1775381 9256132 6363478 1093771 6899577
334205 233359 6093835 2799026 8620971 965307
9114629 54992 6869355 2327849 7435102 4912629
5648448 1482115 313680 1183574 7244783 9836463
1151438 8952358 8513403 3657992 3505241 7747843
8183392 8821445 2337381 1075415 8065698 5532692
2928307 5601703 1619440 4018231 3729850 3800086
1059691 5535595 7921373 7414712 4424297 4108063
7592491 6582107 5469540 149106 3690131 7205827
8318301 546740 1156878 9049814 7204062 4771780
485074 4188301 3644709 4158289 2810594 2481778
4863927 4758769 9339394 8735341 1701374 6089407
9452243 7691641 5943077 4747686 2322006 9633114
5891509 8694870 4998716 1653692 4673713 7649628
2142106 605232 958339 1617302 9281779 5486833
9020087 6096947 590093 2015928 6701483 5579645
2496566 5062602 4584140 6140234 9178111 6458671
9639608 7094014 9519615 4788589 5516169 817411
8259947 1646648 6812100 8271215 621294 27717
1354243 7313336 8195192 3253497 5322883 4877571
1455379 9624122 4585428 5730630 8728871 3001826
5705837 7068606 9828112 8291853 2328968 7759821
393890 8985149 155884 3639834 4221874 6865711
515513 4533856 2392206 1389160 8767614 4590759
4003646 6729392 1110808 5276604 7570920 786209
2823261 1220891 5297729 244689 5961139 9625807
1021657 6253474 4506305 657384 7727063 2828229
2806345 2743363 4290327 6900508 579182 962859
7759036 6941675 4206252 2038823 4963766 2806820
5130308 1286146 6491219 993153 7143728 1812330
4722660 9565308 2996497 4867823 6338325 5174119
4614831 4448325 3293172 1976332 5556840 8731770
704415 3564838 1057460 6251615 1379457 1285427
3499809 7485074 5376134 6564374 142823 5652487
9232921 4020606 777516 9566233 4447342 2990391
4332187 7224756 9578759 9589316 2448489 3753332
8119654 4791279 8911866 4682621 2070434 4791141
2086858 7398313 52779 6475631 4930675 1805171
1437627 7906599 6252999 1763803 653776 2694598
8531386 2605588 7817284 5563314 540493 5074009
4891321 7989648 1235580 318584 6517518 6800328
4617499 5808961 2201816 7338210 5099042 3137556
5571308 1399831 8461043 120167 7431478 7218376
6707425 7404409 9924511 7070108 4020928 101332
2445560 485913 4335697 3898232 824325 4437541
9742202 6549809 7534932 9676341 5841920 2518527
8925793 8449951 8992572 4235108 6651777 4687441
8228131 4343522 8389968 3893604 477922 8014080
3639910 3541497 2152500 6612866 9424755 5349864
9895538 1177129 4748400 5197454 7446175 7280906
365292 9828706 8411043 5899065 9750687 7834370
2197116 3845118 1567657 679260 6406886 7101586
5820452 2096433 6274803 6511891 5287588 4058604
5629458 7938492 1898878 1771004 1713252 7557746
966620 2785565 6584434 6272015 488924 8322919
7075434 6247130 3154536 9273415 4715061 914445
377188 6774842 7274872 5612380 8071610 7950754
3952405 3097409 5911276 601546 5877168 2331045
1599840 3121763 8605075 8012008 7277264 8317941
1420715 6958070 6776410 4353052 2966161 7098847
3211272 5810807 1298276 6738596 7484646 6353948
6819249 1728189 7584747 5497365 8347003 2216582
3052889 5896883 6739080 3643957 662081 3876926
6477905 6937406 3065750 1946243 3041652 3118574
8332954 8689026 6580985 1149526 9525180 4825303
7704979 6294175 4040293 40576 1975102 5349184
492839 6469528 3645153 6382438 7338803 5979061
4261530 4370029 7091229 8187687 2058360 1276651
7508752 8204734 2680905 9889229 8715858 849884
1587089 1320317 9687463 2349736 2640443 3036876
6326973 2427528 2823971 7046543 8304032 4406312
8493960 1101217 1300840 8605070 146159 9560895
5875567 6107074 288044 7425871 6231927 2496813
711932 8788579 7906576 4477056 9797336 3597017
4512391 5818537 2586464 1141997 6588566 1066269
4213809 270072 4128770 8155236 9428009 5217586
5983213 3887723 2314507 7777448 3792629 7619921
4368333 2747283 7972294 7310519 1609344 8789845
539193 2889932 9915657 8534480 6875396 8834723
3737907 5527717 8007892 9505787 2335546 89775
5959065 621586 9865332 1269763 7136170 2513936
9675351 6248866 7764718 8477060 1423885 4290975
8015617 5179766 3151265 6134481 7941888 8481339
4778389 3943716 4498060 113040 9432592 2308510
2923072 994267 2243633 4000834 2327101 4446480
185416 4644120 1226867 6522881 8483639 8830424
5552285 8177352 85812 7928344 1775128 5309075
2606336 5550045 2186970 8697759 1901995 4840005
4873345 3488072 583043 1052329 6336175 5152715
1386185 779543 3249716 3852051 1725339 5544183
1356581 1279621 9239447 8544328 3373623 1925927
3516919 1920920 8079037 7046889 9248013 5760591
312568 9966474 7362955 967358 8431173 4556981
7077020 2241282 6250242 9288282 8504668 5793970
1575730 8173443 8046432 8245251 7271532 4052391
9006305 8185272 755370 5251440 8367826 3170128
4867228 4940790 8681590 8865762 7454300 5295628
7520882 7136301 8089894 8706195 1572983 7970187
9612336 1609264 9268446 1339085 2051704 9266935
6645428 9272485 4732555 1583360 2358409 4144663
6566851 290307 6939074 8694134 5687564 90135
5835993 6570334 8074819 3130228 8754354 4586333
7465979 5034315 5387950 5815950 3744040 3115664
6594355 4620167 185206 2301286 9529459 5594765
6913816 161891 5897833 4573309 4244043 9500173
4702460 6046990 9038378 1673811 4116876 3153726
2086378 7312362 8011031 4080992 3941576 9405233
6503294 5006698 4812679 7939634 2806446 1848150
7703406 2168072 1643660 1411017 5893101 4014672
4448413 3882328 3439216 9432820 7240664 7536008
4861397 7227943 9260362 8332350 212956 3687849
6094330 1240881 6947940 9144155 4423954 6305107
1945406 9802706 8839154 805802 9995424 8927250
7062731 6850447 495218 6132363 2933355 3741815
8169866 4963437 4851203 4040647 6115397 5780746
472548 6573401 8235029 1777762 8962483 3191428
9466512 4074593 5986138 4154500 6039736 9861220
4039311 1528993 3789226 9675851 8248675 4392574
5672527 9486115 6443966 6602133 33929 3996078
8703530 5010286 5295322 1829313 7217899 2917396
9245767 2234544 9227784 1742353 1282748 1949581
6441875 5377008 578410 1969913 1361641 9178527
1242094 9423284 6801474 5776551 6323659 7780016
111759 7589688 4694719 5235918 5959708 5462750
6163996 7697286 530501 1024635 1016440 2651250
2901598 2484700 4829841 6400552 764446 3265148
4691609 216510 4852981 5518952 6976325 2603429
1567188 5118965 9591586 1217955 9658691 3246281
1794188 7994246 2615478 4641221 3757803 2098710
3439766 6296207 7247161 2075607 584515 378632
9016627 9376196 9435226 9243494 8130283 9757796
9671316 7865784 9859404 2952520 4427547 2806796
561693 2026127 6298101 1272613 6109483 4730499
4385741 6444165 3953886 35371 5575521 7315714
6469188 4506570 655971 3407067 6626546 9564454
2705559 6101015 278060 8897045 7777548 6259357
4915181 7909773 7927502 4499831 9086402 9505222
6715263 3666384 6478756 4243422 4840968 4443084
2732592 3880157 8568352 7120994 3395437 9231915
9423068 6302920 7508082 1677689 7596208 9847337
1902959 5370244 5922523 7752890 7656395 9926063
940416 9450962 5606185 4683127 8303916 5594652
1446025 2148421 959952 3717656 9705369 1483158
8329722 9512745 9297563 6103339 6197998 9374685
4995854 4420674 1544176 4544550 7581858 7525740
6278730 5296423 1643873 6893002 7436920 3339789
5423156 5900145 2757001 5160629 5270451 1657746
6460233 9536944 995355 1462315 781235 5635510
3445058 1522347 271612 8616248 7474792 9646224
588714 3219455 7214110 2528661 2995882 2104871
9264196 183883 5643242 22156 5974412 474954
1163143 345072 6027785 7673114 2851298 1377258
1300808 9620132 3020042 6495524 3371615 6913791
4581983 5842818 2605820 2959368 6979569 9714435
1012148 9074184 7848994 8038384 6388735 692491
9835700 1761272 479098 7478823 6029531 779485
161379 9725298 650421 37133 1374226 3496176
2804706 6751230 6968803 5118826 7506471 3042893
9971066 4162384 2328322 6984496 7905050 1619095
9873235 6616053 748765 5285185 4322058 1424587
8049856 1573334 6815254 7133191 8302446 2540559
8316996 1195153 6222581 8631316 1063180 65666
8186991 6618864 7211054 1965502 363468 4147564
6169676 9408116 7636367 356077 4346293 5486170
1757876 5846245 9044489 6702184 9917110 8447390
7171305 5970358 9492732 4861250 8265591 2304366
1239206 5534269 4679020 5173767 9854357 7832333
4409891 9789259 8501134 4261912 9345709 398748
6631260 4820781 8591776 4915828 9845742 7668803
6421943 8205509 3209895 8173102 3050751 6727120
7149382 5124425 3607428 9423925 5931098 9301628
4835241 6194421 6381758 7087338 4437798 8873586
7410257 848819 8741935 6038086 6277025 3661078
5889026 4542798 4052834 688665 6942929 1059548
8720660 5041898 9123615 5886718 8222358 2520802
7027822 9394876 2776957 3660641 5302376 790463
4499341 1977644 2906349 3334027 4553681 207104
209757 9503681 4500765 4690531 1090898 8167134
2586414 2981098 918365 2967995 9409867 3368344
5930384 9313808 2101956 8869349 818804 9954655
7973027 1409699 3270241 9416094 9214347 1481846
7959403 4703549 1143284 1540769 6706978 9006624
9791332 5260143 3454027 8467248 5922855 993278
3826935 5216660 5661557 406620 5532045 5113373
7579762 6029400 3030053 6142720 53343 9771671
6832409 6454063 3699573 7132205 45642 5985926
6785795 4751881 7013409 2412277 9162557 6125584
3145591 4715519 3959019 4583730 2495220 2577180
9475359 3470374 6749823 6320445 7894398 1365030
9730561 6068606 5315556 6533481 3697832 8136232
3792093 6061753 5568362 4559945 3585796 2515729
1151160 8713496 7220519 7671438 189699 7926461
1721220 2018747 8943227 196043 4213663 1665401
8687331 218375 8021062 7437598 9241285 1351079
9603678 3742736 3228393 1641355 8251731 6020482
4820514 6027730 9746367 8474882 5104352 1091650
30220 2341678 9178539 2290478 8617671 2876185
4543852 9872558 6397130 6552623 3551644 6718291
9629894 3349706 9300805 9051762 7745478 3734171
4316262 5504188 5931423 714223 9768465 7495425
6066175 2766554 4745249 5968722 3184344 7841344
576639 5157878 7211252 2577530 3610983 2810713
661933 5668939 2684417 9342615 8456884 8090982
495158 6090591 7755176 9498656 4793647 9537883
7789285 8185380 8400864 2093453 4111176 551575
3635171 9951631 5656319 1247696 8199324 8928109
8557840 607518 3820091 7415371 7091206 5924638
6553387 8516247 3806405 1792121 9648836 3689568
7216986 5940914 1151589 7190785 8517353 2722851
5773532 4126256 8883556 8271073 1137341 3379801
7422381 4142524 3060081 5566290 6612413 7455789
7942567 6096340 4659003 531744 5544872 785638
8499219 421996 2389568 2543626 6328317 4941506
1264091 2076363 196126 8779003 1325070 29501
959866 9005755 4904234 4159558 3593387 6512887
1091132 2632626 6102031 1830806 324903 334493
2201263 8270963 6322186 9796464 9488066 3574140
7607997 7083635 8280106 7226648 6058445 109762
4311751 9822738 9461488 8403687 6898211 1166095
7302893 8386474 6463349 4199961 940925 1661155
9176534 313009 1742736 278333 2403971 8617269
1894861 5018757 8731567 7463961 1114069 156564
964981 9316523 2590067 4804256 7439148 7075819
6742406 5612107 977004 891771 3120183 643958
7270718 4293342 8238079 9204978 9453117 4743500
2927939 9452074 8018446 5773706 5729263 7372299
2052853 6312513 5131467 4670143 8285500 8013163
2161935 8149356 1799924 5197808 7852864 6244113
435244 9437383 6193179 9412059 8766799 8188612
8942271 1686477 3351561 4202776 9439848 3373729
140419 656249 26919 1658269 2134504 9355551
7191726 1557739 2376791 4434159 9689360 6681566
7326552 3947469 8841003 6293092 5373337 5273143
1335098 4534003 5648131 5884517 4669986 8016032
7430232 8299532 1477825 8626953 2629826 5230251
8123892 2635973 5890905 5090510 8097980 5891273
5671397 2685964 7710798 7476495 7284730 7682698
2324993 3128804 5953492 528844 6558161 7131355
5890836 1541309 6338105 1819998 3702884 3340850
7150917 3543462 9496415 2608640 3916438 3334870
6074448 2787931 1321887 5258918 9443607 9402545
4563681 4510867 9677674 8858583 5166690 9383727
9838669 7427576 5377475 7726437 1014744 7290825
6121052 5822512 7648716 644069 8652582 7639841
352626 5893866 3863812 3374134 5816634 3869267
8391703 289935 1939322 7054331 8017094 2523594
9828889 6188178 5916425 4022000 3955045 7245711
3109069 3241596 7431653 9997755 8183541 7310177
3489889 4446862 1955911 308922 5675488 6709937
6181296 8322090 7806241 7654950 8809483 3548629
7414527 6376747 9230313 8125843 1557827 5005799
761121 8432848 3477609 3965408 9968905 8688523
9655738 1321371 1843398 6942104 3628834 3816809
3628176 9845819 29245 5559165 5481569 193159
7041541 325226 6242865 1124325 7805459 290486
3251353 1815134 1729092 4181838 9761521 8029449
3429878 7052640 5232636 5929074 2508510 1136740
3484440 1970401 3991683 9245545 6232922 6117765
2989441 1183933 8387221 1212147 6901469 3211978
8915822 8189782 9052583 4700073 8096205 5751319
823216 32512 4560815 22668 7536085 9016873
5760524 2335773 1298144 5101345 198056 1901114
3462872 1204783 4993822 2096381 3724527 7583362
8734119 9969654 1480885 8248134 8546387 4004201
2589614 5357238 630509 8538822 4759835 5430088
3130295 9527802 4910089 3252260 820616 3457301
7350071 7936727 2707484 200344 3941194 4738101
7338073 4022088 8049133 3559573 7296820 227163
5740558 3493387 8270259 2778174 7149685 4202585
5456159 7388075 187550 6199442 8962998 7151890
1320089 6798493 111271 5774735 8799422 1251733
9040498 2173223 3626298 1603835 7556524 667543
3969426 7296473 2624099 2502430 2835130 2349240
3717119 133410 9654760 321425 7363585 9407453
5325431 8070540 367678 9979055 8857566 3131149
4069963 1135437 2315161 7545748 5753709 210307
7900434 1281043 7040814 1540917 2407314 4914665
8633687 1583108 4075244 3032578 7342344 4631628
4587675 8300111 9022230 8203884 632104 9206502
945978 5696795 8085172 646418 8103572 3464875
6064324 7773881 3510494 71462 2649856 657637
3268857 7305814 7743511 3022234 1070948 3945620
4542953 937188 742318 2900870 7322483 6034547
7091321 906046 6466815 2240634 6920260 9966838
3613404 3080456 4393102 2091773 6273764 5539676
42951 2382436 4514941 4920617 7693499 4968128
8129779 1915007 3241549 1800776 4283263 1189769
1539548 7513205 3179074 9179525 9507524 1288189
4623665 6552609 7926969 4568423 7563376 7030777
6229061 8101669 9454644 2056873 885466 1940897
2632933 7308979 7577237 4990763 4999444 2012004
3003873 1568481 8671938 655090 3576355 8338994
6606423 463350 368233 2385841 7686338 4853467
2833889 9327326 3138941 863875 6242882 4488436
2084721 3902184 1341334 8295334 6893633 8022173
5969991 6993348 7442081 3637452 1087874 6353604
5747172 6287318 9421722 365132 8867048 4785631
717769 6491874 6742007 9981181 3705710 2707559
6752921 9603959 2016157 1685654 1384351 3985217
5233391 7401195 5635284 5871566 8241310 1026695
1065805 4708385 871969 9308123 618792 2417200
664150 5922543 8235084 9771520 9174563 7760148
5065100 9802622 4136922 3099723 7248871 2730395
4195383 3672883 5537768 6102306 9722514 5811453
9924937 8842816 1186719 4508834 8016773 4826493
7020877 3463756 5215580 7566658 3714894 9359314
6528222 921010 3007282 7003971 3616219 9313251
2698996 168911 530541 7017649 7355283 787514
6568549 1592283 2232636 3692350 7772357 9174594
7198692 6961386 7425734 3624183 733785 7982487
6608965 7501283 8461092 6410860 8826263 5690236
5034854 8831079 6776555 1330929 1297296 9896533
3730762 2567085 8320946 4594237 7606385 236168
1586220 4156517 7435334 7450190 5423736 8191446
7516126 6468916 6337071 4347637 5081995 6584766
2638220 8686104 5677200 6598461 637642 4984174
5283284 7071443 3524556 8214451 442313 6127161
2644130 1443712 2501978 5965638 729968 7000900
5312146 9581845 5311863 6316564 7672695 9916338
3575816 1318713 6366955 802434 6162120 7417642
4791391 8398286 5961257 9832659 1140359 1947077
2904038 1720030 9675694 3548808 4342647 4305386
7624468 3447287 8836277 6189811 739981 7149221
1042091 9544188 186139 9661975 9393374 6670805
9334021 9566601 3099503 3169100 8226664 9314705
4362510 6257078 6932839 5884301 8265554 6660150
6789456 270440 1081777 4066000 252282 5462328
4296023 3001381 5170465 7859692 485124 2902143
2146734 7997535 7273692 3275287 6992503 638515
7770886 817078 6512326 1590865 3945328 5789220
1389336 8902446 5644720 9431031 1257997 911692
2720410 1614781 657039 4888800 9176409 100204
1437383 7996402 7557330 2352178 167733 5766886
9135115 4440094 2843728 9511027 167439 816269
5542634 3111690 9353981 7667786 8393035 7619073
6426966 3372760 5830856 6347713 3915407 1539293
45458 6437095 7482362 2385969 5705285 4544906
8454257 6763334 7806876 397408 3954252 695137
6818498 7885639 4658966 4265341 3985311 7036363
3229511 25386 8842578 7942261 1751814 4905203
6690472 5867291 8346493 481651 5692493 727607
6884143 9006492 1875183 7302937 4902318 846435
2916992 5874533 9723885 3713161 6437880 1030307
2021701 8304918 8176438 7000193 4892123 9207933
929059 9532862 6715647 4957168 8187608 6938474
8907103 2382660 8517468 2819906 8404323 9769750
6533111 7866325 3610998 7547422 3403802 5234233
5405186 5072008 7046498 5222627 2628304 6025935
9975318 7797643 2430003 6794907 2515102 1774994
2519817 4929157 4104424 2726538 3827841 2272517
28160 6783004 7416402 7900132 8309838 113504
4252759 4252060 7815840 5306551 6451935 1660296
498515 9906059 4759591 1608395 4296577 1672266
4693439 681740 6359431 8835146 4940405 4142404
1510920 171995 4029507 8673574 1482592 2903668
5698950 3950667 7667104 1540669 8060074 6724824
8243189 2531154 5053088 3465458 3351302 190811
2493286 2968688 1258842 244397 4587417 493591
3106527 2059188 6413732 6071386 5448709 4517420
7539864 1242089 8751781 683624 2801600 9374356
2366379 2453993 5753797 1569531 9347623 5747366
6959090 7978801 465031 7385192 5893343 3936823
9798212 5633640 8130814 1218028 4698933 3103054
2657559 9715603 9191712 688485 1841611 5714536
1527901 3395919 8635782 5757162 5644199 6310526
6121687 2794699 8298567 3653216 9396163 6552451
4772986 9391619 9240642 3612355 1194220 4288299
6466829 7508217 3311951 172454 2036954 7722184
7788821 5667014 1831222 111878 6812827 4094104
5171155 2399885 6397032 6911184 28788 3929154
1003667 6082050 2527566 5819132 1355393 4277604
9027183 7841922 7543618 1990695 3768458 724752
8732776 647800 7764757 6744739 938471 4335733
3410070 8567727 8724626 8752011 3253825 2574190
7514727 5228973 6265595 5352222 5572655 9866270
6966448 5756031 3847310 2556619 4068997 190702
6684156 7644938 8029138 3822507 5973990 1989454
2791270 4269645 6052891 698130 6247533 2072380
62050 2999275 5861961 3656523 4671510 8246911
4353835 6753897 5390561 5768740 4999536 7679395
23772 9735361 8931299 3792744 8699469 4227925
2496556 2306470 7892600 2396230 826721 3518013
1691290 4539572 7200458 7938389 8111403 8316971
6438567 6886933 8460759 980172 789466 2924956
1511590 123569 4406946 9742634 7392487 3514386
7816708 7991693 1397620 1146678 4063926 8915116
1138195 3075775 8506910 3163608 9316096 4127067
7458971 2364757 2790808 8932705 7104104 5707204
4986332 6094536 8873591 1765073 9180783 9954143
7600507 3227132 722962 1394920 6922337 5822786
5538983 8196310 8653593 5629865 5907673 1554457
4666286 5089750 4850838 8964900 1829806 8118611
2273740 6153798 8104459 7979571 2838007 7076669
6026600 7201985 6315090 9491700 9557468 5364739
4676576 5001558 3464048 8931815 3940754 9210489
6191723 9407933 9150757 4072439 6326745 9759212
1290047 6353642 6575460 2793939 9565537 3666417
966836 3892545 3898143 1795765 6020443 8282905
4612274 7789770 7098854 1701105 1936998 5302041
595580 8101142 1174043 5851625 1384545 7122722
8205760 3312700 7728099 6766227 3506185 9399207
2239165 1905834 8214764 7670408 2103408 111077
594871 8143953 2649187 3654136 7241676 1539747
8025888 1985411 3213235 1625317 4618405 9104133
3375494 4909138 6393758 3717330 9062492 9470118
2018197 1271618 4199095 5762599 3481035 3171176
296490 3664605 7221229 1712144 5897580 5106793
9317283 9858612 4450468 6709121 4988922 3695525
3192843 4381475 135828 6278997 5191938 4664685
6878862 6342143 8113495 8610096 3881055 7434607
615979 7970352 739658 8463465 6689239 979140
1273649 6298461 783370 8622696 1946539 3537586
998555 241447 8503911 6047342 2856708 1003022
5624853 3908360 7053259 7425548 7217012 5933713
1291249 4984869 8518116 4441167 5693783 4201260
7375535 8400195 1745012 7656886 7140758 8199650
8913217 79818 7298375 3685172 6033764 4464220
7218288 694956 4243311 7477331 4552383 689349
602716 7519056 8400324 5217527 3805762 6472118
9054513 1403096 1738670 9278376 9098243 9065286
7777836 2307479 6851859 5443108 4728866 5952063
5574057 6605194 8214658 3144483 6813017 5250963
8698735 7252935 9599372 1786796 2683420 8428480
9315426 9530992 4708220 7689703 2362067 1228919
3467864 6784645 6262703 9196280 8313618 6360770
9144619 3606580 2070397 424754 6094302 2448022
4731285 6158852 877076 1138145 8110336 5291485
7537392 2733580 9633771 9477731 2744039 4901256
9509452 9487148 5753829 5984692 8471201 3841918
636070 5674890 7012759 5956058 3575761 7435259
8367752 6757834 2920091 7201651 8800155 1135415
3821683 8434562 7377219 6725860 5693743 2129999
3394632 4431420 7902901 8907469 2269749 4304457
2223512 2441750 1722891 1490611 1083517 5739298
4340977 8061607 4033559 6030794 501974 9689596
8776392 5992601 4383152 3181733 1580298 8007726
4739232 2301472 9027662 9888386 5091273 2949547
8268741 6698482 6359682 2584367 4037011 677735
6774658 1686249 1082277 1482246 8501803 8301798
5447523 3151814 4173980 5706413 6875144 8239225
3767024 6325571 1434680 8360518 8375608 589845
304253 4928644 3121681 1399504 7619272 9981181
3772938 6793429 798876 6244740 8799866 4492677
8347721 5741700 7980854 5136944 3184389 5717310
1231231 8716918 5055452 5588442 8833587 3982972
6049587 5273101 8040873 8973446 6513964 4318479
1780240 5707637 4334787 7796800 7727518 6636842
6777464 7370721 2125286 6572539 6505132 4067683
4369565 4021592 9485674 94422 3673533 2765807
4080337 2331207 7742286 1829497 2026032 5910616
6087852 9785215 6567006 9436506 3425986 8628156
5331137 8559625 8894635 365472 8880059 8727316
4140729 4830048 1267356 7188558 3939137 6637544
358633 7148669 3782922 4007187 5736469 2025739
5234265 4064891 8122271 2251561 8448727 3274712
8775122 5641825 4144573 7681972 8246229 1947259
7648705 6462035 1898543 2502051 5248043 8643209
5393510 4683074 9640198 5159231 6373159 566375
5418471 1962713 870815 777297 2862615 1233804
8588515 4746475 8169901 5941421 7338256 6389577
2473046 6714660 9026570 3532888 3891163 3917765
8063455 4901481 9752789 267050 4796311 3491181
4205711 788588 7173282 990448 2630294 6477533
7728177 1379615 5702639 8106774 8069413 319416
5305696 7601261 8430487 2447609 2273646 1719536
5523299 6582871 2300208 8180286 5866749 4514358
9974528 1772380 8200528 955327 4766225 1511165
2653043 4409830 6399539 1671597 402443 6117920
9169519 5217218 1986952 7141387 3309795 2108065
123898 590078 7274014 2376833 5390151 2424735
5470026 4573740 5515060 7315554 5958283 1659634
3843288 2174396 1627248 9195777 2744018 1706016
8241823 746994 227838 9304524 5623766 7227368
5734793 8305163 7179283 4566210 2447384 4131120
7510447 5470080 8650212 3016749 7255567 6976081
8233290 5449201 548499 7109527 1184695 5470269
8263367 116057 2431331 1063892 3947615 6645101
2789267 669536 3401077 4647200 1473336 3148526
5655033 5350678 4506475 8388690 5761832 7634003
6540100 7123612 3812033 3831966 6562174 1923215
9880505 3924042 4844229 8022245 2110926 5728470
6118242 5739672 4838769 5506059 5779800 3526778
939404 3513222 3094620 2182845 9824132 4420601
3351776 4426446 9933505 763144 4457073 7058852
1322592 7509344 7292073 9741446 9460586 6716668
4392142 6692825 9946377 16220 6487585 4376288
8607153 7359434 2485996 8336151 6368444 4782654
4184459 3581178 9342710 4039621 7920538 2528390
5454973 2167319 6068314 8985005 2565660 2121533
2016095 3168906 6526850 7196513 614836 8191622
9771005 8807540 9256209 903281 4577572 1957535
4499680 734164 1552234 6820332 6556937 4765620
1049052 2075400 7235471 7693594 8216418 72506
9500886 5020828 2741883 9378156 9067348 2159770
37564 6177303 4882721 859719 3596963 1853234
9844843 3946730 2547621 2772663 5597417 2568674
3534522 459767 5609753 2368689 2665675 2349023
7362180 3840195 2042034 7170623 1180652 9327501
7512547 2099436 7302504 2785692 4212846 5034333
7829830 9153917 9905745 4774290 4545606 2276177
8333730 8547285 126492 8590211 2428062 7220146
5191586 6738781 6235359 1128217 3042535 9603779
4417197 1126853 7782847 6525448 5333316 7784891
2945249 7160661 4217141 1666575 874426 8969539
5225195 8073235 5512074 5899792 5748164 2051846
1522896 4473897 1046989 1683884 7744924 8978154
9072405 7173053 6764798 7664896 3264728 9997524
2273096 3990427 495926 7758298 2772299 204248
2895999 4413948 7575146 5188450 3242425 3951807
7646805 9403096 9523560 5757201 413642 7147261
146982 900894 9299189 9812063 7171009 1914892
4358326 8869689 6784372 4336398 3245327 8084224
621391 9883155 2929078 9262199 6915950 388380
6711451 5912180 1612894 2032883 3353961 6273890
3804331 7130659 8681836 5315074 9874243 5772723
3103109 1428710 7078430 6868359 4639675 7693972
5683534 6968306 9798930 8507022 2482067 5399585
3677718 7124403 8363729 5084535 9035274 5386546
9076014 2744152 7735676 2882584 8903591 2191905
3162309 4089676 7492970 8323247 4931070 5911598
9691305 2765501 1715031 4431533 4627363 2577252
4141432 9031177 5179018 5926815 8114747 7214824
2246105 1362111 1176636 9293140 9157300 2609103
8064299 3859547 2320332 6320836 9998729 4246189
1301326 4447573 2891122 6939893 3495303 447938
7430902 8141256 6081663 6357263 1615747 3851262
8151505 6441959 3927276 5964049 3450664 3660983
310577 4825036 4191652 6295034 9233057 7724335
648332 3764268 1655584 4255281 7960505 2957807
521014 7516121 4873644 7879367 3426435 7756544
5732190 691254 9214793 7690296 3362544 8918633
2650686 9186284 9012460 6710692 6693498 9302405
1804393 127200 2081526 8179832 8220087 6631906
7094937 1624100 6138655 7485116 1053631 9905276
3474457 4505192 7940648 6379581 1669908 3268823
8932029 7705424 6969850 4288884 6688690 6593200
5683185 8853771 3316058 6063620 2855411 3838840
9719664 84832 5534781 2966038 677396 1243292
6377290 8827729 3091756 826282 6041078 6624536
5813947 1808213 386568 7035457 5312137 6221009
2084404 8028811 6330952 2329597 6454228 6300617
519629 7845459 6621818 6485902 9089307 824360
4130603 1586358 6810323 4403361 8436441 4008017
2972367 1727662 8164747 1942453 9390624 9237318
5327695 6415013 6576277 6524307 6451351 7567480
8952409 2604595 3539135 623515 4558621 341615
5674487 896337 6569985 4790562 3232507 9081389
1287482 6543569 9457747 6467146 7921587 6928034
4645961 3842393 8278507 3068226 7755376 7524590
9564601 3216917 3796128 5619245 5019070 9150736
1479683 8212251 3937234 5153191 3824947 5159589
3866229 5072075 6974730 3560647 9003082 5796622
557619 4873034 2358126 5847228 162192 5733220
6908506 5134337 6660757 8493835 1862915 8660274
4393936 2763650 8143223 2144491 4377942 6754974
6438337 1711044 2577623 1026340 3865035 5566947
2290574 1778059 5386173 736813 1697488 7009998
5324007 2629333 3186067 400269 5764237 3574316
1086327 1282543 6892008 3600500 419862 7575531
3405230 8252553 3309309 6939508 4629748 2777474
5010373 6261564 1550711 4345667 3260746 1221164
4921140 2694806 5272197 1955665 6378795 4587292
4443144 8348420 2041932 4050512 3708087 4347993
5351792 7216974 4096633 3090798 3210689 6750134
3833340 4602928 4392134 2318657 8789516 281130
5739872 9364870 1296944 5686221 8096215 2708579
8185957 6969686 6036480 8584983 4665681 417958
859646 3007267 1440797 4695344 5614579 4927885
5341940 558422 9562921 3008556 4603231 6139719
7302803 7350641 6305531 4364363 7759793 1088239
7806412 2700140 8243091 8180021 9959301 3212422
4793133 414372 4655221 9063485 8097276 2137826
641233 2564428 8447452 6438212 4808141 1966654
40094 7471466 6958136 2610370 9193838 6394679
3263756 2530020 2195571 4497952 6828372 9060684
5174407 6306635 9511406 4558852 8825850 2758973
9158214 3980650 520721 9174023 5039747 671606
1417614 7875979 5478789 4211070 1050242 4067014
2790195 5281391 191054 3602674 829458 9408629
7802130 8051408 8829103 421441 9567392 5049757
792862 4875178 7776193 4325796 1455359 9647466
5244025 4500346 9339698 4697755 9807315 9144545
7610569 7777508 9213469 5795918 7592244 1634837
8441995 2890147 2283887 1073501 3474945 2092383
5360405 3621193 2056247 2471285 5812698 6764376
322522 7170859 4843131 8041017 47941 2045904
399419 3826816 9067100 5476022 4018368 1714638
6641925 1226445 1343307 597381 1672927 6813606
6180201 3695502 6339574 1932555 2088319 1165951
76911 1918580 5980869 7937630 3386381 2963383
3031099 1226983 1127297 1185573 6390244 1028113
2066369 2972304 1319205 3540219 9912827 6636567
510401 5565565 139724 8584490 8021955 847143
6980043 831957 2185322 7526813 7785500 9765346
682760 5009533 8407063 5021230 566268 3979441
6519494 1939762 5873826 1575580 7957585 7041766
5204150 2754524 7524942 3553518 4355454 9005966
1051247 1337113 4994271 6786473 7832399 4865950
925365 6272152 8868180 5258837 7886248 8977363
2618680 8613219 5053055 8345997 6893602 514477
7904922 8844801 8823438 9029188 4610350 847123
5949854 2129296 4096973 4181917 5839540 2274767
7823801 2804590 9325322 207286 8818237 7474160
3887924 3682996 6827009 8812077 170599 1296035
6613890 6330842 7334409 9183914 4918946 7001409
5393462 7946497 4817879 5733662 8382510 8285973
2805315 1822968 5448904 3221763 8172360 7593679
7563339 1735267 3383151 4622139 2653086 1460800
3545250 318682 3342850 5277375 761755 2447860
5191623 5292621 6823158 8146728 369520 279924
8052940 8771180 1431064 3374743 8432749 173344
4932797 8285785 5094623 7183518 7140959 3814980
5037588 5818935 2081941 6409712 6380452 1334270
4022702 7909872 5877688 3763173 9386645 6539015
5073385 3762072 7398024 1512518 4392825 4139565
3764186 6556862 2877711 8654617 9024353 7697777
5146199 2011995 7995709 4871237 8483051 9633421
3079036 1697543 6787722 1762104 810503 1602645
5048396 4107800 4536840 7737322 8032905 6998917
4764099 5315546 5706751 4949656 7690967 4215235
7179064 8200755 9500044 4273241 8107048 4427306
5686001 8325356 5181815 6129926 1450857 7018148
7635046 8854760 858862 8718870 6871348 246871
3043577 6276518 6781188 3850940 3486769 8901027
3042416 5810383 3961537 8377575 5413325 5158790
9909443 3487935 8253338 7938791 1824273 7159100
6500151 7644553 3024540 9486807 7865380 8031243
124557 8605522 5660522 2243439 3246424 9101550
8333818 8879316 422596 2470188 5582023 5983200
7534465 7736234 2604550 8103298 5178694 9296161
3568959 1461519 2682117 216318 999207 3826141
1434316 7939827 6058293 604604 8177795 6747507
2270230 1783773 4989942 5346641 9579578 1293234
5082059 6869599 4100334 9626138 9355767 2505572
756727 6715110 4550869 4674520 2574571 1788357
6292667 5066816 5598859 4751040 6105854 2998222
5709353 6521937 2377430 2149421 768467 1975313
1097684 2334937 6804802 5774643 2480657 414313
7915480 5186697 4219970 4786524 9859547 5523606
2825127 4861513 3802770 4523298 2228984 7353644
818718 3866037 4910721 6016872 3612531 5647092
7849073 2688266 1596478 2959907 5791379 8091520
8093148 3797782 3194984 2158177 8747692 4662278
6919344 8060008 7626961 2118156 265213 5983113
5807635 237831 7346873 7391117 7264471 6798213
3069782 6971219 9834501 8913587 7617686 7445218
2325725 612257 6055210 9292826 3192784 8192262
8220243 3640666 9970097 9986831 5081057 3415459
5476610 7968645 4653435 1296114 7140142 9726828
390681 3168881 7239124 634758 4986174 7170085
5057144 6166284 1139245 9581506 5012426 2692418
2290103 8142915 5130329 1431632 804789 8570292
1231336 996725 5317932 3535173 1909000 218267
7526090 7671869 2291505 5682841 3346557 9851165
954750 435284 9774947 495403 2483300 4362648
813466 1560785 4356788 9313447 2466851 8629245
1027386 3258210 6737753 3683549 1283512 3764913
9411412 6069562 9224885 7468612 9162889 8751805
2749240 747064 652976 8472859 5111442 721898
312796 2343033 7777068 1337462 4583885 5705244
1571394 7040452 5938581 3806177 7893159 2554568
1926740 3042670 4387868 3252948 6130105 4290265
8848569 5365179 3008384 7275262 9302925 1590953
5663550 1590914 1692142 4274507 5835032 5006238
4086878 9419789 8700870 5673457 1150468 1461112
5701195 5950114 4778044 5693298 3983057 1484064
2523853 1363070 4722404 570781 3867604 9953032
3233891 1973125 4945687 5138727 110657 2775026
9527441 4441734 4933401 2245456 8507222 2731152
1896104 9970088 4162129 2705488 7863077 4504440
810613 7961629 3027117 2135403 9371435 8888259
7576705 7821643 9082345 6978744 3976388 3708217
1915794 8849120 5722035 8208701 3955854 3064671
2718228 2169968 9756717 5533186 2604068 3640826
4209817 2847677 4033875 1071827 3120212 6893916
5052741 9884266 3561670 1600365 7238774 9573488
9733925 9304958 2366322 3550361 5184256 2964461
1618648 1860814 6300590 1145135 4231896 4493203
6425047 543323 5136100 8653627 7942054 6504622
8529447 8442842 5853834 2510139 4519843 2424737
7395309 9801599 2655321 9532501 1417473 7061029
8822698 2405929 3204824 2012312 2101377 2777341
7805877 4864645 3166097 4887824 7671131 4767974
3319390 2930796 9696227 1048384 1969174 4317651
5274280 5062307 9538563 9904152 505607 246672
7834510 7802848 8775532 4961489 377967 6361684
2613760 3605027 2826806 8515251 7084104 5942875
8937455 6255854 8126407 5246337 5886104 7023906
5588411 661565 9808861 6892381 9901683 6189326
5477635 8394374 9802764 4901868 6966932 1412553
7521771 847437 3728486 7157949 9199068 9113679
9059347 7215366 7287891 7900961 1545403 4481146
6297319 1899462 9210343 5396564 5753939 6107486
3708 3060824 7126040 8395265 5944801 5325988
2111684 4326811 2002872 2974226 7490846 8231844
7625849 2568781 6134855 4401518 4281316 5854726
5837582 1069802 8038156 6692818 7743370 9742217
8664572 2688383 5805983 7438619 8966033 7378179
254336 3511862 1268697 1651251 84804 4882822
3581769 8972262 8615941 5922858 8262291 3733803
7656829 804109 9972093 8924914 1488324 2390872
6195342 6337065 2361624 1691955 6237471 1996590
136486 2188287 995507 9472172 9629043 618305
9881499 1598218 8351409 3471786 4450630 917232
8517459 4490982 3541357 5944911 4418550 5816620
9403028 4222619 5930464 7915997 4200349 3812770
3096367 4762623 9834026 5495903 3793729 3116015
6004407 8033193 6880984 5626115 136861 1815443
1400658 152877 2080226 2290530 660606 7916310
7931077 6999134 6028320 3353913 262661 6436694
5714788 9442641 4091840 6579492 6073928 354708
804707 3639724 4964491 6616651 3794407 4902225
6526787 3464948 7839993 7776369 8047084 6298780
5399770 2168063 4085583 1122163 5048857 7889711
5888464 9322729 2698652 7653345 3587248 6188495
1075741 1960829 7970088 134830 7619727 8267643
1612494 5250561 8998979 854379 3388810 7003212
7180214 9157441 2761722 5044835 5041467 6283131
2450066 8414559 5426677 3764518 7776597 3720221
3870207 3677873 9651331 8731321 3154615 72802
1885893 7048892 3093070 9180392 8561687 3780271
739514 403757 3907156 9226182 500099 4185871
353886 8913893 9986206 7742099 5100437 3820533
4935368 8100681 5078730 6993281 4519450 1399360
9264715 2296642 2062666 5972422 1539208 2742183
6110909 4666635 8053662 2455731 4983191 5514447
7412986 9533683 7791101 9593714 2207347 446469
8129282 8361540 2469827 7635629 7509923 3568511
9746628 8084959 5146741 1053450 1896168 5585308
6055038 8979640 4786268 1069726 2412964 6980430
4706424 9932006 6936357 5333788 3952516 3550384
4693928 8193327 1040827 7921313 3086037 7642944
1993376 2590819 5864752 2602164 5733926 5203202
246099 9452638 9197335 3769048 8724908 4661441
6111683 9106117 9350655 1428473 3068778 7348344
3884687 5091553 2164908 4598603 8613083 7135855
7987061 7167928 1935904 7410407 8479603 5603522
7948716 7333407 8919937 7903540 2206752 2316972
6679630 1833399 1638655 54299 536801 5700481
4615401 664714 2083617 7989992 8691271 8113183
5248607 5432186 1917186 6460198 6876356 359858
3714725 9064472 7451543 3299755 6061573 7385453
727157 8264824 1247042 4639450 3751990 1388982
9989409 8674503 187977 2645575 594955 556423
4895395 8446003 2861781 778166 4118881 6084791
3701008 7422811 5148899 5552226 3572625 5214141
5570687 1945219 2712488 9575260 4043868 1179802
1916313 6908441 7484732 2666219 1100396 9035389
8617684 5984509 4126665 7335939 6851745 5588140
7246577 4491379 9802356 2010933 6285904 1332901
8749847 2854123 4130834 1070644 3463594 3987021
8364756 3119074 9156177 5246271 97106 526590
3377922 9912922 2225373 4638201 631437 7327068
1281821 8221703 3306921 422296 2115009 1703154
6938176 3307486 9974475 4520422 6258783 1709613
8764272 2172235 565116 9750753 6843369 1151882
7677886 6879266 7300327 6729051 1344730 4206981
7469198 2370209 6699504 2190130 6748271 7687054
4136899 5499447 9204774 2889300 4247105 2445708
3806273 4776412 6891529 5180570 5562535 1380252
6554413 5986947 2995946 2070999 2961388 2660209
3914873 7992496 6172646 8815440 7469290 9231391
4521806 5614943 4568714 1454079 3637354 5082262
6551022 2625838 8922590 8287333 3942908 5685197
9342386 549120 7485398 2434859 8373388 883158
9261581 789258 9246837 8364471 3507227 3779735
4210095 2706117 9454292 693591 5871473 1246047
9487477 3549977 8968014 5985495 9375215 5130428
798052 8042690 60770 2189424 1422489 2050703
2662827 8101752 182830 2123099 4757166 3690352
417518 3949594 4713819 9710881 7875907 5215266
5348000 8418760 7133582 8237353 4792475 6298788
889066 5671930 3182313 6820906 3687339 7216300
5289927 7622337 3819621 6456059 3854825 4955758
8077951 2914733 7823907 4042176 2525545 1574528
3848291 2516335 9710962 6457848 1344519 1339629
9555723 5563920 3697232 1887992 7502340 8072433
3698155 5491164 7825543 2350796 3325025 8384675
1999968 7070028 7587142 9326376 2258799 1179362
2241549 1020110 5441164 9122444 191740 2787093
1563404 3057712 3667602 2799741 3983848 3532287
4094087 2225804 7840373 7328953 6787848 1003423
9916150 5151641 1329516 218566 983662 957333
5723804 1065432 5706968 4083988 7064325 6262485
3120026 8790955 9788525 2672930 4121909 4732301
3360785 4163926 8009132 9281835 9032366 4205709
2878862 4786627 7390644 2836033 1039013 3143074
6264991 5642524 6250045 4068844 4345187 4576963
2537864 8298627 6963261 9373804 5562561 7447099
7384242 4302404 4340556 269102 1503140 1585755
2591210 209038 3339036 2578785 2669203 5960371
7064036 6375917 8018767 85035 5597908 5666469
1319249 2078738 6144379 2629637 7740704 4397352
1025393 7881313 5215586 8904013 1303443 118410
5466377 670803 3696153 6182273 965075 3685327
8212929 430327 9765469 5918356 4760217 6038227
6197849 7960042 8523645 1413365 8613107 7831894
7121943 6181417 7090632 3733869 3353268 1693740
8382433 8308850 5604642 4821770 5358377 8672229
4525531 2139244 9862500 1911269 828882 9239894
5377367 9245728 1110647 2809086 593461 8711444
4979803 5885682 5995426 1536142 1421284 7000460
8761711 816329 5233599 3821539 4216884 1348430
7510404 171755 7297587 1642634 756287 8904115
2522201 3413736 9980544 5016088 951329 5670652
1263863 4738202 3618957 3203683 3322842 5357494
1581857 8109684 175206 2174327 4559240 6267336
4825473 9915489 6705846 2500330 5357867 3479090
3299917 5600489 2774258 9672749 3868917 8459410
5081484 6985021 9367992 150100 2243509 289211
9432747 6687529 9043648 918003 1139704 9512762
2695774 3725312 7598549 5218141 8279322 6258086
9890898 4554483 8141227 7909982 8088782 5503115
8032868 3648592 7212592 236009 7562471 5339029
5609061 2915940 6934902 5799867 8370653 7448090
7280852 9521910 5044019 6881365 5025418 7660875
12273 859635 3760843 7442300 6975223 2725961
4870090 8060858 7071445 7035735 793026 3752059
2433054 7686318 5088436 3717638 4373739 6416732
7184736 5777112 3329341 8862859 2960480 7291019
9541804 2913511 7703469 122911 3329016 4957563
1390732 5862897 1960171 8066907 4169899 4813340
1465180 2592714 7690730 7397875 3632556 3011443
5756855 9994388 9397003 75297 7478051 3055175
3280268 3976937 9411039 4209872 4632718 86534
8901199 1933124 9603550 7994020 9297628 4223322
778157 1816758 7216175 3526805 5599542 6755236
2171345 6145656 6192076 3687699 9069180 794917
9038379 736365 2491859 5212951 1933155 2005036
9997428 1194493 8229466 9912883 5357668 9571300
1244143 9360946 3780828 8461659 253453 5688945
694225 3690723 1448488 3450421 1648165 4387173
279041 9326652 6306202 6278739 1032416 6697523
4445126 6067480 3359302 9220740 1849724 5877045
2319094 7384822 6191759 5150367 7374766 4413580
1131720 5120104 2836739 2762125 130637 707772
739673 5193677 7514095 9671963 7672891 9054356
2696163 15363 7751798 1933701 6342424 1397303
9884641 5946099 2932704 9684607 9850556 4253448
8949465 211607 8611264 6026258 9454896 8951912
7494089 7479946 4313235 4875205 1193128 2593412
7194847 1711156 6752242 2787243 5293687 9454655
7365107 4338163 1657617 7131020 1823060 6492193
7747310 2035417 4369096 2587539 5229850 5391186
8707034 9535712 7025174 3442195 4260538 969905
2057757 1222892 4192196 4144659 5262945 2040356
9580526 8902449 7095980 4976071 201135 3971612
3570085 9335513 615953 9945917 4477438 3688540
9748697 9140987 773690 334259 4335819 543237
6816858 2775325 6646233 1856240 9198787 2771684
4187524 9198699 2444630 6488625 8221106 531158
2271251 2456199 2059652 5686381 5721837 3139857
6298851 6541573 9391452 4450928 8450084 9691522
7221766 7558578 5156286 1549151 6123652 1488436
8132522 4903519 6733155 7097452 3469932 7270844
3448963 4491934 3447493 5091258 4885309 2907034
2518661 3715307 8753028 7512798 9903660 1067389
1381370 872019 6485558 4487882 2046147 527766
3330898 6472574 7988630 4240127 1724664 9085007
2671736 4533956 3604322 1689267 8088408 6266195
9795634 5912850 5378864 2210644 7130468 6730123
693901 1149195 20100 4070364 2450071 9914174
478275 1957804 9061384 8787657 5716776 7551328
2121768 2248913 5091568 1548549 2931351 5290636
4701653 713631 9590905 5560675 5530581 2660378
3018205 8133554 9767713 2530332 5057234 5348359
3519840 5282193 770877 9745784 3002228 7069371
9817284 901309 7944198 1408019 9092986 1032613
8857908 1770698 2943742 5329288 8831613 6862622
6626636 9829321 5414000 750128 5862925 7959419
318476 4001622 5645449 2487047 3723521 6717029
7558549 6563371 9905421 1815128 728863 2004249
1205543 6778959 4367812 4077326 6807498 6107660
1883461 1723536 3995263 8737482 9278921 3769080
2411051 2786216 2686971 836239 5442843 5062990
4185452 5947922 2228993 2994829 4081601 9428655
9223061 902 1753948 8864494 4340570 1791339
3233425 3863901 1629146 9771032 9897085 487524
2396354 9170351 6919944 921673 2414655 4128951
8939444 6373745 22310 1062690 59800 4966958
4013137 3957737 1457868 7502006 6857487 1555162
1431665 18171 5287492 7822542 1160192 3424954
956940 1499617 4247141 2606839 5405392 8046563
7044304 5796184 3258266 3532699 8844572 2521019
3240690 8798286 1922794 8344623 9626466 3049036
1320943 3420235 5380875 8139863 320702 6749587
6558921 330 8683375 985477 4657099 1470039
7801537 1426995 4178237 5485876 1262220 8736567
5910147 1330624 2965606 6780053 7003173 7353915
3515796 5858587 8286980 9298169 7798342 8429933
8861437 5747907 955739 3281345 5125927 6074725
6143473 6360105 8737334 6172984 815606 3122060
7241435 5860345 1472222 4082388 3523067 6711954
7863962 5257003 867679 1603976 2540865 7058573
5064656 3141151 9636372 8296260 9327339 3019407
2278967 6370583 8663450 2652430 9733405 483943
6649551 5442833 210778 4908536 6687027 1649535
7740176 9762989 2555197 5545783 7777080 7449690
8632625 6127521 9840019 5967485 2212471 4952086
4750689 3540482 2554094 1389930 2721852 2111961
9299430 3523682 3923747 7026989 7000677 3643428
1190617 9677125 3864515 9042767 2715708 5947292
7850704 352901 5104537 1441644 2021417 3595016
114587 993840 580154 474479 1001216 3189804
3558702 8448774 5650303 2717868 2073999 9867720
3582381 2716859 6350765 4680367 8548939 1388440
3349783 8671035 6264830 5893187 6646367 3505809
4382311 4562116 7979729 2855875 7578136 7930420
7036772 6491931 8611024 6031394 3589875 6192013
9658434 6404680 6368813 2521086 501509 3639714
3298489 138513 2691219 7178795 8174346 5780543
69078 777561 6306817 6972133 1716065 1159156
8547916 446198 845932 3576509 8196504 2941127
9834102 6696640 8816807 6058388 7392213 9405469
299614 7352652 1064455 3824783 9424709 7262013
726544 9805537 7931454 8987545 6662208 5933529
4813876 8383526 3542775 67650 7392484 6436328
5285654 9529159 426273 5854705 645544 5294615
7192650 883285 4483795 6970134 6612669 9480876
8578674 322337 3321211 7876313 7591729 8368512
6130354 1994721 8605043 8010034 8732374 3462407
2580465 966650 5807964 6162136 2029442 7089295
981786 5727597 6205967 1294483 8570286 7994037
1856463 6960715 6194994 3581505 8184780 1087995
7060340 9349475 8290756 6775270 2641277 9894724
2135917 6719023 8641371 3307323 294129 675367
6667568 7305269 4120934 8732329 1103188 8731849
6977243 3435818 6123728 5213140 4478890 964996
1225096 9469089 9239618 8574404 2483533 8848206
9331907 5117197 6692702 4035123 3767550 4133401
1664915 3505621 3565883 9822982 7342028 3811690
8870037 9188937 1358166 1241028 9316383 2296529
9175131 979428 7724747 7293948 7322540 4931173
4975068 2819198 7466551 2229591 8330420 2358499
5427225 4825645 1179841 1298233 7314269 1186119
4227516 9927199 5123992 8113563 5741770 2822167
6622863 6213084 160015 4462679 1118533 9147148
8872997 3123517 9643246 6185885 1508917 9447971
6636612 7817562 6585749 1138451 5701894 8778182
5856311 5094806 3090752 6036987 6975366 7574447
9120213 2475319 1103554 790387 8446553 5301795
7668841 1676073 8858379 3593570 6033076 5593947
7485576 7118150 1876848 1595678 3068414 4952383
6117142 4017350 9455577 6115760 4907588 7263061
6690169 8134615 9868639 1937227 2588371 9654307
8717022 4421133 204391 1689395 6211617 2438081
7198198 1561917 9124901 1751771 7538340 6726831
859318 3749319 8801543 8777657 1560643 3857476
5504555 8926703 547151 6570001 1902855 8283746
6321492 1627489 6596467 8086138 7081691 4255559
5550772 8777422 3784199 9936993 6842633 2853511
543732 6112705 8394799 1612610 3874855 3442546
5747095 5625343 5393681 9037615 3205437 7842424
3193492 7262017 7606790 1881579 6351125 9687494
9181879 1805643 7243006 5566881 5002055 8975873
7756026 8968273 8618286 2740396 3738249 5813266
200698 8797359 471329 9801234 6082033 9661629
4415304 1226546 2437600 425124 6325578 2349633
8132594 8234909 8952690 9033348 9459000 4506692
4431824 6837652 1409189 127363 744128 9594362
8789465 7577629 1756964 1779978 1474989 4413123
3036021 1219895 7067677 3091989 4576301 3751591
5625635 1102608 7014926 7963910 4806729 2158627
9031265 6659430 6210235 9736244 3220507 893621
395571 273187 9574231 7293839 4951805 9122059
8262771 6622646 7103137 5840336 5803666 1189693
402211 4821854 2102347 2223395 5056680 7581770
7852360 9973345 5604787 5070567 9124671 3467260
776654 4859389 5541642 8459072 5669802 9360142
527703 1022978 2948536 1527160 6181529 5673625
1162828 459858 6434782 1256801 2657775 4876774
2191910 1541178 537454 2029351 1153073 5301547
2337541 9779798 5493920 2743751 4426776 5774340
6043517 6747590 7521858 563163 8297670 9053854
1503631 6451595 651348 4241176 6048860 9359478
8041289 2131172 4193155 9621924 7678743 700124
3828497 8841104 7680141 3386688 8712390 5203954
7067527 8535397 1269496 7289397 2380994 2912891
992038 1251235 5637525 8131713 8020368 8752229
9772595 9692071 8892589 4004648 7274989 8790712
4319401 9309968 3481747 7812391 5899355 2705399
4007236 6638136 1464597 4013395 563067 4185362
1991584 2498290 4986858 8833301 9940299 7297377
2306084 8296013 3551632 3421016 6580869 8819831
3916866 6272240 5668749 4957977 8860543 3569129
6428099 7072951 4891704 7855598 1525877 7740582
7994439 1135551 392695 605058 8823388 4498676
642153 2002079 6881273 9965323 8205971 8348483
3986620 7038650 1176205 9417257 9597676 2885873
6521387 5264244 719248 2517515 4340654 6848876
5814817 4969614 6939835 519372 5852475 3123491
631737 9472823 7529473 7487655 7671418 4674566
3077847 4304059 7211529 2733269 8460124 9668888
9161366 5991303 7309096 2657745 5129665 7226794
4726631 1090482 9731038 114772 4262343 9508786
7206018 589884 9256692 1198205 1534189 4605126
2669680 6437937 2033723 1664722 3642710 3297894
132560 7125529 6324801 9915027 263658 8302210
6282045 3326100 4679029 5132133 5280501 725325
9059261 7458305 16751 9724298 5111190 4012296
6138940 4931081 272543 6658952 4673669 2804288
4018429 5009223 1274040 9554631 3101426 286749
5263754 8786461 507735 716062 6406893 7336687
3155713 5299328 1366637 6303321 3264156 87987
4524880 7625733 8872357 3130729 5664422 7668815
5396123 5077025 7896186 9291450 7659103 4910666
1421241 8973491 1026934 733932 4305803 5158969
607403 9862457 3472609 2814777 8284576 1124692
4561489 2683479 6518571 662462 4332007 3671031
494025 2471429 5292407 6178913 7518896 7612450
8867693 141 8712637 764066 7281930 6187774
8434553 5674441 9623112 7846481 1725700 2598520
8941386 624851 5253628 8091310 1830106 8642515
4306901 8136140 9724228 1960660 5093080 9510364
8549431 9567728 5350617 8674494 8048946 2371088
7889193 2402869 1090927 1477779 986185 9598715
6494354 2101256 122963 7080263 6720953 4975824
961950 25715 4353995 1778815 4639776 2123052
3475680 243273 4844237 1619200 7184590 9699137
3532679 9306042 4264899 171914 9762291 4915598
1962084 9565808 6805286 8682116 9813133 8524964
6089046 7803030 4503985 1490258 6751134 2820949
9033403 7798005 9906197 6778915 528579 9505098
5733562 2580630 6550437 182369 248721 3294379
937095 4542625 3185953 9419959 7870804 4588328
8961940 8188016 2931857 2930584 4176148 8663440
6851520 225415 6085326 457240 6891375 2756847
2096723 426004 4933006 2290586 3761931 7234490
8285080 8732460 9200424 6757160 2988948 1996373
8701180 161832 1606647 9300915 1888839 9080734
8606515 6664923 1330666 9523003 5592397 9150746
1449388 971381 4150994 9547033 5450201 2605302
9112992 3607692 1647837 4651290 6171287 4293844
7502214 6649328 1138163 9776929 1574780 6310645
3694464 857970 5886801 2096429 473590 7122105
750791 4883 742944 7569664 7956684 4734503
1833729 5438953 5291814 8799182 1085394 3403402
6732429 3350807 5427793 160950 7172208 4767956
9902511 1646641 606605 2000842 1653126 9183029
4888611 9790703 7744672 6937165 3287781 3492839
3170328 5804929 6532265 9465114 8708145 6912148
4757552 4267380 7717351 6900811 1559435 4132531
8804852 9819421 2266884 9321096 3415437 9337279
2320360 449363 3131827 2973226 7222875 6932260
8697625 2850584 2187637 3566555 3742793 7735961
3068623 5436849 346247 9806541 3413693 3733043
7884605 6878322 608768 2201142 5730490 90167
1738909 8577235 9133408 5271588 6226192 3015048
6054795 9866419 4685927 3059536 8468424 4545142
5420834 2223147 8653711 2174623 4625134 856478
1664603 219252 3470607 2124846 51195 3110874
2091495 3850616 1110282 2218207 4306304 8698096
5376446 7725692 9230764 7488563 1144135 3430353
2302378 3624256 875130 8900324 2181021 6567113
6410670 5550153 632593 1754994 9054033 6100985
2143619 9797268 2743670 5330770 8684717 9129236
5083587 8555770 1882811 2883548 5861712 8526939
5498973 1835698 5895930 7143307 1023793 8565656
9197324 235949 1542099 7108867 1656462 8306142
6697932 1283821 9429443 4410003 4953998 8862989
5138636 2103616 4641822 6932513 1389781 2443351
483996 2099765 7151511 1593200 779530 7711169
7061990 7141100 4612009 6065995 4972673 2266970
5415314 4875463 8380070 2998139 2375633 928167
2257847 6664048 4450533 4531467 8041909 2937708
7165335 6444483 1205619 4883686 3136202 2436066
3545897 830936 3133017 4501985 2420387 5375604
4639921 2863847 921348 418489 9664785 370190
9852158 8312739 1046324 1942897 9034224 6543588
5801247 5516251 4639851 9312277 8678019 1846152
1597003 2744606 5354261 7926635 9220763 4499604
8039808 800842 9672716 1354998 4117209 6880641
4115329 3887252 5572432 6346860 4200957 6972332
8176730 4310260 5135861 7165974 8405903 5833844
9575680 3855691 3812107 448699 1134318 5652925
2231411 5505508 4821842 9319893 6209617 4358080
7601338 1580623 2729244 2631253 3264653 5539393
1754505 6327952 2519475 7979170 9818469 8737890
4881445 7428800 9302304 4803500 4153183 4693571
9732507 4919614 3018756 4945960 8854743 5199806
1648439 4399908 4131157 3093865 8258590 4441173
3363964 3830282 6055772 866761 2713007 2970498
4682033 4144885 6478356 5224578 5894273 7487782
6123323 8605753 9980067 6105632 9199358 265315
264844 5662520 1609003 4935577 9560643 5582193
465198 9474738 2694091 2432182 210172 5269539
6912016 9969371 7637988 6990843 5319104 3339157
1770548 3470000 8192809 8302459 2228080 3580532
22777 4303825 525161 256673 2117854 363833
7994304 5094601 8153701 6760469 8048405 9057950
1096684 6481033 5046916 7558274 2541385 6870222
8645837 725246 150618 1720523 6672187 3343341
3695741 6225802 3129007 7294981 7503298 850527
7947690 3238454 2470017 1220225 2748122 6951632
6219288 6117971 9607288 8641816 2020726 8332790
2036695 5609172 6187680 4884722 9165569 2532192
9051773 5461196 8596081 9102629 2949503 4027524
3604391 3095257 8731583 4020341 3150591 9877419
9412478 4717317 7749811 1735209 7482159 140673
2606427 5094970 9709982 3496123 1616082 9697772
4854828 1517189 9194956 72354 8027058 9549675
2703119 5192586 4914795 8568091 6222060 5533781
7960960 3950443 481641 4953429 6420731 364304
4307093 1933395 7128050 9871933 4740084 6988786
8752522 8022723 3738378 399827 8055083 1440672
2174868 7579909 7915130 9896655 8544325 5905291
1694799 7517561 6292596 1585847 4982533 3844221
4054692 6472443 6181628 6841795 1401841 8044036
4967945 8724621 8732768 3993206 6600046 2714866
5307859 4146991 5205916 6180749 1566084 6074694
5482878 4314205 9721477 3678112 2869509 7140752
152402 5073495 953611 9104107 7342728 6155778
356908 9035580 9247557 9228278 3593589 4280820
1493724 5187682 5316536 1815877 8428389 9384084
890291 6475587 8710133 9703631 459022 7494771
1450822 9604195 275730 901767 740421 4867489
2361798 9696583 5263619 9489667 630421 1170976
5738562 7315761 1412992 8243576 6900655 2469684
4240592 5954220 8639411 4658827 1839377 4006229
4085434 2442848 722640 324396 3292473 5973247
2401449 4211141 3354057 4905132 6937438 4147555
4374406 3920301 5059738 2319382 6693071 4790501
4767985 3076411 9752880 8778857 379711 7666394
4870969 1642907 1970561 2304600 1336728 265404
7547676 3940729 8605264 1001475 6927987 3848673
476108 5009064 225950 4560343 9071127 9518949
7856474 3456586 6804074 4570236 908426 6669641
4331189 6074568 9131898 185927 7411904 9893996
7560336 3143785 5208726 7737749 8214563 9171039
9353078 3861641 4169670 1712385 1376393 592556
3834322 3739370 3603858 1437812 8096983 2781180
3704758 748907 9073095 2482634 6445129 3684032
2514696 993529 5816282 2417496 4105080 6173195
2145132 4180531 1737720 4450674 2279596 1532255
8026522 3923270 540839 9715250 6525087 9360051
1144612 4692011 2873168 9939249 4475053 8120744
6446137 7870740 8233830 3151386 2381843 9468927
7816738 9962294 5177943 7680469 6886934 4037886
3567337 2229961 4528411 9093433 4644038 5825645
5544545 4499777 5679662 6541422 3846213 8977023
2095750 6043688 3359382 6695345 5298025 6248520
9537988 9900112 8880005 7942446 1028549 421849
721798 5641840 7965573 5643548 8413 587536
1116665 4767910 6914233 5669751 6319372 1791778
5216072 9417916 5831368 4288478 9471159 44392
4822593 4838296 3517591 6004681 6733878 85805
6551483 9326059 1071977 6049126 6348662 2089370
7235706 4883981 6562312 5640563 7144457 2337073
1312802 390078 1705738 6057547 7355342 3910203
508455 8600270 9002863 6357358 2743445 6043671
5317779 5843163 320539 6950336 4484172 1199703
9427907 6680458 4786912 9238296 5410191 9183306
8126738 1244179 6684737 1566716 4106214 492336
6203632 1170386 875700 2971227 3050258 9796794
9006176 6741054 7675945 2905436 1940729 9069655
2079624 3209015 7410442 894136 7594093 134387
7169419 9274162 5104778 8013790 1754495 6519649
9918387 4386138 5727005 5348862 5561362 4701155
5109906 7443583 1021441 4002798 7772932 4299365
2358641 8255691 2540781 9947075 8425143 3215773
4976026 8446462 5545315 8149056 394299 6114655
137550 8888092 6420495 7696838 7367231 4642331
8692305 1030929 4259804 5313638 4647155 9533657
378947 3602621 8733413 4371749 7812672 9927971
8638760 4129813 9880244 8689865 5200681 7791099
5249800 6046783 7164634 6629537 3529550 996677
9450655 802753 3958871 4509868 1398904 7446692
6990916 9704807 2409010 1553389 7073019 8800539
2281352 3538139 8461014 2933678 8021998 145400
6898427 81926 1878944 6406321 6994194 694729
1149108 4918710 2567910 4272757 2612397 5157274
4625276 9312190 5582187 7547556 6277736 628193
3193681 7957940 5740915 3580265 9220368 8910810
6987961 8039546 1196545 503280 9933363 9908312
8795302 9584625 6570903 4180615 8920428 9381766
3948853 9622230 646764 454610 813955 4239396
3422070 3262022 5522975 5095699 9124672 9676783
5240315 1968452 8394588 7040363 5548218 6417571
441555 1482236 9946612 3498856 7148125 6776642
5297710 2331952 7189120 5358133 4583429 1016327
1187581 2407266 9628282 1949399 2616751 9890762
4812003 9742376 5148642 5128904 7965496 4043255
2338710 9170940 5164553 8335842 1867864 555934
3176755 721350 9062692 2427462 2643598 2274379
972343 3065362 6922656 161900 1974942 7905602
7910477 3322294 1950190 4040302 8491938 8230327
9705497 8406076 4511911 9574009 831542 8328797
2165163 9626943 3948138 9165161 6775233 3827513
4047092 396740 5907950 1487749 6832171 7618974
331520 2653217 9262335 3765916 565552 7926768
1555323 287332 1893443 4762197 8074631 9985523
3293749 8984693 392488 473915 5542065 318535
8629320 4617014 4594784 7655748 944060 5764608
6652041 2210617 2728931 1496699 2507286 5978655
1947864 8404105 4521379 320254 7758610 6447702
6274360 6436511 1679718 2014934 6916193 2758257
6251868 5936731 6043956 3055740 6842539 545522
9838073 1482064 5403217 9229817 9785641 9274138
9609910 1268352 678938 9047187 4229567 4366218
5479742 3272575 1527835 4051131 8003759 1804414
5059668 6001335 3446659 1357030 4636230 2458363
6574098 69503 2599816 5846485 6125861 6143081
9336980 5343585 8839853 8215681 8872453 628547
4481813 6626803 8617784 1962116 1887807 4739068
6518333 4887417 3110561 5206117 2097703 5858310
5137987 3385788 9874490 2606036 7225494 3007238
1941374 3290467 4125268 3660439 8189305 666415
8194539 4016738 9600617 7518512 5489294 9626014
2122318 8698230 1582164 2953578 7640455 7893621
3785033 4631825 6334575 6168913 4645578 6762064
7722542 8921432 8417042 4140858 5405576 6447327
3059982 1279642 5971997 5739220 7507173 6064761
8007782 7080766 1242791 5126932 5132075 7906510
9421981 8235579 718053 890244 1638672 696388
2819227 4870136 8787049 1439773 6052345 2350362
1622051 4752171 1555502 5648767 5675213 4783198
7690200 1953778 1444124 725065 4052443 7823592
407023 6758839 8749802 3719374 614300 7672186
1111952 7985312 5201955 4800019 3334812 4430769
429176 2885755 675817 7657658 5304225 1267563
9966411 2185528 4710148 8216258 4205013 1743037
8568605 9114869 9780442 370886 6341271 3398687
7149650 4120085 720612 4221363 7943553 8251499
4577359 3365133 8800910 593977 5114426 4984958
2270776 3941436 7812969 581533 3856588 9216687
3882727 684395 126584 1534519 931057 6172671
1802513 3319856 1787931 5042378 9339492 6162213
6678398 2034833 5138989 211329 7336271 8243242
520938 4901507 8847242 7869814 2304177 6477145
5652942 7282227 8015346 6062154 3846842 4207947
5272393 8470229 6865474 9136808 8966029 5480990
8613523 3750564 4299892 9806462 9524232 1167531
4159300 9027852 1148845 7915083 8832391 471901
5186791 4852152 6749127 3596193 6639871 7051403
2409910 8703444 9032158 7651418 5274557 7151948
355326 7409721 6991714 9686902 6416877 5226341
5090219 67952 2337766 2860975 1047862 1025809
7579784 5677664 341607 6043434 5910102 7920708
8696207 4496709 4793286 4380004 1864363 6072039
2967538 8351719 9640155 5027066 8738293 919948
3647356 9338041 9202049 6980011 2537650 7222999
4954236 8222730 6519958 2890647 4840767 4063567
9154221 1829681 3774107 211438 7030889 1115006
5703803 838647 4242306 7796586 3676809 4004529
6084006 4300751 8080160 9042457 1485038 4315275
1578960 9528836 1833410 3187909 2642579 3104060
1197460 2836992 3983599 883142 6217242 6850700
5370024 7083751 833835 8668255 4727448 7593679
6810322 6537820 4104158 3475143 5508023 7287673
9293467 9946135 7781120 2505663 2345338 9471401
7860319 2041221 7608516 1507124 6703542 9715636
3087927 6349373 1812167 7777084 8941086 9385480
5944199 4435647 9516217 6172614 3930000 6515547
1390206 4255265 6019501 9307899 8799699 3333135
9296721 1855247 7061799 9225864 883759 700373
647135 2966891 67494 6445189 3937328 543400
2195184 7796698 4734699 356440 1170573 9367734
7638662 2193635 5184051 8684252 7552870 4307935
265465 4015322 1904545 1616859 3984187 7036310
1516455 7897326 2626281 1756115 8832099 8457382
4513208 7186383 4369911 7922104 4328269 9488166
5724503 9107779 8027035 3672231 5292058 9292533
7426305 7084953 4404662 94719 8047027 1959746
9050833 4655346 2074152 6322834 6120735 2807386
6051234 8831652 4141841 3445969 9187985 3476001
6112461 3218904 4592076 6062226 6124617 4991989
7119454 6004601 7194352 4681231 6061148 7496863
9827116 8634421 6305836 273967 912525 1269575
8913515 9086430 1065007 877912 8927649 5384356
9066139 7773711 229000 2485304 7297574 4242677
2562329 5699774 8061758 8921868 5846638 4760085
7638898 2462358 9222322 6944034 2916245 4166426
2724150 4038843 9077574 1787336 4190466 3124737
2059946 5443692 3029513 6774658 9630667 1284675
4869144 5155338 5009124 962641 3603707 2726604
9434921 9372524 1830693 6328506 2278965 8587282
9920093 8196521 3713187 1768508 6546523 1351241
5710568 6299203 9467928 4792229 1534904 9433285
2283606 9242836 2512994 3221418 4020561 5931789
9863065 4850457 4476289 1497125 3479781 4006109
564357 2514649 6333885 8232112 1112383 685026
2105488 3066647 3469030 5802762 7790829 1705435
4098938 3046223 8766734 3128148 42055 4486702
8664289 9942903 5700059 382277 2022739 459370
5848737 1911648 4045857 5834257 9736544 9622362
85537 1392755 9322481 6250159 6132398 3438114
5325870 9146629 4432801 6982942 5291156 4505271
7822501 9835064 7751046 7413168 7899855 8884904
9867283 1004795 863856 6737193 5309472 9028691
726839 1078871 3323873 2935695 7047496 9668085
3605819 2444738 5441638 2450075 2336854 3560811
290450 2465879 6100584 5159308 1777863 1744169
5500856 7986010 2928714 5209206 9483056 2183616
4908098 7899525 1472459 5049711 7044809 3603812
7220270 4831615 6320377 5804793 8007885 7949253
7242770 2880323 1886426 1017711 301293 7101873
584872 3384331 7404838 8083263 652225 7067553
6949388 2307984 75252 3833292 4186644 5915294
8480593 8820277 7062199 4589413 2218184 3640307
1339629 8775487 8164040 6295803 6493176 684296
5433580 5693815 4909507 2993944 2464361 3866813
4554870 9876565 8494468 9674140 1794492 8261469
41447 6032065 3785615 8425599 9149932 4124979
4882958 3441725 5058070 3669688 6118440 279486
1146530 9271929 9606933 7673694 6318488 7528140
5626804 233141 209994 6366046 9142271 3703411
709847 9344106 7871573 875783 2589426 579200
6521990 5160737 9967525 5042706 3227958 2701313
3679694 2246324 778454 9240105 8694511 1238042
1716158 8134924 1056505 2563908 6138070 2029051
3036318 5438464 25224 4042400 8406911 9686392
2362769 8238905 7275300 7480840 6495745 1979155
9102242 3905743 3438967 9122530 6451929 7625595
8802860 7113503 4394874 6716120 5764772 6224995
166170 2419107 4299871 7820891 1636765 3220114
4480031 5398454 8172155 8537651 3148792 2761604
5367581 3213198 8148219 1476028 6446596 4806491
1817071 9829534 4635654 9231212 3792068 4852316
138171 8209031 5000039 9519159 3976717 8309567
77061 9159499 5140668 2370213 9441101 2679590
9279235 6839715 4801572 1666586 7484180 8680174
1901593 5701814 7976560 2487501 3385699 130242
7345947 2065575 8115944 5395679 1879651 5176532
9965274 776302 9748348 1673650 2385828 1299191
9633851 9633908 6110947 5028591 5204785 4266450
2739855 2131620 7506895 8728229 2637371 2214565
1660011 7370384 6207330 8627602 2539170 7189509
68447 2921160 9167964 1221307 6333714 5021340
1148970 4352274 1694099 7000429 1124596 713961
3762488 4763890 8667982 5356163 4844456 6594331
5445083 3721242 2570752 197594 259203 6553603
6355881 9571814 8381994 4161964 8996458 1952654
2438820 5633468 6955122 7349397 4721235 4823713
7910559 8737524 3735322 4692603 4933597 8849134
6602545 4436232 256324 3624771 2710891 7567998
5969552 8841529 9050863 5249746 4606004 7347254
2434439 4209288 1144568 5251782 1535066 2348028
238081 8317 8170971 4371590 9622976 3061538
2294490 29241 3033910 7985835 2134929 1884872
8088795 2568924 837133 6772403 9929494 4751216
9424305 4094820 4164009 2361294 6985491 5060688
2698422 2417643 9508959 3611454 8417473 1725308
4879051 6753899 9476520 1154804 4305159 3843930
9558861 7163714 7444962 5023593 6753811 5569327
6866629 8206113 1712564 5432509 4172 4304139
4147445 1215634 2194903 9630919 6998525 3680648
3993341 5638771 2452090 7176341 4061716 2017103
5978862 1156757 54085 364045 7524453 8651700
4840180 4293840 7124857 1175919 2224418 2301412
7980028 1046797 1741895 4019691 4727889 5226579
1062417 5749346 7508653 2256214 2244560 1322294
7208100 5296383 9620328 9694159 7019373 7055525
5437347 2694796 6454774 9011045 1839416 7664754
5540120 7465644 4326022 5160810 8021139 8011326
8716829 4988033 3321819 695896 1290597 2432329
6261696 2097863 112706 7818591 623136 6301941
5963070 5435238 4270801 8047340 7945962 7104504
6465282 3822010 3582380 5268915 943541 3601570
8346001 3605173 1902365 7017697 187284 3584543
8295864 7313564 6926207 959436 5285452 9165124
4553772 660700 8810420 2999514 6693039 4447780
4109122 5299875 5252081 5456452 2305610 1715840
4208454 7568927 5366894 5058137 2764016 1032751
3635779 798348 2377766 8726606 8810164 5712572
3434261 8327741 7812123 2091941 3919206 9118980
4741759 5953438 5243341 83538 3818499 905122
2940627 68669 5678234 8301483 7264688 4681648
1763090 4732003 773556 508695 1959168 7888095
3363828 4785264 9749337 4682126 3938051 3817840
6671051 9943940 7449753 1777190 3835117 1993007
7137661 2927121 9931009 2278531 96275 5281804
1491492 1434805 6586114 9281216 4844245 154046
4122033 7779701 398752 5793036 9352668 6022206
6496984 4695444 5409923 729974 7213465 7669371
4055619 4482183 1795570 7294715 8476060 1335528
3482103 1477934 2805549 17199 3674428 3338577
6092158 6211981 8929123 9346336 6001016 5218670
1386116 6588934 9709053 8786628 6683150 2018031
4440797 4430589 2654768 3841678 5552043 7016807
7262768 9562046 3357470 7884425 619847 8521764
7529569 1011699 2436152 6688157 7387496 9006333
1761120 5629227 6447081 152783 9518652 9009971
5938436 6654415 6917259 8888343 2605153 7450199
4142356 2554846 3403272 2716501 1820484 5381809
1382579 6595856 2131403 3823781 8546483 2811002
9884814 6307184 3282554 9365648 187751 1782931
9431114 3490314 394941 3374772 5881869 8587502
1523011 6987243 3794672 5827089 629361 7216155
2117264 1712120 6825877 3434577 322587 6126654
3915832 9826627 4989963 4029158 4418174 2685451
4599179 5949449 6985278 9244473 1677176 1020295
9856561 8700650 7469664 2967908 7695137 6089503
1747719 5076207 965240 7500337 1197911 9355193
3264263 1073130 3218092 3729206 9868116 8330579
600413 2940239 7578973 1602715 8715345 9424154
205420 8655765 3074402 4195424 7224063 1520987
7883854 5858384 6757328 7221443 6793445 28713
3391009 3255316 727843 2976992 9054553 2889809
8370324 9477929 8624097 8485099 2194274 6976290
3626743 1541890 1975533 1802564 8261734 3131969
8529917 6636724 6865433 268054 6094339 3062585
1486771 7572656 1805475 3068796 9229322 7594433
3169755 4314067 3308290 9918908 1748248 6915587
5630051 8805278 9355711 7531939 8757865 561588
582147 1329993 4294445 7924703 2162598 1474560
4710452 5240142 7287278 1439337 3228349 3823657
5497247 596452 5334989 1687340 5082497 1856904
7317552 5768575 9710778 5984924 8515456 2788905
8504152 9549499 9027827 7798692 4578313 6882961
7011370 9617715 9636814 3401777 1263731 2265531
6970423 4858021 5758451 7585904 7731199 4487485
2845606 5303156 9576692 4084896 4229611 2264207
8092268 24028 1995757 8392915 266735 8546485
2597125 1837040 2861662 3466491 2500167 3202912
9237777 3961216 9973781 1609569 8078252 9640601
510156 8450543 5631116 1572038 353303 596813
7643733 9372883 3405611 2843367 3111322 2062494
5257593 4328734 750013 3198188 5513272 4421143
7804240 5952071 8179161 7677307 9223494 6228111
8526158 5850540 349771 9263552 4654865 8396056
6090747 7771068 5041711 9584197 153739 9739943
3466404 1151473 5741146 9943975 2168954 2025330
6394369 1244988 2672158 2512576 4025777 1285454
2803285 6760327 4068255 3268398 3515912 2675788
8193022 4663813 2098599 7621412 9325417 1277441
1485807 7846677 3691980 4220310 6122479 6451199
7743516 2070523 4056027 5895071 3933894 6855937
2094716 1845511 2249628 1016529 2968993 2411656
9432068 1764095 9715808 8860111 2706172 7917712
697229 8097757 8208008 1967927 989405 413724
5482145 290028 4565506 6470903 7571069 5605468
4728211 3346391 8919712 1760842 6686476 3424328
6109931 7055054 1036861 8523592 6079403 4309494
6497515 3914095 2114983 5725233 3193663 471489
3588047 7164188 5961444 2379307 9906900 9886499
2991619 3203016 6105410 5904914 5670287 1336173
517561 2847738 9846169 5786059 8108375 2910793
1198446 7870522 7161555 8370835 3789367 4761976
7722333 8102568 4102440 4008573 3063185 9811848
2517637 35705 5308507 7281412 4273408 4102036
3447785 6896052 5808961 9317321 5247415 4530490
464433 4198501 7673994 4670818 275627 6570615
6494308 1723363 5405689 6568571 2793396 5797689
9626788 9271716 1556637 1369009 7231767 6839859
6699965 516531 1692050 3737469 5041911 8225245
9501151 1859096 9117368 3521429 2082491 8648645
6664407 3100026 7454831 2207517 8646431 737738
3821063 931114 9913561 1023700 8814122 7092405
3773014 7846049 8669850 7765418 6069301 3400224
8526290 3526556 4784177 2874497 3363871 5713349
3893813 3673667 7840511 7675037 2877780 6944739
7200970 1539109 9321099 3623659 8432087 9378704
5680420 3208101 9471824 829874 6161843 9046566
870916 5205026 8486551 2518900 3185850 2417858
8835191 2534457 9686066 6992295 2517536 447801
6882063 4260540 8956777 7964342 5565822 4763750
1538392 336453 5158303 8733594 6571581 8774229
2268028 1802085 9044376 8251151 7701342 7313469
6049967 7815493 861853 3009269 807943 785989
6539920 7196511 5812786 9343858 2035527 4577950
3348177 4828161 6814975 5152898 2064851 3692771
7236985 5195106 1554190 6125976 3842386 6622888
3173622 6785761 53347 6783334 9321943 9658986
9610627 6080654 1722734 5456089 4217774 83922
9198120 7517071 1595888 5483668 4058344 1918155
2167775 721799 3764682 112951 3063929 9713200
6236786 5468528 2727257 7105671 2614770 1213587
3879960 9229675 1498316 4754668 6833643 5772070
63134 8726976 2149877 4356890 8166086 8015160
7121217 4835912 4167693 2427022 7382990 684173
8750611 859225 5405029 962900 708141 9730910
3006907 729746 6584417 1599574 6610353 2748925
6746415 305841 1012454 2330278 5418666 7060610
7352928 1703319 2131396 5153583 9938390 9008188
5425159 5172600 316360 3105997 6028977 2890889
9132162 3503972 220489 3554925 9992133 9826034
992589 4551432 836072 7845582 3927168 7371962
3562930 884906 2287540 9413195 2440574 3731299
679451 1967185 2164059 1764681 1129807 767559
7531405 6208052 5679921 3779107 9675586 1774610
32092 5138186 3073090 1777924 4225575 2638780
8548316 8419703 7099170 9583801 4890506 4775312
9967325 2842294 3106575 4966709 3968381 1268673
5768298 6112120 6250513 3586974 9474537 2570206
626258 9480587 2777696 2196518 6394095 9187417
9088142 1216109 7305942 2644631 1658224 8638900
3999040 7721912 2161175 9769655 8227106 2334464
8488395 257880 9809219 7782534 2464716 7537475
7075719 974262 2222371 291469 862696 9868551
6511416 4052953 8659315 169339 2982397 9252468
3634536 7461298 1663769 660799 1232087 9668987
8499063 6990775 6216394 9563799 6896014 670471
9452932 8158146 5865016 6229802 6067176 7266738
293889 1390516 9926048 9763931 7254044 7333374
5733954 4203188 7395987 6751136 8947091 1513393
5285150 1485539 1182247 3254405 9109156 6124025
2332106 6396360 1996474 776958 4822160 522127
151227 4704727 2369217 4803084 8893682 1855721
5226943 6995285 5254458 6203812 291846 5374083
2628948 7923555 2567258 9067465 854378 9227943
6828539 8153641 8755535 6218957 7077207 8360600
7212802 7600904 2386834 9239102 6929979 7256097
1903176 8180593 80916 5564254 5554880 8748807
8583687 2783234 9136463 1867195 3290655 6095482
641443 2392872 2086488 6583760 4393434 2425357
2010945 621647 7691805 6336821 3463402 2698040
4276213 403157 7782639 7531870 8304307 1137863
7108682 5137330 3659439 9338421 9484150 3020669
2605277 1619348 8986744 8151790 6548092 7027403
4841588 1406739 7052466 8317196 5857064 1714830
7960659 3704946 2476756 6043511 8789980 6060855
2514839 6460568 3440853 6231434 3727698 5180617
3581583 975048 9196938 1778374 6892358 3522413
4611274 8521497 4270455 4601071 3284244 2280926
6364809 2024290 900640 8169640 9328921 115986
4677363 5110755 5142114 6864052 2055086 3250576
4554006 840845 7511838 3254302 3642336 6064238
2338939 3263327 731787 1117755 7927177 9362281
3583421 5557977 3639236 5731628 5195853 3937539
1348431 9006783 3350733 6474849 3275024 8184178
7997440 9284917 6179757 2934674 9128134 8421201
406962 8278136 5379112 9130820 9477307 4021698
5988698 8894785 8531505 3200724 8332463 8340477
497358 9044946 3944298 8224534 4852323 1268392
7309743 7444700 3013520 3671347 2407739 311720
6089960 1143677 758060 3910202 5530145 8835915
7133789 9648560 7346857 8939707 8880712 1235250
5926864 4624395 7412957 6598240 3450716 1626945
2778420 2922999 203694 1216035 6804292 3654499
6071636 3394827 2996101 26388 3755980 7617624
4256722 3110815 5041429 2803839 7728376 730088
5013991 8627798 9682716 5107347 6824715 8671560
6750589 7187579 7866941 6623 5301921 8853595
6578748 6388982 2355117 7284316 6687800 147200
8299563 7278102 8054864 7517631 4170521 5926532
1780924 2073831 2992157 1345027 6218627 1168417
7760102 5037396 4589461 2025127 9077499 5901143
4042397 5527099 7112164 9441353 9810158 5207498
6971319 7063744 7852164 1419851 1108603 2142037
9596384 3525173 3734226 3512651 8637868 5253597
3793769 9446982 7835922 4438078 8160124 3852202
3433651 3744697 6428173 4318031 2581327 8181356
2774233 15925 6579600 3577611 6040416 7477277
4730444 7826155 5166418 1041421 730843 1966132
2995475 8923064 9835813 2243932 7615532 7814037
8547884 4194063 547205 3504693 9741069 9050891
2232215 2361706 7900579 3720687 1068413 7941402
4381607 5779648 2987110 5031858 1784955 5726188
6483407 1843527 7628319 3034361 2417881 2152821
3981173 5756762 4866211 906055 9206121 3764825
6795162 7201649 9948700 9304777 3978706 6029398
9541354 6649791 3880894 9357029 4208949 4510790
9143619 6185599 5857029 6639246 6449727 9887705
7656246 5750910 3950617 8366645 5658422 5287689
8536129 3762217 5713283 708270 1979382 1187859
8024657 4855097 7434562 9209892 4663065 9920506
547579 2601990 7368550 536685 1328966 4392528
2350115 5156564 1431193 4779095 3156317 7005487
4184273 3253800 7242399 5558016 1649559 3659148
6486162 4104326 6500773 3198090 3626966 7061855
2205895 2082523 8781146 5850488 2543582 7676633
8902955 3410389 1198880 8705359 5486011 3005077
3256170 3185647 8066613 3429059 6078304 6552292
9722996 7705774 7869551 9937252 9006016 346
4536891 1661086 8665402 7494215 1004449 287140
2568055 5145023 5534440 7456063 3823096 1692443
1033229 2144855 7731155 2844881 6292228 3340611
2215745 2780589 8662625 5425095 3837403 9688161
1359248 4415838 3112272 6732574 9503337 2567985
7984700 4417552 2950034 7426665 261947 6537537
7036986 100723 2900390 5013528 2369111 357462
8678139 2622342 4016151 7306776 544257 833367
6684550 2866205 8035642 7545672 2038267 633571
7459345 5300691 2907530 6275261 1149569 5399997
3642969 7119227 8928583 6050352 2036067 6004274
4497976 2726760 9299695 4455810 8498755 2620889
5729878 9524840 3444881 99275 6853940 1945958
2500370 2185135 2037165 7678615 3009054 1660494
1544339 3055849 4707040 9605926 9245293 6219043
319899 1405670 83963 8934528 4199430 7715075
1041394 3118697 4579991 4926770 8162209 2017528
5454608 3454985 8085980 4904742 7647599 8877254
9362982 2587744 6970323 534794 4577725 5678082
650558 7247924 2769359 3346461 5419756 1848878
810680 4937936 3091441 1288338 8824777 199370
5709585 7082170 4022580 7764150 5389844 4696155
8359125 5943033 2272870 8243903 8314163 5981706
8796409 3509979 2173196 2572942 657787 7696535
6995280 6210496 596583 4506627 1078828 3492331
3406087 5519935 935550 5104202 7848964 9112237
1596199 5888092 7890947 5840599 2152369 5980403
7262015 7989996 4901681 2039996 6967014 6162794
6652163 9508000 5911867 4730327 3448455 7194916
2833271 7434381 6489746 9282949 7327686 4373064
1663492 9391707 1431450 5136412 1259052 206050
9008951 3596291 7960744 2092086 7392106 2062892
6662874 5386098 1250087 1161152 6597999 607677
97630 7825141 2788327 7852109 4546169 6532535
8081478 3897570 6111661 8482721 7389247 5991288
7342941 5197935 4113422 963057 5299443 8259531
8811313 498020 8986248 1146151 1547564 7636833
8835487 5653083 2137553 8085295 5879107 1153860
1710017 5612944 8530250 2533006 8678098 1473149
3908772 1777781 9229350 7992918 7023451 2059488
8379314 5778562 1108257 2691275 6484768 7068436
7166556 6363446 8528221 4966103 1276526 9875134
6717890 3719808 213404 8031253 5421210 563684
1402286 3522023 9090706 1024857 5371355 311320
877450 3697075 1473804 5078856 4114978 8905486
227473 2174316 640157 47095 9115864 6305116
9849226 9261845 4209490 6286544 9408246 4224011
8095718 4472449 8807044 319563 757412 5166755
5914929 1970324 7822271 8918313 2849173 8794124
7992919 4827688 8279787 3757889 6670564 3647701
9684135 9981817 9153499 9461524 7565493 2479513
213160 9710189 1111828 1317350 5081815 7081273
9923403 9309109 3383905 8386265 8454944 9028785
8962479 6272089 7952380 7359102 9992295 4071086
8056437 4370358 7516208 3205150 9508995 6900843
433145 8477429 5168687 4378376 757659 43188
1977930 1852900 5137838 4460294 4048540 1731164
1650459 589164 6759412 2183075 927343 4473622
2043649 2913107 6725625 4103763 8613598 296223
5182905 1157038 3576740 8533104 9900955 9484787
2303881 5187651 5069133 9370330 2760732 9747008
6515226 3720394 279509 4977705 1996871 9933092
9178782 6943845 8503866 2974923 9457715 5019740
4965922 6204250 819345 5673476 1575885 9661335
60732 8347169 458503 5009795 9966911 4976659
9884456 3194672 6935806 7786393 9547938 1328859
9720529 4668685 4696774 838961 3996606 5157948
3607906 9953511 7301938 8966604 4610484 5172200
542815 2063855 5337561 6801115 1778285 505220
2705703 8102809 891031 6574066 8431404 426220
6387149 9991625 4039875 2987520 6759121 8737533
2449969 2524335 1487695 355197 1256317 1449839
4689005 5981315 2022825 8561878 1030545 4620958
6862940 7436028 2366528 338282 4472154 6352057
7380328 8616470 5857633 8762886 3218705 4729917
3027770 590039 7056296 9012090 1044110 2687831
3524845 5247474 1520432 374064 2917228 431771
6197712 6542212 6700619 9646757 9910911 3569529
4899852 8951149 7339431 493538 857753 2970404
4916995 6371312 8143566 9180400 9340026 74271
9222931 9872774 6948326 9009059 8246902 4526834
7892532 63299 7310429 2707348 5712961 5974747
8077261 825643 3556094 1160914 9298066 6301112
2367865 4865618 934768 4674320 5524607 3574227
126764 1684327 4282959 4202362 3711974 6844200
9800457 15178 8916681 3531257 4362561 7053252
224931 7454960 2665207 6094688 5198266 6049442
4946157 3125609 9378948 9704885 6477935 4562197
9045812 5636543 4950351 3885021 8077695 4885971
8208675 6406070 9425095 3573284 6558546 1013329
7693292 6449995 3141949 9096176 2349462 458663
4758322 2342595 9073331 1576194 5222321 7744670
3161996 7984897 5169678 7565884 486165 314321
3440102 4987740 1016195 3841762 9803981 5754223
8831319 3382501 7210120 8106908 5680665 4884453
1856367 1892879 4630157 7961066 4410681 4624971
9828072 8391949 591403 1960871 9685195 2833327
3208155 6159404 6398942 1214495 5530774 8528528
329983 1612192 5669710 8815545 6941044 1513221
893118 4199887 7918770 6901133 2556897 8323030
4773610 5822614 4228130 6207950 886410 9235965
488819 479866 9071986 4010332 7887242 1159791
4103385 1579979 8621638 3770922 8871392 7864119
2098910 4231904 9131193 1295134 753755 8896448
9885561 2992589 6803891 1197420 4816308 5556776
7454310 2022415 6358051 9042379 7266566 4075748
5437888 5111346 2179598 8789059 7054368 8071638
5082308 2125445 3452490 1696971 6250397 7001274
6135168 9801656 7486952 8153435 187204 8008215
7248497 831811 6289666 7376109 8641071 4088848
6161742 4637186 7357252 6732143 2392227 1108636
3655894 2936093 7088469 159351 4014687 4716879
3369438 4035963 9961384 4207922 4000637 4484807
6544454 5873167 8938086 176681 6344603 8007607
297368 9700972 683425 5933159 8673909 6115027
9766957 2622772 7336483 7432139 6742791 6116404
3618358 6704995 345489 1140773 7156521 7827190
7070644 1099682 3666583 4507295 688644 5378890
1964792 6341783 6360528 5183319 9078617 5157103
3051499 8159149 6210479 5252982 9277409 5982323
6151652 4852440 1604923 9809512 479918 5738959
1286338 6525973 1707481 1894020 7076534 9205835
6673396 9230542 1649827 6252091 4028065 8697211
6056151 3420255 4697129 1176585 7628393 7369569
5242631 5690074 7150906 6180211 4871008 1052377
5088440 9120224 6038033 2959438 4963474 6153195
4581381 8782347 2803654 3811563 8099092 9811782
5927594 8733719 9405657 2196768 2073247 7816760
118853 4306211 944562 6727738 2726552 4637484
1745232 2094313 8512651 9132956 7187495 37770
8519676 4045761 6284680 9669407 7273943 8964142
8054630 2812827 1419807 4550750 5616653 6825449
6165619 1329586 1797668 2495018 2688759 7922358
706127 3790843 9842362 2450991 2420842 8255776
5926423 5725821 6697257 1106983 8937867 8830221
4021092 811201 8618786 2722479 691813 2946186
9415972 3625882 9594074 40814 1745097 8321156
72654 9402165 4815161 9911774 3524138 8384153
3166260 9201503 1303222 5240901 3769872 471564
2986945 1651537 3629711 2983896 825322 3915295
6777198 2342830 8331997 1672510 4238319 907388
331204 3637450 8681160 3148686 1196805 6036431
7172647 7253933 8885020 6962226 7787237 51383
9293069 5861932 7306426 6070041 477439 5877681
8775595 235721 5980547 7140978 3548259 3378008
8805676 6682190 4083824 4937636 7704848 9280783
9805599 252052 4113263 4015691 9332300 7177267
9155097 4851483 9975891 4060492 2168985 4462720
8200139 5215912 2412975 2800026 6138705 6774857
855177 343477 6147548 2826361 1806872 4475889
1418336 6367626 7544365 7514141 1416748 3982721
9452475 7516389 7000026 4210843 1762247 9004710
3053373 8444202 5554610 3735524 8227909 2802103
1715771 8480677 677133 9907460 7659295 4745392
2722372 662595 8779443 8216152 5350003 6395931
9079692 2695829 1982227 2341359 7583810 1682449
4902700 8112781 7218008 546605 3024310 6517715
6809393 1898439 1629887 5905513 2304463 1150235
7334925 1295608 3329568 7971318 1525020 5892119
7316685 2709573 3274644 1963222 6823187 8144240
9245323 2744521 5594417 632584 3724179 6253875
9178979 4193551 9886555 3027469 5977079 8901228
2043208 1317668 6628921 1050244 4575122 4975066
7901250 2748669 9979223 8947272 5741910 5150741
966608 2729793 9102289 8772245 166673 6764172
5399827 4232515 1389376 1637621 83771 8097161
4641067 4404562 1176263 2550063 8364894 8313658
6341357 3804955 5570158 7357436 3918343 7887778
9868245 229897 5642284 7297826 6167586 4656909
8586616 1053506 6126102 8678914 1416125 3018467
5899091 3764101 7844572 2346899 4800004 3062687
1308473 2545332 2133795 798242 2443640 1245437
3847645 5153466 9737710 2417854 1813586 6673945
9990178 2440716 314305 3908904 8957470 7782004
781061 725744 5192941 8913021 2196131 535251
2069690 3080783 9462314 8276820 3224252 4152701
6036912 4898759 4731320 4183456 1059419 4242653
4584758 2904505 528537 1086305 8472514 6688579
6289932 5947532 1496216 5089953 2952759 5219951
2620723 1119589 9882143 1396895 36701 5118751
8226583 580773 9426086 6410633 7517959 7909029
444598 581376 4683801 8622772 2464425 4480052
2069640 9455593 5947866 8965345 6868359 2437903
9243427 710716 5671751 1201998 633686 5091316
8865195 821014 6526845 6881017 3736485 3358808
1852077 1250646 2470067 1949343 3382130 5637502
7942105 7366819 3940434 6806605 7983758 8540147
215964 8940435 476683 4751646 2469006 9800846
1380306 3652509 8319961 6684574 1632854 7924795
6723383 4640892 7365504 1111627 1719440 4232006
6770564 7591062 6115215 8567081 1544341 8356227
2617681 6940965 2378211 3718683 2628357 9656231
3502468 1689813 9988626 6410622 4465504 1483736
3763698 4972846 5655523 9738776 3189426 9093912
4592469 7584181 9257708 8502289 6304298 7566141
5492559 1989119 6005043 2514463 3798376 1740961
346928 5968412 6900858 5028693 6989773 178436
1041485 5021560 7664413 3170309 219639 6710907
8758886 3185670 3902167 8591269 7132364 6964646
1571996 9891559 7097685 1518287 9563109 9510099
2181182 7354004 8196282 8906897 2018169 2120921
1763355 7321782 222744 4414026 7680630 6239478
275882 5463988 6572610 6893510 7162176 7432735
1428504 9469248 9998830 7049810 8023404 8358536
2444036 5863343 8343716 571648 3659618 423542
3433594 5157862 849353 168300 3855649 8125715
2737187 2546199 1337493 2955561 105992 6008757
1937625 3358459 3502694 4044703 4767306 5066366
8494282 8467162 6773229 3002378 4118450 2452912
6530421 4103325 265302 2917817 6339051 3963546
1312884 8319578 9034253 6550305 9517984 2651268
6161395 5468392 6182274 7509215 7172423 2771405
2569601 5844937 4586599 5541801 5747939 9999872
6356034 6045822 3249849 6746032 9498940 3784258
3302792 1962347 1190058 8230541 7340085 4955989
7735638 4847859 3417077 5827713 1420374 3047324
1231488 1916269 824360 717124 1928399 1702338
9250541 2553834 4118614 5740949 2184111 4601343
2435110 6153295 426753 2824392 1138386 1157381
344096 6087481 4108661 9857676 2288702 2300463
6416316 6279780 9658859 3369601 1301291 7849775
8354740 4798355 8585941 5602777 6445090 4127457
1129176 8547497 634697 4895378 1476919 5290211
7326877 1594870 1223636 1220455 6914223 9077488
7535708 1337539 1150529 9295072 4033088 6119127
591194 2187279 5111372 6560715 8873616 7583994
3415890 1685796 2172145 903747 4167216 9417766
2741106 4165543 4023767 8620798 6954192 9985863
2236454 2200470 8963561 6794502 7848802 9552599
9926711 6011450 5201571 4395212 2943732 3171820
8468243 6514467 513439 4217703 4359665 3273558
9730519 1482892 8443383 83748 543273 4032778
7333017 6651019 3026160 4084895 6636627 6948523
4486727 6099699 1158825 3291735 5253807 991956
4714920 6501199 4104966 9808555 2122369 335651
3242414 5301750 6146496 5873199 1471896 762367
4579859 170195 3400513 9327535 4656448 4452500
8855204 9463496 840047 9513124 8904584 3608608
5110804 6873483 1603724 5369449 7394630 3035565
3482854 2305932 9649530 2552323 8602545 2371780
8529831 5099495 2392568 7605052 9019360 5209694
5836380 2927014 2390288 8397072 1752200 6379559
2678428 8723478 6087039 7217221 4531385 6318220
9357596 8522562 3437963 2994674 6477623 7248058
5784582 3571405 6120217 9204467 970181 8404988
8323500 3284129 3537882 2626475 1771098 7101052
1992967 4487490 1222969 799892 9990864 3722446
7537581 5572987 1508589 1085791 5441661 9636826
6610518 9852963 6754948 1217403 3636996 7038015
3852 9268690 7491094 3214099 1090593 4525006
5470723 5867429 106595 1947219 7186812 5484924
3283022 7948506 6996352 7511251 5158191 8343925
7489105 4644546 7296847 5262085 6635810 9032371
3165254 2490246 7653992 2393406 6257313 8781625
7844418 5563660 4457418 3849181 6977933 7820325
2505684 2744502 3460800 4207755 3646920 4564001
6251443 3406871 1748593 2628631 6989075 846793
3127071 6586269 9562119 2787512 724980 633543
5412365 9939537 9319270 3710969 9164911 5853292
3635371 2721826 2163003 8813064 9400996 2543521
4341222 6562663 4738249 3746059 5965977 2927616
7416982 2689985 1008658 1750737 2649746 6110655
2637180 1910960 8704582 9005307 811992 5297291
4921390 7117926 3619846 2499489 5300502 1649160
2931821 6575866 4010380 7970427 7149449 7807572
6756241 692578 354705 6548099 1752758 5717374
5903208 6504435 6706225 4019736 1653852 3655656
4591371 8830265 8307659 1457421 1650069 772996
5340542 8713288 5039801 9849034 9399232 6745191
2234011 5167363 5367709 3271035 3801194 5227537
530437 9286072 6726825 3149240 8732074 2927391
5521213 8471160 6135423 1870053 9564815 62632
3102428 5214528 5086713 5516434 9030154 6595816
5249688 2114619 9160624 7395965 1631273 2725331
8495296 8584160 1394046 8466227 6542479 8569017
9297393 5090659 3958326 7847217 2657819 9996057
3586631 6215904 4814608 8384504 9596373 4896496
2339075 2842509 7204926 2698640 262053 7506490
2556940 6461593 3438357 2202321 4663883 5408760
8927605 1116441 4930012 9082218 3446045 9029295
9158346 4470730 2778997 7783556 3724111 6358224
9379084 3119541 1417898 1944961 8088859 5968157
1824954 3378994 6981841 8544898 295701 1754060
2914501 1347168 9984383 744269 5551642 4188492
753170 5271951 3443670 7898325 8556275 1964192
903723 3217998 7747752 2170221 450084 6469330
7270725 8251324 5607178 5652317 1425454 1097754
2382973 7461556 3623591 2107112 1027997 2137669
1399856 1327320 6810795 273071 9909161 6403519
8547843 56174 6175614 4216072 9006359 4828091
9723112 179995 3212993 9118747 6741210 1896284
6626207 6080478 127400 1647261 8122130 232067
8350585 5338115 3658393 4492053 5841229 3203419
2087306 2812653 6666998 2884165 8828653 5863046
6488985 9789014 9349322 2496905 8141938 4960475
1590749 6153502 8333788 9768601 9049207 2975186
7903767 5777402 6210610 1011040 5339210 8106443
5748284 5016798 7109137 3376027 3251029 4100942
4743700 2197081 3358405 5637212 516522 5356532
4043996 1909915 456396 514583 3873090 3567608
1348606 1323307 9430309 5494809 2225382 7550082
7540784 6882933 6640359 6713445 8412665 4871175
5373600 4878753 2228933 6685273 8287906 5588505
5067681 5977187 7798503 2973260 1472199 3234208
5043169 118596 3347087 3278540 9000937 8413645
9524287 4438543 9046491 3404196 6979612 3518931
5188320 4511936 3344293 4398053 855908 7419314
2188212 1578610 7343544 5490305 4744065 5229964
2373097 421947 4845179 4538768 6840008 7578509
9481169 9570951 6229372 3930247 514971 2904741
368713 8881838 7049504 4387090 3542680 9186351
7488867 5835927 8170955 2741761 3727279 1321133
8656724 6141678 2622285 4883076 5484529 412005
2230790 2341470 9657815 9276693 3280201 107366
1312746 1586688 9635122 3580548 6688228 6629722
9782214 9112462 9378219 4411863 8247353 9108551
5394427 7222517 501682 108268 7202146 5657686
2139693 8775340 8779690 7194229 7132769 4314776
971374 2638517 2462895 5053472 7092424 296352
8428779 7955974 3430077 5133794 8831116 2428514
2026425 3768409 9491662 9678622 8522137 6913960
4386864 1989091 371543 9271993 5841205 6960000
7550357 8581337 8658823 1876992 5763554 2336200
8692570 7362339 6076610 3743742 8922747 6320167
8875355 6653495 9328058 3046435 3831365 5106528
1654552 8097648 2146984 8680875 5083746 9965692
907175 4417893 2071166 6673304 9037055 5750726
5078688 2823820 3994381 4404921 7995906 4716367
8312293 6556977 6888272 8928518 8113761 819280
7782701 3968541 2695550 4532492 1614612 4038701
9708981 7384309 9037993 7551737 2196442 9580040
5008911 145563 6994911 3466711 9228728 4997587
7615782 1651756 4059195 2934415 9547818 5354718
168757 8824550 2870461 6018800 3990643 481250
6577175 6199060 575296 5209857 5928487 6600168
9975876 7025102 7274550 3395762 9842473 366143
108233 7684537 6760800 4550289 4039386 4388037
4104213 565416 3068324 3764874 195544 4443796
5104414 9023194 3289596 8179681 866354 3598947
39788 6982521 5020416 9728611 9712633 8832529
1577173 5041891 3778778 9236730 7338271 771294
9004644 5505975 4678583 7891130 160562 1881165
8307278 6798829 219937 2593287 3669403 3809850
4414241 662029 9068312 9846177 7223602 8500185
4425179 5367461 1725846 3146159 7147017 1707521
7362154 965543 1940462 6521811 7817391 8471316
6782358 7549154 387047 3529888 6334721 8648642
8708052 3457654 2600895 448309 6648627 829129
2705100 8894539 5512386 6678811 4502255 7434513
5158181 9526860 8891759 1247030 4432438 7111560
599645 8076992 2486942 2815685 3354435 4019939
5672830 8082428 4207308 322371 1557911 1962416
1933334 955420 4932555 6667594 7676859 2091094
7828099 3373349 9656009 7041421 2106049 4115798
2020257 1488084 2379668 4513274 8188394 8370236
467183 9108602 2166068 2568209 33469 1542438
921967 314888 9198204 5549277 9913954 5131845
5249968 6097170 4252457 3298652 8843326 7789
7677868 3397007 3385126 6566656 6580266 3702173
6151086 1355585 4755453 3585491 1385925 2035924
2201636 5770786 8372561 4127725 6359383 6308872
8654949 9223789 3550122 1395018 3371174 3361245
989647 6246761 3708828 7032660 44085 9994293
1555270 8712483 5994861 8208628 2131098 6770890
1872790 1098702 9523751 4187597 3981572 2066972
2806001 4193741 7115332 270985 5891996 4653458
788151 7322262 2681342 5113121 618142 7283695
7622306 9830760 1810467 9919689 7928178 6590765
7623121 690568 3534922 5547021 8712521 5596922
4688642 3613160 9085158 7270526 8703022 722886
9132494 8711096 4908331 7616612 5461325 8424426
8154821 3152458 1868933 2403873 4337338 2808400
4030929 3173191 8438016 7637907 1731982 9632951
1021026 1381041 4958408 8762802 4186442 2346863
3194835 8883019 9897158 4529756 4198846 8517068
2990667 9968929 4832462 4037994 9221212 7130159
5263435 5894611 320758 4634055 1086135 3846174
4781436 806678 4112608 6426087 1746776 7551648
6603035 5405112 2097715 4032170 6369827 8583492
8575153 1241231 5760436 6006126 2848769 4875639
4610580 2756602 5536028 9155379 8467180 2430110
192091 1273362 6337878 9510779 3120824 3637103
2258137 9323194 7177576 5495034 5843544 4729585
6090426 6473639 965424 3065409 5660524 8059227
6427569 6849041 3725932 8709309 7850517 6672946
4992983 3781167 4327209 497856 8726973 3268451
7769486 4063632 8721656 397397 9148969 2219583
5876941 4997729 1739999 3069121 7722955 6705414
5510958 4564909 1617465 308835 2680760 561631
3083884 3965815 7718472 1739750 4684399 3031760
549072 8155678 8848803 3105880 1774418 814794
8416193 5117396 8157421 1726998 8182747 8046980
2867863 5141540 1431659 6843501 3085310 205049
5214849 3134243 7106481 7514082 4867644 4521547
490173 7920530 2731305 3104037 6008972 7777320
3780139 363797 8682694 8881267 6521329 4340512
652128 9771538 7400200 2673468 7074681 5711645
2844888 9107199 4917512 6895003 756140 3339494
1654210 8882405 1883947 7491462 3375694 1001322
1868621 6227500 47209 6363312 9526712 7608458
4645714 4619508 7390824 7027640 4566264 5633389
341682 44782 2178248 7797481 6098255 2659977
3863129 1564304 7408383 2923275 5384227 4867573
1205122 2505353 907235 2103230 8538122 1595877
9675693 2975286 7447527 2645199 224378 605885
2308224 2831849 7413461 5865503 1148748 55617
7044782 4156000 3747278 3474354 3709159 4385068
9477568 6777757 5346000 5149782 9765484 3032682
6737222 1798250 940195 4363967 3654801 4164386
8833360 9198942 6669208 843608 3009703 2789
8588278 2919896 4812641 2634802 7438871 2675365
3995758 719230 6218352 8666476 8713331 124086
8772353 8364285 4249833 7182834 5617269 6190875
1274827 5112525 552935 7544577 4503197 9108946
4776065 5412933 4347936 7007371 5466393 9303740
2968176 2467769 6170135 7540153 5458303 628209
3131334 8249986 8378241 8317233 8099814 242710
5586254 4002769 9693999 1627023 7721862 8790618
2273315 3270905 2412860 7094655 1096253 5528399
6924163 4678769 9471194 9303567 4624190 5018057
739813 8375918 4424655 5566616 8362488 5984439
6846991 533873 3015132 5415464 8365024 47806
9168351 1341248 1223524 1481746 8193389 9664518
7639724 2126055 5109655 1994914 9690401 9246489
2604424 4467839 5990043 9930092 825276 7845341
4848921 3872046 4363025 704627 8258800 8439684
7681246 1598232 9574196 213952 8838707 6755144
300150 548677 9780019 2339392 3275854 3020133
1482439 9828057 3897950 4597114 8250729 2727690
4935494 7254100 7139245 7127748 3857281 3480000
5988754 4070899 6220554 3331219 243066 7496946
4695828 3342268 3450693 4826502 3745191 6177583
6363878 8091877 6080090 8575957 4429988 6217307
7489760 7314042 6981794 6300596 7918806 663208
923399 6187766 2063729 892363 5006075 2431789
8781161 7542430 9554697 4419916 172352 3010818
1984554 6123355 8603862 4629231 6941305 7759677
2273486 4632954 4563195 9180601 9020265 4250921
2696972 5983636 595555 4524665 3872376 7812233
9832480 1659577 4100741 135841 7147037 7153796
7166308 5152353 68712 207280 1522762 9637514
1781229 9547681 619705 5865113 454180 8648479
1411888 2473353 1324980 4789549 1966850 6357130
2825205 8063976 4127463 8925711 259783 4485014
4700544 1499933 1075582 3263865 824730 5575686
3803339 7153123 4650585 9892895 5783832 7280550
7917417 7509010 2517229 5303656 3843856 458243
389263 532234 7946634 6685925 5827238 2577257
4449299 538934 8105964 7096039 3136214 5109751
8749993 1705849 9933034 2402702 6102569 415720
6480175 6330658 7970200 3794059 5285252 6151544
5717269 2893015 6773297 2673096 1604397 6381996
2663303 2236810 9077713 5155983 9658439 6409920
8238606 4137238 8879704 6227257 3827774 9958963
2338525 1022079 7419446 637240 5872818 8313984
8550767 112236 5606517 8284729 604375 1536610
2516100 1729967 6487529 4043369 6234750 913863
8361281 1510211 6618842 5580044 5897597 404991
6450879 1224152 6158741 8600886 231538 6774636
572699 6822111 9421418 796959 2215457 6438964
5641037 2871680 6195002 8243450 6969511 7610677
3635529 597074 7504739 4546373 2952070 1536551
5169095 7504144 3579698 2865228 8495323 8387182
6078471 380218 1962256 4496356 5535335 1435735
1432979 1623323 6167595 4161560 88386 9369008
5377536 7857942 6906026 9899594 7530363 5493931
4325120 1174949 9684187 3484070 8589316 827466
6587455 9545160 4614516 9784590 2455409 8136486
8249435 7595725 491502 3313688 5463813 8217854
6743170 6817539 323523 5051398 823919 14323
7025392 2759950 3838733 8885180 1346536 6199831
8491889 4882422 3782596 828722 7731447 1945373
6340678 1719976 7561608 9485643 5679219 6818363
9634338 3584660 7708198 3211353 5988844 2805187
4640417 2858774 2327859 78455 9853669 2580366
1984919 8320813 1693547 9670835 3625765 5973017
3659141 6657245 8908255 6840751 9360552 9229844
672142 9390462 498840 2342168 3950317 1558812
5808105 495244 1722071 4331944 1836769 3462607
6372776 2094436 6716215 106576 8435133 5602140
8092311 1199210 217406 8395715 2517104 2203081
7153713 2359864 521997 9539198 8079311 8687672
4975662 1462783 466879 9484866 9160272 6872850
3052255 5576763 9328636 4382300 8078369 6065059
3606339 64766 7898093 7366574 2953189 6103725
2414662 6943241 431416 6150505 8870171 1061864
4771292 9478377 2234794 1928851 1681262 6196533
5576434 4393457 32500 8418386 8979628 1741733
3781537 7922796 8879380 6291039 2579293 8578233
7657014 140102 7598773 7664591 7443787 3234231
1635415 6412604 1931017 446732 6931450 5534091
435431 2524374 9821792 813681 1751210 3181832
121779 9713631 4111544 8413002 8932570 7629057
3292472 5526149 2750661 3004034 1232103 1571828
1574193 5206380 7917649 7384809 3601187 8313667
9022204 811033 4803239 6515582 2384882 5563101
514177 7458675 4308865 2212853 2703689 8002354
2934054 5594162 8036239 4328009 6389247 2292401
7496747 6402355 3167145 4843412 7131742 6660561
540526 9760176 4682763 962117 6469367 1692805
1138946 2381536 8865602 3695630 1597315 5896338
4891236 2951169 5691008 7785885 1931940 2413619
8173538 1558123 221007 7394912 2296928 72286
3383024 9318256 5353302 2588944 8493709 980686
7023593 4420999 9127640 4121395 2365913 9346098
9507732 8086008 8653338 8476108 4091915 8659577
2874007 8880244 4848137 8555790 5801914 5945601
5128137 7956326 6308421 616456 2850097 9114333
5766806 8778160 5039407 6697613 5501426 1884339
3136377 2206090 7143735 8112069 4130457 7453281
3382458 8862702 3667779 148515 2231512 3481513
5647654 9176914 2368984 588092 7642086 6027364
4596142 3275313 9523582 5725349 8164949 1063098
5239341 8152908 2528854 5389543 9267634 6750109
7737781 7281205 6229407 7131054 9094385 5506724
7332104 123859 5216 259574 1890945 3455790
116582 199942 2561673 6312713 5491200 7554013
3222676 4994335 1493495 6472784 6684832 1205278
6451707 6049713 2681 3843861 4449703 9746977
108353 683994 2275296 6200914 8085552 6495716
6205382 3191548 2292370 5505651 4265365 1870434
6449822 6968956 3959931 6281547 4582486 2685102
8394005 456557 7344433 3054801 3089727 7320981
6073452 105022 3574268 5922779 9341560 3601473
2255031 2241778 3480980 1015324 132053 2667862
6845387 6020703 6942266 8506904 5129016 227731
3062331 5248744 8399541 8991782 2140341 1376794
1800935 4586209 7091355 1829575 6702473 5898363
654274 2755204 4069704 6935773 418381 2616665
1576192 1956874 2985091 4748861 5349503 7832337
6392819 9145471 3709160 6961385 5891856 5324444
3251205 6322650 86556 1836149 3095857 8705099
7279541 2433058 4540961 824011 6660240 2115745
7297347 1663435 8049285 1917731 1551002 6118242
1999724 7671343 8924569 2445867 7202854 224697
9351077 5341741 2373515 2292062 9176305 1066638
2225203 9039255 1266628 8739432 7460093 7459664
6687335 3704844 2030338 6623663 5248765 8802378
4068111 7113039 8680214 4446482 9599177 284375
355258 7099510 6937384 4370146 1922318 6497358
1104611 3341772 427599 2703128 2738425 4826509
7649997 3976709 518947 9369539 3302392 2853419
2091134 4126117 7843995 931993 4394659 9195371
8327308 4822237 8105095 345180 9388366 6391985
9991657 3993183 5098880 1155095 4629895 6621739
61789 6768048 6838190 4691390 618371 9594816
612027 3504867 3079573 7324978 3652421 376077
4111507 9709978 3262443 3120574 3525074 7050247
8543177 799552 5892882 9735982 6416933 4500295
8970679 9651786 2978749 3033448 3446362 6830225
8938442 6110983 9714757 4023870 4222228 3642155
6634132 770595 6985138 9060629 4072590 7663638
2844431 1460488 5972936 1310071 2623795 6188386
3344365 5893525 9889205 9866275 3486166 3016917
6335572 4187453 991300 8079968 3656771 7764417
9608905 3989070 5266044 7040299 7282172 9028151
6784574 4908273 7622768 2138495 5243740 3422127
3868123 4403249 992596 7171352 2424660 2827406
1061714 7843932 5311936 2381696 3572397 1404090
8356523 4800437 2659853 7071932 4141850 7389918
3208255 6653908 9492336 7298233 2849094 6478788
7588924 6021132 485754 6125574 1055916 1334592
6208807 8019482 2959073 374628 4257275 6916808
3932339 8703192 4241804 5964018 8904997 3412149
7474925 1488325 4867771 3353591 9342662 2263111
8208993 6255886 5151189 3096778 4071272 2302402
8637222 8147461 7165464 7375555 2054919 3160077
8136404 982715 6538955 664761 9107626 5234135
2782050 2671611 8080425 42835 9043542 9734729
1772346 1054067 1068727 8895959 1824961 5086052
5709572 8393967 8809797 4971879 7569258 520630
7045801 1411982 3768083 3650938 5380664 245605
168724 7616056 4429756 3745010 7060734 2591710
3593932 4987865 9777504 9198973 370720 9973781
3585941 3218169 261292 3172676 1866544 5813393
8427156 3866823 8213857 828437 9787003 251471
1929583 3819736 2942493 9103152 4308937 1624514
6070833 3021778 3733281 1775996 530220 8972672
9168556 8450419 2786944 4447713 7298822 546837
1142430 452696 5890950 682725 8642479 1373272
882887 6034436 7353352 9392206 3086314 4965652
9000965 3678220 3644061 8726886 4724596 3118270
8489631 8774380 5937065 5158549 9971275 3941764
6047702 2534124 7567508 2328942 6108560 8519900
4671485 6556591 4157221 1515088 8316243 529076
3541727 7682008 3675370 9574763 783160 1327116
9875934 401068 7141383 7575047 9774026 5767435
4830407 2561468 5257099 5153021 3282628 2136683
9379383 1415319 7021707 2510516 8151 5246942
8308963 7673641 5620130 3135429 7985040 4119576
402380 9279962 8505176 4386286 7603728 3534480
4340132 7492579 568063 9684263 1760627 1072962
8046997 357470 8686389 4763706 6947716 5930224
7677700 4471316 803309 9741930 931621 1479612
1262116 6401274 6831490 171727 3113925 9167925
25738 2769691 6727181 5058138 5989921 3406760
9749706 6518237 4779672 2545405 7262880 4913765
8019715 9299343 9176533 9558181 1032810 2468286
5152307 7570404 7496878 8090251 1380969 8545226
1727967 8030839 1467045 9380456 6125943 2136583
1789074 7387430 1626173 6387443 9101049 7440182
3124646 6594742 173931 5160058 5624667 5602286
7930093 5295448 8286722 5983692 9039282 6981464
4251942 4131676 1549177 3676126 6139287 6150818
3597110 8040484 6677911 4153042 9837516 263651
6190606 7586415 4155251 990022 839259 1383566
1498649 8242086 9734365 7063475 6456521 5578911
9568419 3190895 4737389 6043923 4449246 9300898
5170147 6566387 1209802 5189684 2845108 7735413
8438766 6934989 2853037 8458574 918973 4264736
5781547 110099 278224 9677235 6806080 5972042
8174549 9846755 2433922 8520898 5212208 9662399
2579534 3667343 2876604 295873 1095394 5382451
1759672 9136902 4209378 4990321 3461467 8857614
2297883 3897083 8912778 2136528 7843920 7426419
3273418 2022145 8303070 9875730 1736820 8317781
2006689 3404815 4613311 5518558 1314298 3606968
4996886 4995334 5758135 3015325 6009350 7534984
2287038 4121171 7120611 7076178 9760304 8408511
5044325 3180335 4365639 1734489 921893 938764
562443 9030059 7661548 1309297 6093089 4350505
8288259 6954813 5721355 5483313 1710275 4480433
6008571 7531791 1157116 7607132 1551910 7860773
5230068 4238214 4311754 9855192 7999112 9551497
4585088 7075376 2384875 1168687 1839814 1928408
5004108 3216229 9705843 3306728 2615179 160358
8992803 125386 5153357 2167083 9702735 3008790
3170299 9909184 7763527 71502 5873809 4194814
8765714 8139922 2331005 1232611 8882027 4652389
8997272 7611604 493625 20720 7130274 6022915
9154425 8082999 6279398 2752813 5642661 1175460
9243659 7107452 2573901 8232673 5489706 1558672
2012624 8560760 1633996 6206193 9449139 1700471
5503631 2911023 7581911 8217661 2583047 2166411
9803617 7041917 5358468 7471735 3725744 5816824
5646310 2201998 9514577 4322664 8043046 5791305
7258358 3248566 6184386 7825162 4806048 6367289
8520318 738716 1387527 6813635 4808331 825552
7047433 13853 1836477 196554 6869252 3695956
9207662 1426762 2158124 6140882 8094095 5200316
5506658 1455957 146627 7421557 8020027 5184180
747268 1111274 5028091 4305224 1074999 5945982
1922615 6594272 3649946 5427621 1614865 5516890
1647531 4629402 9448354 8767702 8802667 8064426
4936930 1039693 2324745 8643069 4749493 7312500
9399172 3502309 5664628 3172234 9622163 1602729
3186886 7895407 7551788 1469456 9157065 3784991
2610649 3266087 9460561 3810582 5144520 2048994
1341971 1477704 9143791 4795588 4312508 6134524
66722 9939937 1429390 6946907 6810146 4712846
4402300 6733342 1934253 8647370 3188197 7945115
8575336 5818125 1058228 7280520 7435372 3750029
5532369 8436977 7039240 4116671 188050 6819621
6420690 1333979 295909 6710843 5020507 7355544
4665840 3581470 3067231 8400077 811740 45913
300642 354352 617653 2101367 8510658 6349982
4051425 9443946 803850 3144539 2429288 2666203
9981432 5473233 4570611 2820496 7172658 1348935
3115028 5074025 8233144 4177612 9815732 1549724
5746826 627608 7726095 2266594 8674112 4935033
883662 432999 9977268 9850236 9440131 6548658
2815456 4818612 4990267 8815147 2392146 699664
1942367 7405609 2243716 5807740 8813265 6729170
9134906 6382825 2764208 9299632 7623680 7154766
2077256 3626115 594060 3395959 432579 1674087
1320459 9948029 3218837 482872 501183 4003081
2077536 5406175 3205790 4824406 3196218 7716244
2389056 4440365 5108172 6243178 2161897 4249666
1146529 5408325 1616450 6549202 8406288 9596509
762237 4267356 5578427 2733392 2361323 4273291
5142529 5037762 197395 4894720 711622 5709141
4795889 2876305 9196222 3117281 9675305 5813023
5352603 2579678 1518274 8091215 6073928 3620675
2441965 8981082 5168089 289798 1377414 5200661
4729019 3237699 8452508 7379441 9855641 8567196
7266001 92474 6611165 2471639 9234711 6471889
8423303 3583635 9215724 7478075 8633831 9422460
3855057 37384 9882000 7847006 7540620 6769962
5967182 6334477 2961619 9383626 5415239 6877310
5967947 5755578 8691080 7826036 2545046 8065858
6670460 4741461 8776792 7742109 3209092 7128105
1046100 9870923 3641666 8228868 196774 9610244
6947269 2871139 4541698 1503869 6057426 6252856
3106100 8900810 9993134 9879780 6811719 7993285
7958511 685688 2124256 6221434 7876028 6862942
6347635 304051 2604612 878991 5610655 2955357
7118767 2502662 9648381 9362242 7091246 6816450
9458035 8936467 6483819 6769247 1058739 5612977
8254218 5632427 4459576 6186633 3314287 3264595
7264493 6016855 7058046 2179534 391271 5221475
8684359 5159667 2838051 6810119 9943371 8671437
2998971 4722373 3951010 3617543 3940254 2044258
378988 1005190 7439219 4939100 4597380 1638504
4770838 5200976 5056183 6764848 9708731 3700457
712976 1311113 6730631 1289766 1870021 4610286
4578421 5154184 3685477 4871314 7544435 2644099
4058201 7394124 3623615 8947468 3469969 3565774
2626307 1717666 2008704 8599344 862331 7692683
4852925 566790 9250962 1319498 2028183 8874763
7599938 9545984 1561199 8861159 4917537 64096
8735170 6387914 5568174 344752 3753436 9367374
8565294 3712269 1630946 3871256 5250236 2983170
1669251 9019559 442869 2706799 6215071 1966746
8970041 3360059 2021803 2811440 2240237 3607876
6827566 1248766 7694682 2696251 3247786 241588
7053008 3819718 9302522 9106601 5225422 1748195
4241840 7244443 6838138 4854479 1504949 4447634
4775972 6070680 4126020 9912491 8941091 5384033
2516831 3058184 7849104 7400898 8556578 7250596
7421999 7095445 8662450 5543676 9044731 8041303
8637624 6009991 6448433 3157279 1534667 9360859
196767 4649594 1586365 9280629 5306222 2297105
2279733 4922795 4354943 7544944 692319 5917827
8868360 6550416 7271551 3007417 3472880 5112872
8623655 2160578 8839089 8928950 1433617 5421434
9684793 9811645 1961918 3021002 1212717 1156423
5049990 5051441 8115904 9025999 9935832 6376545
1232873 2829451 8993496 7227387 8970321 3957421
9055331 4522600 3574173 8178708 5719865 9099375
6061942 6452234 2153331 6047467 4840493 8968684
1936400 1446320 4971296 4463156 9048732 5062157
4155415 8880952 6853302 177981 4715634 9993671
373085 6562526 9459430 7553225 3909927 2360311
5511466 4852158 2716711 487275 8292545 843823
1128138 826546 9569599 9171438 4193390 4565215
9985966 690601 116621 3634576 2415001 9636645
7492281 4493467 1676546 8262137 5419640 1900470
9531595 5216123 3070940 8918645 1152367 5071227
8395142 5973899 4457660 2244362 3138599 9893276
2368497 2242425 4899259 2900617 7515944 4603018
647292 8386434 7250271 9725613 2988276 4647402
2853329 508984 171395 7602878 3543329 4827294
3715175 7947607 7877437 7849468 3314662 5115051
5115095 6768312 7188151 8063958 1958385 9918454
2506474 978982 7146363 3235855 7846356 5946326
3016017 8776040 7781175 5575732 2598268 7640406
8301503 9876985 9262461 8131610 4978873 1813952
5893020 942422 6066663 6014828 7812791 6436111
9610028 2590054 4216264 3832418 9272393 2674544
593448 8948506 6478323 8381437 2611567 6167251
3474027 5762466 9552837 8378419 5130610 7193920
8810375 1782706 8185069 5937290 9020120 3103758
9876628 5214509 5737026 9634938 8017785 4921890
4941084 4182089 1246032 1394278 9571862 5940729
3596420 1568351 2919831 5335991 8125149 9910736
9212986 5928469 2520546 1722077 7349635 5143263
9054601 3453483 2985778 9498834 3704556 1895388
9755327 5055833 1153294 5869101 7110078 961062
6832158 4631082 9714500 1728710 2777200 9453366
1337975 3127465 7162860 8703168 9534649 4868709
6633730 4770253 6334549 5962700 7324878 895890
8662727 8310924 244306 4920591 5075623 7169413
7372971 9050269 1981433 5686121 38583 1286670
714138 264385 2960545 6094318 2692340 2968408
5629147 2171743 5901323 5823909 4305881 3424813
7685919 3134358 1572181 5856196 9445853 3613727
5723674 3953937 1543177 3759745 8049136 933017
9113264 6780248 5366981 5789350 2523937 4963088
3857599 8675064 252321 3932372 9090760 7273875
4061068 1279117 1685094 3138431 680562 4407797
6717517 3982675 1084899 5912248 8731995 9344017
7308637 2276432 300553 2865063 5515579 7081775
4488605 6727373 4374703 905805 2631253 15920
1239964 5632121 9788507 6750464 6314622 4421829
5643161 5464314 1895574 7837816 3913419 5521725
4019200 8428177 7412119 895754 7507817 8454171
9433863 6893708 6239298 2374176 3583121 700334
8064708 867452 7775769 6209051 1182375 3707836
5282816 1137916 6019547 771608 2926534 4879397
2172714 4445081 3525869 3094936 4085541 8028215
260289 7345066 3836844 4665792 8307726 6303408
1568770 4282694 4702918 5202417 7531325 9200085
7944161 6770384 3607010 3108733 2501044 6324711
9711381 9757525 7624513 4155075 9412917 4332520
7078773 3188963 9888554 58350 6881486 9073532
2072917 6174724 3689907 7721490 1690970 5131866
9328778 2525058 893449 8556336 9192793 2232722
3041021 5173365 1119832 5405679 9984418 737814
2183375 2671967 749 4111825 5027733 2524830
5858534 7316903 6000193 2022706 6863285 2525427
5817157 2737314 9356348 7828086 1279418 5671333
8787169 1150209 9183046 4818855 7732939 5275894
273698 2831171 4931456 6443069 6090106 6860688
7196571 1335349 9805786 7772437 2630071 382767
7309401 2380956 5341869 2534335 5044149 910115
7240128 4028564 9754086 6574255 355197 8286579
4285250 8928962 6902560 1845153 8469971 4602696
7980948 3158365 2944045 9461043 5460941 764577
222646 6203461 7348497 9445201 1161157 5930652
8869495 1990966 4873350 7907102 4274691 9385262
349658 8453469 4781578 7802157 7720154 6076806
9342554 5781796 8176221 4151437 671771 1849668
9406810 9007776 6045936 9166779 5883273 5109986
5982605 8153748 4943318 8638549 1311324 8403831
8273655 3806015 7558801 3625959 384157 9350462
3879159 810274 4534812 1449820 2567217 6281578
9485715 8583616 5866371 2105487 6312572 7891478
5041780 3133410 5280003 4497570 243809 1256007
7488619 6647033 2226242 4040604 8011858 4283532
3162002 458923 6935855 971021 7517818 7389248
6213493 4087881 4108958 8101590 7619292 7941537
3903159 4389815 7407026 1743379 7931255 1287419
2559753 7886348 9890595 4070898 8289035 4170586
7000356 7936119 7283922 4239767 8488528 3785568
8434407 9705007 392055 6483172 7010543 2017029
5441074 3837927 3400659 108908 3844108 1046189
2982893 7713130 6739913 4108478 1694557 4735200
6352808 4510073 7475856 7205773 4301642 6563957
6689030 5924253 1578204 3559077 8936923 9717201
5749271 6603965 7151776 3176694 8192820 4328825
1423925 544006 7822577 7966410 7812741 9201167
8290133 2428317 2760888 1445118 3658093 4967008
743281 1327552 6130302 6209302 8596404 3943772
14786 5793984 9994380 9447676 4642245 4689094
7838338 3032611 7050499 4149422 1962099 1242807
1458950 2940292 3744125 7574428 8974755 6960912
1849622 4746899 882756 2731756 8052017 1260299
2503169 5706191 6002161 2156411 6214405 180523
6523210 1252707 1412407 3297005 7919636 3665713
1293959 4963453 1695251 1489654 4000943 1569007
9425508 4609903 308548 2126222 2396204 2509847
7481152 1136026 8559995 7702262 8200044 806944
862494 1554561 9277218 2834733 9410384 4925
4521006 716446 1901387 5608731 6995115 7439679
8320873 9416210 1833418 906141 7521779 9901999
3260351 3448876 4766805 1511473 4417828 3760086
8514547 6305224 3146 3261739 2362913 704347
7426336 9101453 470038 2525364 6325827 245196
7871031 4827851 6093335 3427434 6296934 1494688
9790633 3457584 9818307 9908007 8344838 3153210
800859 8205810 4837279 8496139 917632 8592817
7318834 3466775 4749389 7930584 5361206 7910461
535701 3547565 8796362 3758158 7021134 6165411
6297843 5659752 8739776 8218124 2154167 7851587
3602998 761768 5940040 1430826 4532548 2964447
8114385 2727445 6313539 3024174 5117127 954449
7705600 5028034 548085 1318877 3570537 4644896
7114168 2714584 6909301 5554662 5627710 248649
5275316 4156448 7048534 7763209 9968931 8097695
8260373 5858292 5949867 1451097 9051342 9004622
9924922 7698498 9317751 8261996 3091179 2109311
5420721 9152833 7391798 3852504 8158486 8290662
9601409 1425307 2482821 9457610 4598482 5228508
6450434 9613364 9168682 4953844 357707 5536591
5949319 8333458 3843300 6044864 9425718 4392596
7565794 5127975 8054046 4349959 393504 2323226
204725 2145250 7608196 1711277 7157133 5281771
8453058 3250513 6606912 6835342 9016418 1687280
8342035 1122890 5870629 6755199 8337889 5660326
5360671 8778080 3680429 7223828 1582806 8351924
1929193 3048018 6661658 3993232 4642852 2531313
7053861 4907540 7849745 8609169 549063 1422185
4229410 9014862 32032 8282927 6800006 3212751
3837454 9493780 7883573 9354080 8010443 3084140
223627 4119995 7862379 7702041 1448178 3689186
7106712 3301003 4642125 5363983 240512 6518609
3151149 8740996 7690577 7671452 9113790 899635
2543092 7277119 4710710 3156979 9485957 6767063
5158095 8314249 6716111 2388437 2982429 2326607
9680486 2300574 1828193 7771780 6976916 4077046
2766624 7128498 8211956 7015865 5877739 3803264
948175 544650 7746243 4395733 5688262 8642762
1077948 9563802 4942002 4885912 1120172 8555842
7630087 9068586 7095270 2517144 5041550 1127643
3099187 7419884 60862 6473243 9049167 9302410
6996896 8738369 7505517 8888095 8249682 1783198
9320608 8963653 9357393 895524 6789314 9308464
1024660 9206344 5654897 8799576 1612364 1386275
7963846 8270974 6747765 698964 3105904 8352710
3320416 3032232 9214102 2767467 3247505 4294375
7402459 7064914 839872 2485578 7006850 8138362
1172709 5130834 7892075 8335433 4322102 5064027
4010919 107210 4216129 2860314 3496150 1525941
9273520 2749607 5371633 5869959 4483406 2990301
8139102 7879656 479197 7850283 9317061 2220282
7771908 1796082 6111489 3205332 2399644 2290851
4586071 9238379 5086150 4365004 543099 6521129
6568073 7124729 3317410 4745740 7446119 7788550
273312 1673911 7513692 7808797 6991280 182764
1875399 4188277 711608 5280078 8164498 5788266
9429726 6936681 3874983 3579563 9274717 3897012
3842763 1513047 4117287 8154544 4266686 7540191
7325368 5524268 2230148 7301678 575368 5516338
1985998 9367801 7292186 9458514 6002465 2290405
9061449 6983816 2516557 1711862 9169347 8051945
9030199 3744961 8768894 1110469 9328281 1954311
5740339 6480427 844637 392753 4948456 7093385
1014884 4646832 2568066 6352794 1359253 4450089
6672398 9985833 9402311 6625456 9290009 4567736
3037047 5258195 1143263 239627 4455238 8346388
829053 1066207 3257413 5128640 5356276 5310031
1808827 9887716 6114491 3359130 2406489 6005634
4021924 4260248 4429666 1179478 6132368 1365528
4077679 4723201 1666173 5323906 1492984 1297708
4631661 5209750 6338988 3975058 6538029 197229
4760774 3215375 3176480 2627592 2118451 3050664
3703194 6554152 1276874 8012467 826312 8175316
1361139 8601254 8285384 1431806 9300689 9230684
8012488 6788013 74658 8888692 6933309 5786882
192392 875671 9729559 9316350 1882423 1414688
8014934 527451 220703 4748916 3039024 9659281
8110274 2652867 4278979 4200167 5196187 5163799
7441548 3173619 7634165 7672571 4970302 5130976
2719597 1257240 4125350 6989665 2953278 5527874
1259268 526750 4095726 3408003 7337504 7515539
8573214 6579408 2857500 4776213 2315028 8804818
8757680 145852 1910850 8127957 9277026 7185979
3160133 6989766 7772740 4842751 7160446 1512815
609285 2230251 7332781 2383180 2791353 1605064
4622488 6486933 3903139 3586568 9463540 9578579
4154413 3854644 3182243 4600491 4791507 7183678
5360025 7188231 230068 1883684 289321 2149725
8953629 5742730 2337778 6271393 2563842 7374586
9130773 6211984 7944767 8880660 1080570 3661286
9507758 6813274 3352406 8200843 9645959 7527532
2359987 6334656 7401519 3206890 8784668 7232359
8607405 3105617 2647152 7424507 6827246 1745793
617773 5742250 4554752 8008719 5825058 1128047
9983537 6190992 5963790 2516758 7344473 8179602
2717060 8912892 4778373 3257761 4466539 5910103
8919165 7842208 6216590 6594351 9891552 8074311
5712574 9119828 1627780 1667228 3109340 9001665
5251188 9883615 4144225 8149103 1276923 6428351
4274250 1603029 6469656 6437651 3013277 9489179
6789210 169915 3925105 8407168 7945416 9345257
807021 6058632 8109278 4258242 4398020 5942768
3406285 2024877 5000577 5223168 4332096 5693113
7654150 8724516 7652142 6393960 9841938 6161612
7322643 2026580 3199233 4656206 7772082 8513643
8046134 4587229 4954520 9598984 1121614 8306084
3602896 2157735 9208388 5443165 7166115 530622
9886073 8606220 5473337 4718895 1352191 324988
9595679 6850253 3023359 7939433 1222933 2088863
2728004 2254491 6111865 9074474 6745736 3845626
1341685 830919 6207827 7550592 233148 477274
8118218 6074666 55197 2451082 4722961 3546192
1386378 5920124 2730503 7752086 1187885 3286820
2377049 1891396 5122957 2740990 6361509 9307232
794381 2146719 6663882 7076145 6342318 3757361
6215148 5633988 1536064 9426012 4178442 6470728
2500625 8226326 2539465 4084969 7447749 7863075
9471510 344803 2239781 4442903 4601271 4837358
6863898 6208939 3488478 2201275 8011447 6355592
6215965 8677807 6229381 9662768 4486797 2139417
9491518 8205459 9526732 7809647 8453877 920096
1041875 4994180 9262501 4806315 9469177 1667358
9460550 9244108 7094204 2408025 8568502 9051663
6251666 9915416 966145 5417669 2296046 7010686
1180161 9341989 7970388 8797 9106452 793892
5101842 3545188 1126470 5114825 4857509 449991
8340044 8593082 9711937 2561034 1698999 6476321
3021959 4854750 1353547 3681241 2674424 5878348
1661024 7903260 4476328 9375417 3318921 8517277
8229084 9255356 4468849 2290256 764310 7103526
8794902 2977120 917515 2927484 5922202 916812
6707499 4721829 6999332 2438870 422454 2662076
8011088 5112992 2414830 3070508 9472143 2282924
1658063 5830591 3533678 6013779 7025444 1226627
7093212 4897550 178010 7388099 6522656 1245253
594374 641149 1976873 1967246 7376212 2630838
5528173 4831854 8577235 2493948 6750317 169058
3147958 6832382 2793428 4263669 3729661 4865985
613883 5141290 2931322 1772499 5664362 6305143
4137453 1436044 8961721 7353187 2176991 1655162
3397573 7054470 9276981 7129150 7396915 4762597
5048682 3453196 1088482 9309685 5932379 8908256
6642425 426449 1710373 9494189 8637621 2341517
7170079 5829668 2716673 8376525 9935560 8381856
6143443 5429272 3120371 6288843 225429 4871876
765213 6069987 1077549 6913058 2029202 4819923
4668166 1469427 6843230 3824439 9839314 9997951
8583332 1797827 3046049 1743522 7079681 3949675
5936150 6924498 3571167 5165288 648630 949426
8212144 5481631 6205852 8496658 6890975 4728136
236845 9792224 3812367 4349828 8669080 9344390
3721865 1954420 3538442 8286554 9165926 6670084
3499371 8387241 2544315 3751108 2426005 2679636
4242947 469919 2255191 2714923 8812650 7165272
7467440 3151407 7298514 9072463 7115237 2367425
8838513 6028394 3993612 8121420 6917110 6479388
7683487 658585 2769205 1711486 9033371 6573258
5365941 8002422 5536482 4781679 8438296 8867891
2676081 8248120 1765103 3442282 5197236 9072622
1679110 7020804 4217304 7333502 2784254 5137227
4155652 4990666 7779898 3509458 2441094 3892498
2162278 1378418 3643977 2583327 3358149 4057792
9317853 8886244 1476154 4450064 5466187 4434343
3986941 5558388 9328502 4610152 6556931 663379
2475851 2787466 7809880 617871 5709125 6888423
1132992 618436 914720 2215340 3133611 3810687
2654453 335885 5614179 5521556 802204 3765900
7409454 5356175 238236 6373549 4012124 5633147
4389975 5562502 2700392 5518505 4553398 9586345
1217743 6452181 1937193 6212259 1952694 3099528
1282017 4846 9996274 2894796 3499468 2019485
1597366 585718 8076640 3440617 5990917 1647161
7134894 9575004 7132441 5388024 1359477 4948948
8928996 8300777 2473375 3118704 319213 9482742
5633578 4692707 5948291 7694802 3569715 8364229
1395308 3691849 9009275 457655 5446556 1476115
4322661 460607 9216411 5782452 2130535 1847038
9390602 8597171 1391480 7950932 7389580 1447799
9921923 2209637 5394443 5550677 118042 4896982
4670175 2185573 7107735 2932924 4966273 1401082
70753 973132 6478652 891653 1716550 6346169
2688740 1982376 3037870 441208 9861856 4487367
947285 8684442 4289019 47967 4880735 9787941
4789817 2908892 9456060 6106161 5248962 5983388
2454828 6365561 6528927 8176076 5744235 273792
2131877 8059981 4938093 57657 6100934 7903871
754750 4674857 2493855 68533 9999174 970765
6269249 9902523 780656 8513582 6282079 7129651
616736 7585299 7157582 3294788 3094836 5963590
4846786 8586919 3271244 8449038 897273 51813
7523913 1980262 1000751 2182716 4703971 670447
984039 7825337 7709828 9624485 7255278 612330
4951814 1243874 453721 7804722 5444855 7019739
644198 6990064 5330600 3478440 743832 6176759
5976454 2450085 9994680 1183266 3792649 8435092
5209460 9274319 9789429 8930279 6370511 6664743
2497439 1996938 8053918 7334501 673011 7732849
8941696 1472292 1590480 3429357 1741575 9172897
5835615 7694081 8806835 4701391 4157353 5952602
8878392 3520442 3960402 8426995 1079590 2516639
606228 5756110 855799 9214841 1233049 2098247
2298873 6434694 2067401 894213 7891227 4735397
8789085 2724987 9722014 2483397 2832893 1837000
6455433 9904264 8987108 5111575 6290187 7546031
9892626 5818354 6067468 1615029 5800780 3916707
5524723 1628591 8377850 2819169 1169796 9067120
4560014 4617798 7983434 634324 5593861 7682376
5938887 2955549 1528542 781472 4589605 1465088
8333161 4193738 1207032 5520858 6352127 5396788
1510794 7583607 5255633 3080670 980965 9733993
3631989 9904016 7187333 8257774 5573496 4407137
5451693 7895470 8312524 3767640 9343124 6890409
5044069 6525338 7874950 3184981 1870664 8834186
7693963 991033 9122305 6137561 5221763 8717378
9527273 6634158 6892333 2950039 4519940 211820
1322134 9884850 939056 2236103 7741961 2854439
6388495 6265559 7762864 6966025 1154522 1917582
6926279 4800337 5386706 3760049 1355959 7493412
3224606 613744 4645341 9481126 4259679 6689056
8848658 3648758 163097 4483677 5950674 6560681
6126942 5979570 3785894 5851170 2551284 3083810
1787605 879690 6257396 5766965 4896367 6102953
9240140 3090394 5303885 6181938 4360653 6932725
9732800 6434605 7706463 6754778 2399869 8049055
4068735 8979277 4988674 4896661 9692265 5046021
4476997 2182735 6186742 9581970 8015425 4410301
3780366 2050275 1060165 2587434 3276995 4827661
8824830 7691392 2078506 3138141 9712849 1046124
9030686 557983 4566791 8566859 6676057 2738897
3478259 3384961 1281252 9558572 8695608 2421321
3631757 3431818 6538154 8025734 1314196 2447635
2564950 3485999 7585261 6605531 7691680 2828832
9624978 2127061 1204316 9516708 5791383 1873412
5967490 2436131 804998 9056637 5105422 4188581
6618466 4789753 7456447 5778606 5268576 988138
4660083 6402015 9686063 3360190 3219769 4983733
3284592 265947 2196846 7899609 7037054 5388476
3415749 5063290 25703 3649887 9553682 2079792
6192608 2269980 3178465 1207654 5716350 6235643
814714 8045752 4259806 7090215 2275229 667372
945170 892748 7696109 6859012 8834090 6385376
6385221 5067914 1388793 3842923 9067072 3349520
8170919 6734000 8923780 5651659 5302427 2589960
641416 9516853 6494436 3563299 5178917 6099381
9590864 3019567 781635 123183 4001701 972829
5604526 9270663 801329 1871718 7353075 6396294
1059042 6384426 5663126 6943892 5040783 3794717
1585511 1605009 5557704 4399596 824850 688579
3172438 3489133 7410318 7906159 6248662 7966617
7548430 3180418 2409784 8589106 1788910 6624587
4369993 4114392 4126142 1317625 177195 3300114
3882725 7985350 6242990 5821450 6150771 8318183
2858644 1216511 6373896 9503091 5576882 6170191
4018093 9735522 8687784 6790042 98951 2902457
7482151 5237643 9886872 422106 7750005 9691244
8343054 1601453 6375911 8953397 885551 4528139
8812922 9905921 6838823 7094204 621461 1951627
9303703 6025953 8905824 5745309 3247669 2001703
1056214 4051248 3121561 7993482 7242075 5313968
3669437 2856694 3368161 5127291 5072169 8319432
4645438 9147424 1282169 5084164 9004833 7105676
2457875 7753375 1973675 5686411 1828650 5417866
9027114 9140361 6328115 5406439 4087273 7407248
3661181 2796528 2797755 1765487 2192675 3294775
4037729 9133758 1424031 8636455 5354762 4001607
5288404 317463 1915317 2647013 6844356 4586398
9086592 4384016 1629349 868325 7466968 6717803
7143752 6944175 4273431 3145035 2907961 8519311
5839458 1134189 7464822 2060486 6683384 2023521
2949042 2916778 8838571 9654554 851236 7923800
5412042 6098022 9257956 2053512 4436051 9348157
8534596 6379927 7497206 8317379 5856544 3860083
5862696 9752919 9466860 3708939 7098865 4415023
636153 2797294 3189429 918360 402807 2821178
6472168 4951499 25016 1298558 392672 7603280
9356691 6301889 8659785 7760026 2201239 1820841
9688265 514049 5093138 2408663 3383024 4267608
7955079 6765337 5152192 9408741 9425078 378752
931953 6371296 672789 1305127 8639883 7297835
256166 8835642 314873 8075298 3375637 8670001
6585503 4154242 6514560 9775343 9892039 5289468
9190973 8529980 7423529 5570754 5429766 5313097
9063187 6455101 8127563 6408796 8517739 738669
2327166 1199491 183021 38721 6848092 1734830
6715550 298675 2750446 1954397 7726828 4900016
9854165 2825143 3362746 4856453 8937611 4483419
3025175 1206072 5599378 6628559 7647115 1081219
1433678 3343116 6864894 8755895 8882633 8850990
5844897 3462114 339952 6204295 8090617 421557
6465176 6572023 5111005 8692450 6922031 2056213
735304 2090089 86321 7178837 7621438 2036329
4644889 4636649 503026 9208392 2696093 7485583
9034762 304484 1321156 2295243 4338020 7164328
2897861 7158213 2276874 3838566 2949688 3015277
9928855 7655789 2835874 3752115 5818523 3210359
4664124 7531779 9177280 1420736 4648338 8649608
10651 1477520 7670428 8399594 6590324 2997878
3736255 725494 5737247 2708905 2426732 2076343
9676037 8364455 7760237 8197538 2931318 2429915
9946709 8886376 5053572 2445593 3174585 509534
5064830 4583896 2041382 2389024 8678423 1186441
2733773 1745949 6471402 8221817 8609363 3156928
6450561 3981480 6754953 7740862 6201649 8109121
7519171 3883030 8912651 8567656 4884155 1424503
1060590 3205029 7414225 2031791 376604 7870247
8017619 8437009 7887051 1513231 2645127 2867414
5198507 2936019 4683888 8184530 2274624 5017357
3889765 5722067 9491397 2184028 8550314 6819314
7839409 2923412 2149070 1185119 1377640 2715150
3558835 2542403 4707335 7383702 6273384 1721592
2676727 9016897 9896981 5931963 221211 9285254
6431136 7395967 8841584 772337 4888976 1719916
6054014 4978233 9110919 3699167 2839557 985196
404382 5215900 3980485 8243990 4303808 5764880
2378933 3565017 9041722 4177413 9577984 864133
9257437 3439395 5377828 9858268 9644970 6298849
4918851 9891081 1704522 601087 532871 2615238
6778252 1323463 9801972 4096012 1103286 2865232
9075589 3040713 8770417 420733 3018492 3975178
9397308 8580337 6233557 1116133 1321315 862451
5302971 7332738 6004543 5563653 8929647 1476644
425620 9592674 6895687 6493160 2678432 5250346
9577659 2794701 711451 7229400 6895667 4162738
9813635 7468469 4926727 2691611 9385057 9144216
8614597 9206534 2880900 3556742 1320295 9744459
8918172 4563825 7180814 5331967 9881362 6100496
3806148 187376 2237259 8815028 3047964 1301931
4348030 3293137 7436808 744331 723398 6797621
5043476 228570 5198142 9755715 9502058 2825942
6143164 1967076 9811450 9032684 3970857 302041
6176119 8843106 311419 3492412 3744929 2281873
2352750 2002301 6926364 8557671 562061 321977
9546949 7759560 3509404 4867419 708410 9883590
627084 923466 1471680 3518885 8400699 1387515
8886741 4864677 8241808 4657557 4034018 7241976
226162 9439491 9383941 7305792 3743753 2162162
6413725 9204514 3317301 4403581 9101876 2647870
8695001 5022915 3592679 3056950 3943140 4950958
184899 8983258 5100008 765359 4312929 7128382
857070 5026334 2509533 6535962 275352 1095898
5770509 904954 3686341 8881037 7568915 8519816
339871 3924033 5670535 3301133 9506266 2289920
9977587 6548801 6385422 3684475 4189636 8640950
3670609 969163 1589171 3638554 2814487 7601790
8769636 9192781 6039150 6812545 7188042 8395037
332959 8865289 3126598 3927358 7483679 9993293
4961042 2318485 3748458 1285758 5487191 1769242
3394147 3255758 2830844 2332349 8900640 6152806
3535630 9872353 4028113 9402342 52907 853317
4986562 9510569 2481413 6156838 8534665 3040988
1357017 6097302 7037697 3630557 7634092 1989661
993434 6046045 2414041 3494743 1083378 4829969
3403224 4515492 2426676 4637321 6764624 374388
3908647 9999376 6987157 3576840 6623450 1871593
1379475 9317270 4693921 837977 3502047 9085190
7677895 6322917 2083711 2110824 41701 9306843
7591340 2277358 7241589 2311104 1200288 2606144
7376229 544154 4193188 8899175 9835211 6376695
7208846 1875452 1412994 2303397 9354531 2497983
7938619 6065511 5815660 2536057 4043493 8417419
5360863 8245852 3001984 2727952 2239367 6245710
1348840 3936867 8209690 359435 2233076 9134246
8618878 6189330 6257970 6025394 8434091 5154157
2004584 358232 9467416 3478216 2594833 3715353
3930671 4255132 4270498 7050580 1596271 9787956
8502457 9189836 6954814 8817568 3712098 8443085
4416407 9174731 8130129 2561774 1729889 754967
5090332 358304 8223112 1535384 8905167 436237
1546523 7322940 119771 6373518 3341961 693776
5185243 2897088 2979820 3862661 8454856 7556458
9961113 1647695 9110624 621114 3080662 4701080
1134358 6577068 4408880 3190221 6047544 4806812
8104896 2146144 3520029 5457667 9401796 8884934
7882859 6739049 1182215 9471934 2552294 5149072
113353 3675693 4552535 3462886 6848788 7487555
7934452 8527472 7295905 5520658 4224717 6041583
2309623 2116345 5745988 6985884 1934603 7635474
8176119 7041365 7868500 8507211 8343456 1845834
2234177 3138336 6509340 5139911 111252 540884
6124795 2374213 8340378 6277240 734356 4554417
7407057 1790849 7226284 341882 551794 3724502
8950252 7716330 3608961 4632765 8155969 6949875
5773506 9766252 2790319 6772783 8433486 4501901
7344047 8589069 8059672 1248445 9129900 2078818
6309056 719141 5980097 6435226 1660741 7828585
8930759 8639235 672791 3882922 4082102 2563481
1972878 291620 5012031 5384712 1978337 2778484
6232236 7480456 9659386 3337815 3992019 1363024
309549 2974124 8841878 6919555 1255233 2985311
1387581 9194620 1332297 4952230 9714630 9223781
3196539 7229578 3976964 5438271 1850384 3853543
847836 9718402 8310025 1784656 9617394 5201440
6737143 6764937 4590262 2215097 755832 3863321
9444248 4884516 8936817 5174323 352274 9558111
4071263 2147920 394279 846927 2782939 7340665
503798 6628739 6896885 3562430 7441444 8578043
9993136 1441104 6583567 4417427 2041903 9271890
1893631 26783 8624050 4864904 5040930 4714440
3149792 88780 7352780 1092290 8795783 8527138
9933719 3153814 6078957 1622488 5376394 4586374
8781951 2622465 8453971 838713 1548098 7977077
1752944 8289308 3408205 1940612 4320533 4138311
9706803 2520820 9118460 1510908 2090016 649278
1583552 889445 2239770 8942348 1548039 2810418
4198761 6848844 6128443 3173990 9702090 1336551
789241 7657781 6137614 7010606 7615953 2472133
1581248 6450570 3563351 7882766 9771534 6914643
3803137 5640237 7744725 6854452 11363 6652438
3495179 4486276 5944174 5903411 3266916 1979379
8581705 8333576 4175422 3819412 184130 9765037
6409892 996611 3788647 7164287 1038205 9148475
7074711 4505764 910430 352867 6260367 3250075
4805318 2437040 7022661 4072211 1699060 1047381
8449137 7134165 2051327 7726801 3479853 1651994
7154259 6279022 4255944 7845445 2839642 2736625
7228915 7346590 5749162 5562121 2098791 8757328
3560905 2173660 6213159 3446175 5358895 9680842
8321160 3745646 2162151 4026082 3446859 6731090
9385130 5585529 5276138 9757912 7421735 8309062
4823916 5929225 1210937 6206133 2772546 3762056
4718952 8957149 198706 9380057 6183593 9256631
5312371 1668442 6566533 1012505 7284135 2837911
7859290 3227441 6837142 2632680 4422757 2772913
5086276 9633704 2017999 941246 8322042 6550415
9503837 9848461 9125312 2112603 8774983 1242725
6011405 6753847 6524022 5652528 4842509 8981942
1197576 4919754 3862915 6268898 1497536 2988408
2962075 1961281 4087072 8930736 8113721 4668791
4030746 1296708 6309886 6341448 6870110 9092943
6718307 5405616 5805135 5805350 1116444 1632999
683100 6081493 7609470 3049141 2125377 5903016
7920242 4990353 9021487 7332763 3470003 2191200
1323543 5688429 771277 420867 877118 5190972
5580619 2134440 1181803 3174614 3633447 8465220
338651 2799686 7559124 1120411 6285543 4954286
8752374 5954923 1112816 4085172 6462426 2974776
6231229 5909705 1613351 2722139 6813422 6321700
939976 4178589 8778370 77950 9555193 7010359
6970156 4358587 1879685 7662008 1042790 9070771
8266051 6638434 8248080 5826320 3536246 5411734
5887283 5079639 4607512 1957079 1632359 4910893
5440032 567399 4585054 7621865 1723852 5398294
5379753 6119268 7509411 8123314 2966956 8617108
3188999 9203583 339179 3373123 4089767 7055966
2192334 6433518 2482244 1895742 6531632 3962445
3960301 3836455 5300346 5515364 4508125 4334676
6535215 6289211 5823157 9663442 2528092 2589959
5056743 9886976 973547 7747835 2360376 9761247
9860281 6952012 1843067 3531195 6667965 1334356
2330558 4210643 7372234 8589490 4241418 750288
3124320 8376759 7067188 8542742 565090 8864823
3688242 4752025 5131852 7173157 6456835 2545163
3931635 1780468 2613821 7453374 3258113 7087986
8234695 6154094 5723973 5414254 9179999 2951991
8861874 2630071 3962696 1349322 1293406 7701101
7380489 8948295 314567 1015365 6539329 2202981
3694379 5223379 271238 6999926 2196436 947016
5937165 3967995 5345696 6567371 7618960 5578536
344061 9752459 6266460 7147315 9819523 7161091
33775 4797968 7389617 9919236 2163758 1432817
2368836 1619523 3923905 6949413 7376599 9731052
8866556 6875752 9939952 4704917 2221980 7847552
9313111 2041988 927853 6494331 4881874 2632970
7191883 1865993 1263927 4407327 7115704 2119192
8259780 1499551 6329260 2547823 145749 1776650
5481580 1024436 7924422 3773131 135193 9289888
2849492 1189576 624533 6772492 8227412 9329919
2450275 1069984 6808358 6406819 3732954 943777
9429698 9248339 2917542 52564 3151511 3096914
5970365 9640894 4226116 316928 815195 7846679
4958114 1374604 8348983 7013206 116172 1564447
6370746 7680287 4008252 2772386 9111504 5220075
9004125 7270665 6418716 2101982 1892895 8339214
38831 7498497 4407113 6947121 2871173 2762439
4235937 7480967 2097916 3354006 3686670 6302019
7017433 3053224 245294 1957461 774955 980710
3305143 2622861 3015384 739493 1194037 8510194
2822010 7667056 3031289 6485773 8347053 6107658
6857150 923145 2352755 8262835 6482328 9040901
5073496 6063245 8481741 5651070 8078656 267300
4600178 3553390 9072361 1293522 7582511 6083186
4868559 9221924 1321243 6893670 9437840 2665388
280287 1676627 9678080 9551323 3795507 556012
2868067 7533842 1626909 7748007 8174252 6337533
8065753 4176910 883963 2783956 8813831 2442679
1831199 1051422 2219265 2572069 1714387 3760739
9432564 401310 8262973 2489031 3436718 208293
9234334 5948242 2792230 2725581 4589037 6562060
5048185 2493307 1246436 7810934 4923133 7399109
4226877 5724907 6147260 6408872 5765903 3730241
4433475 741287 2990147 8600258 1989694 5274961
7024059 4047630 9852704 2343726 7229411 383460
6223145 7570406 6323758 5927758 2757436 4562994
354074 3127297 9804097 2666552 4259689 7551779
1844080 3575804 9340274 6891625 2208349 4440601
5925303 6638783 7128705 2424722 5429917 4618268
6762357 295809 3175514 4110788 1498540 3757695
910824 1177787 4021594 2774274 4606788 4062572
7321360 9914689 235311 7515350 4986367 6806451
5045822 8382177 6185138 9686264 6836235 5254068
735587 7267427 5866655 9119096 2421755 93622
1086443 6911233 1537351 3717121 8249192 9026397
7912914 3582353 6533608 3614835 3315818 6292702
3639404 717346 3338822 3264186 7040660 7924127
2780270 9196557 3247280 4426275 2224122 9238491
6174626 4015856 7453796 3473520 2272032 3080528
1984157 84709 6276085 6067427 5582625 1150445
9685444 6489658 575656 467013 9119246 498141
4584538 2084334 714676 3737801 2097899 2044941
9233667 3121010 7707256 8357895 7991115 8449335
2201495 5736615 7348135 9926292 5651596 3617685
5769014 2529510 4578215 3169447 2870354 1124940
7609603 2558241 4625535 7487246 3221287 7692354
9470588 3880594 8729425 3021039 4677631 9246497
5094556 7152014 1482573 4372782 8688048 5790815
168065 8416970 6354083 8306594 2910030 2645898
1488323 2263944 7513502 8637331 5509705 7616367
8354121 5574977 6394906 76850 3369959 7488689
7129123 2741201 3787195 4474992 3172106 3890453
6692608 1389423 3652733 4065338 5615901 45484
5111357 6299779 9436475 4244841 8411910 6369642
3268671 6352958 2305370 7544175 3905509 2234571
6023878 2606954 9027106 5059549 5761065 4263729
6172982 7504779 8047387 5428790 980269 1811264
2070769 1780740 8314062 2589673 1932587 1655507
5073121 6446249 9748836 1135920 2712714 401336
5714904 4082721 3671585 3408833 5132410 5742464
4344903 3726766 8033638 3047418 4615657 4516611
6521784 388854 9752991 4406704 6281487 1777305
432356 289120 5393389 4176518 4547084 3639543
69676 3591598 6117286 1071798 888283 7160150
9038681 6805379 7346231 4036523 4033076 4796893
289872 1655333 3811628 7071118 5992306 3477885
409351 2034661 1718384 5663855 289959 8053347
9472523 1735271 9848116 5854575 8605602 6379520
8827669 4081194 4941850 1604251 3266257 7060016
9624832 6639315 2280772 4694616 3891978 8913238
9940640 2788221 207394 2048484 4080389 929040
2141473 2421524 361826 5680539 6712262 7898550
3663796 810173 6887846 3398813 3364485 4629260
2561424 6593882 9943551 439035 6367238 7741306
5737782 2708645 3189980 1610592 2486607 8432537
272044 5271735 7064807 142514 2043039 9477897
9353207 4633684 9695269 6405515 7560506 357672
6017907 5244957 9416586 5558170 2342644 7071333
9014349 7707293 2883586 5551293 3290605 1564806
1047790 8558391 8353243 1417061 4582734 5714721
4832329 4819544 6097824 9408639 5024997 7942027
6420327 5008549 7450748 1954466 4463439 1401262
2220535 7161718 278835 8518220 3229811 2391654
4416874 2707999 4922746 2262394 1607373 317678
8468856 4411128 9065402 7391871 9191958 7083730
5222857 5298749 489652 6393078 9278160 5618619
1196561 1560056 3937725 9882346 4016080 1678797
9186706 502587 8103648 5980291 8347502 1727016
9635056 822911 2416026 6649392 5160108 8386982
4003443 9348668 7392274 6684515 833235 2778917
2747342 6029380 100255 2033047 5131565 9252505
8475724 2420713 41094 6044200 2830831 9675879
519408 7734172 8583510 8516507 8705119 3487713
142810 4162886 8196759 93917 2777952 4780422
373765 1049844 2758564 8647862 5698330 4531519
9266953 7214034 6701200 332429 6648315 6567858
2512827 1901174 6552126 9768203 8988707 3205831
6777945 3983277 3059268 6452227 7561153 7190935
6398217 5365011 368254 1613727 8402464 898245
457161 8051644 867848 5342319 8115208 3701986
9232193 1346563 1676050 417972 1896943 8768333
8433485 5870276 3194673 3296082 9419639 5116914
8678800 6684195 4858737 546887 224735 1127536
4316715 2310310 6969538 7740311 2482839 9731215
9560585 8047969 6486434 7499059 6122112 9534296
4024541 4763099 9708386 166503 6500107 8478457
2055559 2561876 3824481 7593451 8787281 6038095
5717467 7725064 6478258 4664433 3290411 3947274
3269781 9802351 7642341 5477730 5655445 4603356
7485620 1619003 1311041 9169013 50488 6800471
4438503 5412295 2467004 3618919 3841668 9857048
6889951 5119310 5953159 6896618 7820044 1990243
3379852 4357542 6070452 3759218 3322428 2299050
8985725 916301 6684561 9961512 6547146 2852436
8737232 3837721 8943646 489214 5232574 1186225
1951257 9061231 3864631 3889168 4747253 2164344
3881226 7372261 3501828 4335580 5608237 1467006
128413 2062501 5069706 1111946 8140741 4745716
4472847 2624094 4589376 4268448 5302419 1561291
9385370 1892081 5818379 6168389 7294456 7968838
5341381 193909 9234510 2033530 3770604 8785015
8427696 3114879 3378357 5560617 6069535 8278403
3370716 3649708 5156322 4128161 5907410 7341414
1758043 4411783 3888449 5015837 7297218 7715087
2618276 8425180 2240711 7113739 2669247 1098007
9497621 8932583 3445105 8715023 1015239 6423011
7115098 8635850 7426543 1237095 78510 7232777
2813729 8371106 1930498 8933055 9654946 6705575
782421 5008054 2119956 2394845 6741523 4153632
2050767 6201846 2143791 3663335 8866519 6251908
2569314 5540641 4481509 3289862 5641082 8232947
5101439 9468138 9127861 5672231 1478951 5010530
4109428 214194 1582917 5020537 6332303 6176155
7292254 2314446 6664278 9627424 5877186 7324907
9254069 9533309 2348231 6827917 973772 7189150
9814456 5211133 6084905 7872683 2213248 6720291
3672061 3720972 8198528 132861 6808897 5794237
8382165 6407798 709592 9321110 4424399 2513638
5247377 4391437 4378385 8314869 1935730 2082669
9447848 3528597 197490 9651937 4985994 356171
5645183 8314873 2069433 8918637 3961321 8998880
2063644 6028628 8503239 2460647 6263383 748180
4744862 1302062 5955800 2178590 2349853 5049365
5509619 6192424 3213019 8253360 607177 7256995
7358610 2611967 6949816 4684656 2247397 777961
7541005 2580753 4425766 6369118 2429263 5965517
9621034 640801 8685318 9559077 9618160 4524651
4449600 8117764 4908432 6377917 7895913 841173
8650132 5669356 1290064 1870140 3556337 1190337
4777136 7280525 2895115 645354 6286807 9595824
6241648 5841443 9741310 3800497 3293929 7226656
2706929 2538195 8589584 4808010 4645086 9725934
5393921 1735691 3187780 3272576 8791816 9025929
674230 8387717 8617694 949647 2253161 376531
4690929 3030027 3115088 1273468 9188282 9175766
3582349 7899149 3183038 6348788 8258541 904610
9932178 5517508 8005214 5183662 3699993 4521281
2124418 4463558 6869797 823835 7007641 4396240
2883158 1420511 209202 3907689 2043221 5191568
385769 9648042 759969 2109034 6115739 2040125
6495420 1466474 736173 5938349 9529109 7350778
1671252 8870758 9705306 2339326 6348512 6745357
9889200 6887627 1824046 3395111 5366535 9253620
4613443 20054 6998530 713219 7497350 8380795
9421960 1328524 3461033 2814141 3814065 593625
8070051 7259303 3397210 8385096 8922748 1698958
6128366 3333424 9778820 6627063 5377691 5114780
4860032 4850755 8508629 6890356 5206812 7627039
6706083 5678399 3054205 8746040 7896050 2602041
3811975 6619375 3007857 6267404 8530392 2630213
7161914 7590009 7812246 1601753 6753609 1718697
7521068 1072467 1937136 6047324 4173580 424427
1115177 9730867 9430285 4734261 6630581 9614734
4628821 2514269 2166566 9846031 9225872 319163
9788871 3663322 147762 1593847 1723555 57269
1004563 3167187 8771654 5653919 7020131 5664192
5154564 8100581 3279152 8807824 8073843 1674902
5947254 786745 6134109 6685943 1540700 7870077
7748814 5931141 9517753 8463050 5051381 5426442
3598641 5275669 276266 7270760 2089602 7105125
9314964 3655692 7395536 3492770 6868860 3271566
7594998 1291425 4031161 5958154 582566 7420997
8379774 3823207 3075226 5671632 9631493 3926626
6540424 2456363 5895775 5738425 5690926 4287329
4831613 2544761 634735 2087241 9338756 444185
7563130 2847170 5537452 6886469 3790762 8852729
1602648 3297447 1192638 7654521 5790664 6733065
452316 851158 4333181 356991 1339816 5146686
5210494 4645746 7175486 6122849 9300889 7340442
6171719 4921181 941171 5013806 2734451 4748849
1129507 2406739 3808972 4068698 4247141 5396088
3015251 228247 4217626 4138771 4898948 7418084
4461693 3320003 812917 3384924 8020870 3437157
567687 6560445 4246664 1747600 7472727 5356818
3572117 5992803 9654984 1175169 7117329 6301899
637779 3501142 9398980 3347163 9581687 6161863
8442698 7249325 3129130 5062686 3933039 8562429
1558322 6734528 6722925 919712 8117245 2941849
8840075 423195 9327410 7338944 5507682 2155924
193242 556425 1995831 3150799 4442101 4753374
5307252 1655766 5708121 9118185 1904764 7894598
5853793 366014 7930662 5811303 2478592 9486165
4349218 3699064 9453480 5382902 6653866 6968772
1085037 6919608 4698238 3515564 3888147 2660195
1973047 3440656 5396865 4739129 3117819 6577795
6930088 2843399 268804 9064337 7248893 3053716
3119359 9484612 3570888 3295521 3902450 7638336
3601744 6751987 5129854 9842368 155555 7929735
6055538 321362 7829941 8177154 71068 8672532
1815107 8869447 7868457 1412039 1453106 8000710
4621181 4525041 2157482 4954402 8710244 9305179
8684799 6664752 2963010 8109726 4209562 84285
8564434 397587 373518 9722780 8041163 1098369
3217462 7385550 9613093 7471711 4532683 213361
6771702 1729811 3707887 1921633 2132817 8638143
2091148 3692519 5702905 2731278 4725013 9207556
8979030 7347525 4059176 2991064 21224 3196875
7852729 5831302 3218488 7803656 1439062 7686921
3041981 7201360 5668818 2500108 9491629 2226990
1077231 4987984 3778246 2073344 7130452 5220338
627732 231131 4595801 6937761 2845530 7873047
9551666 3025058 7312468 8491055 711603 8891037
7894145 9825044 5948221 1244270 8721092 2161871
3101905 3853577 5622798 3059611 5379727 6820482
4230878 7322449 1212516 7131962 9318946 2805956
5465895 7594434 8247464 589898 5702765 7735853
8165282 3369219 5765008 9466840 8460810 1712076
1089957 534049 5099565 8490825 9974365 651830
4475392 6106630 3786878 4966022 8121895 2071331
577503 1652892 5002490 9147510 4968374 8335966
5570535 4886748 3073497 9129003 6833813 263394
6945172 9941802 6920842 98105 8778724 5502608
2454076 7679185 633640 6022034 7041725 6562174
783699 272238 3210447 4126560 4482942 6325785
6118822 6561839 3919391 692842 8259729 3944982
6102411 2261618 7751767 3279841 9860740 4884947
9573895 4035911 7050569 2658812 9651584 8489273
2677909 9719779 1659778 9680024 9563856 7297693
6966509 4294038 7682019 8241629 5919098 8770698
4573588 6377669 1468136 8579138 2421848 1255121
2047394 8789786 5041721 5343252 8692807 2844503
5995858 4491729 3638503 5019080 9816856 9684362
8472228 6860855 8159738 9846766 6187493 7301236
4719861 1087743 6402259 1645899 8490883 6743285
7471295 9605526 6096209 5601699 7419095 7603339
6657972 6221357 7290531 7394817 4671544 1423707
4333789 3847566 1026992 5062888 6167453 3266912
1590881 9489562 2823087 6105451 6851305 9524070
2103650 5696668 6641606 4371144 918639 8482317
1835938 4789429 5864224 1977122 813334 4268342
7614044 2333101 4394263 2692008 3796040 3032012
1784880 2151363 5502063 1795404 4024197 467577
3118699 7950530 6380032 2172324 4104513 5129115
8768533 2163605 5144979 8845508 1509539 341271
3775974 8874039 9360257 9038574 8373279 6822242
6331752 5504427 7397014 6939452 6772215 8752729
6928307 276363 8460038 355152 5294840 242983
733981 5247713 2442380 9422834 7456617 8827804
5470708 8055108 311195 7985184 4380045 3708992
4589104 5169663 313238 9496455 8399039 6331425
5663759 7704363 7896224 1615529 187487 942109
2384252 4854621 361151 8077082 5214504 3748531
5924261 9190777 5510395 4542772 1614486 8433884
766693 1536463 5553265 684973 9559127 6900183
2658307 4094564 5333681 9552178 8021999 4764409
7968444 5468540 2195172 7380036 4557066 3101964
9658731 4497389 1421867 997631 1269103 502903
5622822 9590648 7599761 2194166 8755948 3122503
141196 1471629 2445146 1588914 2812867 7562310
7165063 2473203 3247104 1978693 5062438 1973700
21267 9937741 1058970 5599090 4918369 6449849
102856 5423099 7773719 122839 3847925 2271746
4121058 5212705 5639349 7973424 7750441 781981
1263226 2772985 8776444 8780665 145046 7950483
881523 316140 6175799 3797474 8406267 1341068
6564796 6827307 9916720 8917234 657204 9718611
2566193 7573183 7391753 2938184 1860584 823212
3454371 147095 7347215 1630457 3753122 8379020
2507853 7200727 1125428 6682399 6194516 7998688
5753562 9930106 6565720 5469616 4022896 561520
3404156 1632101 7086617 2269207 7901686 9610563
9940220 4825017 6639616 2327881 1203217 8182705
3098720 8528035 3000132 4200510 6636918 2964747
4524094 2351368 7721596 6343114 5373088 2990204
354555 5562137 2123196 5340521 2348634 4514565
8828719 1743125 4203949 5499889 611367 6109432
4475309 1735179 1141034 5692380 794817 6821381
9314278 8256887 3406936 8279238 2290438 8434466
8664967 8112702 1973960 5096353 854508 1912865
5689522 7654719 9440754 2495179 8874326 2641776
7860331 664082 7003054 3764639 7364926 8681158
1316769 4419711 2107374 1020770 3604928 581194
2434485 7153233 8290373 1584084 6564730 5531527
5194354 581800 6788703 1885940 2487714 1092434
6210667 9812088 8344419 318703 7203969 1253199
5797590 852561 4108622 8590594 3041033 5352028
3893484 1681022 5252022 6104014 6683215 8601378
3036139 3559215 6828711 9219278 2195072 8683729
4636973 5587241 3066466 889202 3284563 1032051
5395381 8919403 8076144 1580868 1353022 9115989
381218 4113911 1827733 4561586 18451 8429453
6599555 9473783 322686 6932826 6016952 3805344
7119818 6616764 5107385 8814580 875517 4188166
4668882 9437521 1516712 8496878 1737362 5914106
855758 1302334 1007732 8586467 8444952 9230736
5948575 1785712 5217521 8284698 5532049 5081283
5299708 3057839 97769 2623853 5583766 3284808
5219365 9109093 4695905 776221 8877899 6959623
9981431 795838 8577281 4272633 5698963 6178753
2058673 995687 8277489 1209069 3586099 4474256
81693 3285564 5760662 9607380 954316 3428042
3395935 6319553 1329083 5761623 7133980 8891140
5403487 8292262 7154968 6104388 1106923 3291526
5857287 505685 3553856 8606772 7776159 2276738
9072658 2479758 3607896 9772608 8491016 9862717
7668696 5636860 2442944 8701860 6957160 8099190
9630387 5996343 2371014 5814038 721576 8622207
7546751 5996786 3572041 6840082 234432 301167
4590517 7617097 8701445 399726 148194 8169521
865611 8011951 2675235 4065366 9104898 550231
1787506 6428347 1119597 6503397 5520989 342004
9532003 8906745 4102393 8390801 820604 5066672
8743067 8392548 6624918 4452623 9595055 5239845
8547040 6619037 7637793 5282990 533375 4987077
8131925 4301217 8979634 1794269 1825783 3105048
1903115 5438552 2129965 7179023 9662423 5904817
7357527 9435723 676231 5161470 984988 2011145
5195953 9064179 5804009 6693007 3852939 13159
7779676 851615 5720892 7627396 7475924 6487731
6032280 7681458 8642456 5608578 9550458 6869553
4946849 7163772 4136493 3633384 2300716 346112
7714390 2085228 2796983 1658801 6998644 8743753
1699926 4561836 6526141 2889767 1366041 7598484
832351 9231401 9654750 5889670 1197878 2092831
2900947 684234 8746036 9060642 2014266 3445412
4193680 5794413 4426054 2424215 2756313 6372235
8927199 7684850 4671794 1638469 332375 3871333
9156111 4718214 7602362 3588316 8529855 5660873
218853 3473193 9977831 6088012 9055040 6848719
4348203 4270134 9001873 7293444 1262829 7633431
7065858 3730637 1397166 5069914 5027985 5234413
8499205 9589435 9703953 7974800 9354230 4987721
9443384 652675 9403534 2605827 8198205 1271422
2666156 5529415 9145653 4396105 121463 8160521
8438964 7969875 7339898 6658723 8743537 4747221
5123010 262247 7985203 4770447 4878024 4406729
1937876 2705380 6369949 4691256 7719441 5373181
8558423 2571407 8502579 1097785 6794439 5805450
1732511 3289987 1943239 9474206 2541935 735680
1762669 5718633 9164417 4670835 1369919 7776069
8096910 1365478 1589637 1160926 8114144 1698391
401938 5671076 3798697 6314978 4076664 2625229
621061 2119533 370713 2610579 6892024 3312853
2488652 6391392 333053 4236387 8853651 8073793
2491779 4095483 1929878 8441050 7079885 5542937
2512077 8990903 5919875 5741210 2019369 5792346
9007035 1099343 2629700 3194477 1040662 3195696
4496526 9641875 737416 5230860 7688562 6722626
9646018 1178028 1812014 809174 6214251 1400072
3394506 3488832 7827295 994568 5113239 8771823
4088338 4536816 495401 8682517 9055688 9945435
539671 5959353 2397057 2778951 1853446 585644
5998463 641538 6283411 1984218 6847358 7280148
2515000 4122934 1047209 2249664 4425393 2148110
5155057 1544300 6656664 8174975 8781574 7245681
9196729 5383249 3686743 7626068 7000327 4935025
7735806 1952015 5639181 7031532 4416669 7986975
9858699 4003414 3224824 8282768 7082395 132178
9057263 6674603 6033018 3399013 6942663 8271670
3954412 9996723 6542822 4231066 3942637 9155055
5412714 6324262 8529415 574066 7626048 7696940
1502706 3608995 758753 4390587 2524094 8543173
4178934 1291552 1122587 888312 8461364 5218816
2981897 5676822 2414036 5841587 9343390 6227646
8389024 4704306 7124940 1267329 9544240 972206
4285713 7023529 2363057 2189144 2659158 1928320
9474997 6193197 2920709 6615331 2091538 1134708
6199751 9894311 3654618 9432981 8128849 6559523
4638233 2555178 7329090 3733093 3436140 7026658
1191251 7239051 295760 2255887 114095 7766114
7694294 4502220 2894357 7026548 5089505 2478
7800824 6441586 3448693 9625057 7120114 5591870
7754005 9276933 1123115 3554095 5648103 6896828
3857899 5396946 5604555 1677365 9845526 6304092
3220389 6806073 2041974 1178 343570 171456
8507377 755205 5281379 5663769 4382539 9784086
3268182 3843886 8715380 5763512 624758 521609
2157704 8316415 8737554 5313447 3846892 5135296
396132 8506829 4009297 4769919 4117259 2028547
5340545 2732586 4797155 9549072 5600661 4133028
3719356 3796828 7736895 925205 152225 5498997
9771024 8145728 6993410 5605041 2127341 8064833
3445051 5902605 330315 8003095 7237556 3015441
74712 1986469 4964596 9747197 9727693 2212214
8025238 1191428 4656318 9724532 6017574 5866081
3246687 1872912 3361139 6019555 5680849 7031775
9684104 1715766 2412163 792909 1688066 3759542
1478641 2964071 27471 9649774 4537220 45263
1108046 6068050 2007894 1346892 8606417 2469281
4190786 5474772 315534 4013728 1918285 84714
6054354 3322739 6835578 1239256 8457333 7080773
5232576 6093490 6417874 7344471 9818402 4330731
7789139 6809280 8883426 5639836 4057014 8255961
7623286 5983099 6699056 7201819 3673046 782273
7368534 6351982 9238272 3383560 3696264 390660
4711203 1674114 491439 2794494 5766442 1056186
4032674 7312134 9804133 2891681 7778603 6270890
4190474 9309655 8895489 3648323 5229542 3930646
3104714 1658182 6713148 9143090 2125327 6270331
5320820 1972932 9264823 6974548 2475998 5598158
5976610 1517989 8110206 2553120 4654429 4093571
9757559 9517057 5160312 9565552 3105482 3413984
1561857 7182417 9019543 7905814 4179758 9185748
4587072 9990017 4014414 8738712 5847510 3157140
20898 6029327 4370829 1874217 1016581 266683
1170277 437236 4176840 7642660 2239405 6464596
1295429 7153968 9080316 8976677 2544512 5531193
4086297 9771379 8316563 6322994 5280322 3297175
7404387 4636350 3577089 5472071 114614 2328568
2542999 8973316 4888325 2912307 342743 3817816
8263786 4282083 8566857 7500630 7463899 5144476
6425428 6241763 160501 241602 4802136 8451172
370198 8841917 1465725 9260199 8468323 8397584
298478 9368707 6639896 6783273 2387388 9027010
8113901 4208252 494938 2473428 1125949 7529227
677270 2590842 2332445 1403039 907492 8528887
5211316 3752008 6139155 2279926 9938710 7458121
877409 21259 267390 6807403 540402 3228853
5151261 5419829 7241635 6485415 5315256 5668655
8419433 1155310 8171144 1013264 3187045 2355330
4106801 3280294 560475 5242439 160833 8635270
4794751 6007115 9109231 6198765 4638033 2406612
8189326 3514629 5283222 9852810 3285437 3087708
9435532 9411891 3681096 6101774 3558508 1500477
4621946 9834083 9234876 4452148 3577153 2355661
7453555 1273379 6877058 5044658 1707098 2852363
9362032 5350085 8156541 1389846 1148382 2564656
824255 1749568 1947621 8029024 5881967 2447597
2195843 2028438 7551810 4970979 2923925 3039067
1426032 8511242 8720786 4282329 8508821 6614577
487778 6986770 3571947 7597589 6118111 9371043
8514561 3393921 7136460 7740765 2671921 2121999
4589425 9196979 1766954 940067 9454578 7848533
1483982 4948622 1169331 3086586 1206769 9786983
2756233 29812 8966221 6269487 8376054 2313907
4352468 2528953 2745239 8260120 7028079 21271
7802094 4736459 8916638 5439200 8656062 1523030
3169405 7986833 2046353 579189 8137309 9785867
1810393 7475598 7536683 867841 6387486 8393175
5352992 7788825 3078150 7293843 3210623 4089934
3224300 7708103 9306207 8655588 8423512 2519393
1950445 6761999 3831907 7420608 4932016 3887166
7317921 2252302 538294 8171643 7314706 9978928
279915 6326216 8019945 5299702 3637705 1362975
5705009 3249526 1065687 4005366 4146182 1018177
1703778 4321972 829476 95360 4246850 996137
557536 5606518 5010970 6284371 9650630 2840307
7585997 7722480 4646486 4792473 8324846 2650272
3075020 2786797 4703376 8194320 4360041 3499779
5883409 1131721 7827801 4380696 595396 3618142
6303670 6995220 9504766 6657171 7396172 4505721
1350685 74838 6532152 8789604 4477459 4106962
7369111 3526374 275812 3903370 2709772 7221836
2221396 1041308 8085909 3583894 3189815 8241786
5606509 4089091 7720446 826595 4065498 1095416
2367812 3865914 4366281 8465462 5266447 9635632
8220504 7300587 9949109 3340580 2265009 1019672
7287362 2359719 6739935 5593130 3963204 5531548
1173629 628510 9252615 7707761 8547834 7308912
1132810 1877888 8247327 912439 8505321 50110
7516979 7770997 5016303 6378090 5976969 876085
7212739 4357332 8621818 4336089 6205854 1942532
8202581 3032423 4422544 3110670 4660460 6613791
4539502 649893 9445678 2083252 2554516 5566875
5353497 2766671 190524 2540247 7942004 7269901
7297103 3248008 1177147 1915054 3462870 7037014
1521915 2114574 6893856 2978753 9210973 9153583
1502612 721706 3840054 2098502 3689409 4730901
7308292 6657782 3849624 7497274 9020651 4288149
696543 393939 6293753 2004422 1892968 4570007
1658617 9059136 2799963 7089785 9437737 8516095
352268 6731662 1505132 3748889 6581310 2267497
5326581 9265340 9377251 515686 958059 9261312
8050302 7280208 34073 507507 8837816 6272260
23475 624334 6892431 7058619 5973025 6375513
974910 7905324 4997421 6671766 2163526 540548
9593448 856273 188813 2752414 7047063 8372026
629224 2032133 5097736 4089152 4267116 647412
4002245 8616902 5195207 4832469 7924902 2597417
4109003 6437916 9941701 6525687 146700 4399237
1942068 8409562 4344758 1759154 4354690 9156984
1048789 4960378 5259374 1123744 8955414 3096287
1494456 9277054 17511 687176 9671091 8342823
8149846 4140626 9018488 946254 5374761 3256664
8279755 2248694 1633052 3316441 821669 3899399
6181967 5834004 4127781 4386385 4541331 1422212
7222160 6010856 4967974 1768244 5165585 9184578
6783503 4149016 4838342 8159192 4972410 429208
7528887 5953311 290610 7807070 1573161 2749720
2473762 5832395 2899263 1200187 6523770 1261328
7651530 8658622 3843435 2886150 9963200 9882140
8129860 4254447 2694765 1143838 1737910 744286
3938114 6482149 9212107 3262134 106296 8606053
3009651 56341 8704651 8029465 1529222 4410500
1720806 3043164 6467235 3704190 5355364 3116539
3065320 218634 6042945 1623664 9762657 8615671
9929687 6250578 4528472 8175930 1668263 9311130
958161 9081233 8456233 4870618 2072996 4113529
1157486 9008628 8419625 7068998 8889977 6294135
4955870 1262864 8940799 3485542 5265125 3639240
1919413 4340774 9628879 3425511 9115051 6956928
2449240 4217540 6551178 1927229 1506319 9780648
1759823 6282997 5032229 2667897 3655138 9540846
6399292 5215937 6236302 8149821 4997385 3074643
8710107 6793283 8125412 6566050 2257992 7658706
1565727 2296165 8901002 5610539 8745769 6614632
8858498 7254806 3487645 5464682 2724637 9655971
7096566 8018957 8851846 9788559 2631617 2274082
6903371 8249417 4651334 9356537 9636844 9989390
7271812 9344292 2189346 3440538 7539640 4775639
8150139 3015172 5611811 841815 2437506 4777656
9436639 2633062 9958490 3788822 3879713 5750273
3829648 6436078 3371421 911166 4546075 7318677
9706334 224410 5964171 2272275 525060 1522769
9730883 940393 4805515 7912816 9191290 6373480
8024118 3056928 5470874 4642612 4401727 4494147
1172467 3765778 21757 9853828 6459990 4998295
8698157 2323173 1340372 2634858 9228721 9161658
1043602 6728166 8669682 2990004 2579193 6801505
1565681 5513656 5252605 3159509 2286307 3523500
2227669 6149948 2625261 7452703 6876930 8187297
2786579 8322587 5616078 8231413 9570996 4287320
2179974 4372036 5728178 1876066 1295977 145858
23332 7760940 7189210 9708283 8936448 5343735
8458023 7456138 7638256 6006480 3965043 6758910
942262 6762398 3635676 8431527 2761765 3464326
4624471 209402 3529975 2619039 4980141 2486646
3448594 8588511 4936715 9169006 638870 2662926
4426968 9092697 5275181 2966091 8756076 9944602
3647288 5493830 2087164 4379981 550018 9629461
4447795 7354744 8671505 5873185 1130277 5038800
2692718 7502682 6603986 1684423 9204450 8940619
6430662 458874 2419667 2021662 3665019 7731666
7296391 7323454 2349522 4958671 4562483 7686557
1287729 9877712 8126867 96178 3888942 2749784
4576987 9107478 2450002 3731911 8363197 3984145
5033902 9771252 474890 57216 4342245 888459
3503885 4779799 5601078 5980084 45493 5044788
7341454 9392805 8999131 9494165 7510863 2419957
6582728 7659212 2611652 1577350 2788767 6653162
610505 14462 8339920 2788349 6888048 7646832
9703709 8894276 276984 1354677 524239 9703768
7089522 8918335 7990530 9071923 5046766 3186984
5139468 4487516 7331611 5320178 9855104 5776900
2555973 4818501 3852172 9422043 2070052 3321903
8436987 9034393 8002966 9343120 8988878 5368606
3357334 5385974 469521 9167906 629959 2491960
7361948 7830219 385440 84645 609808 6168346
989464 5835717 4264634 5687057 3714930 4174675
1525455 944932 5891334 898823 4486450 2264475
4950225 5793902 1238472 6185738 6645636 1088740
55236 3880022 4193345 1483115 4852131 2082129
6098994 5306086 343927 8506844 855382 6227020
7961869 6894616 7543921 7969282 6923594 3497051
7178767 1699979 6896742 7721383 1912967 4750767
8073726 9904853 1069503 6202641 6974414 370871
9667754 1293985 7927617 8805573 4103713 9643590
4152605 6221795 2211385 5355992 2657487 8599414
1906141 8995431 8499293 2948093 6341971 4965964
410634 4810509 9947509 8327495 487345 7900712
3635420 2646093 8469054 580696 5990454 3681384
2781230 5742006 2819671 3041418 7877842 6681362
7657844 9772414 336052 632201 8067253 4644887
6397246 9381319 7881640 6401184 6706603 3074116
2702087 8727167 9807697 6890790 2325120 5517994
3328878 44657 9419734 7485221 3423590 853378
7002154 1898317 2930695 2027468 9409552 2007016
9547138 4997738 1343742 5011897 8390773 457941
3646678 4793516 5957438 6270824 851923 8794711
4612082 3944606 2099736 2764920 8256405 6714258
9861309 3140654 1972664 1070049 5992762 3513617
8544215 4451862 1568857 9470896 274251 2880883
1123336 9028213 7437834 1779164 5539964 3601323
6495649 483745 2974984 5095772 9766494 8117664
8411638 3648980 1770257 128419 4201829 4242594
9610545 1950035 759728 5010507 8150849 9942898
726805 1612146 3354599 1027740 479496 6032106
8457579 8827807 6175151 3835449 3365358 1807137
4885139 7107310 2771158 9185217 8989787 1155413
992947 441802 2011796 4541099 3118765 2355365
6002705 3494236 8385197 1757542 8677519 5380276
6342173 7973392 6706806 2306896 7305141 8674739
8637262 6861382 5934242 7476266 584708 4998376
4209691 9223729 5612579 8935463 4593521 7537547
4802049 7859445 9325300 3218038 574842 2008665
8673507 4789618 3964522 5041414 1602484 111204
4378212 1175516 3977562 474258 4137853 7618825
444419 7536666 6516435 1149224 2887044 7373923
9503007 5796354 9636286 7258719 1218487 2597577
5458889 2091720 4946936 1373888 8692885 7749878
297512 2052723 5316023 5887540 9450448 9446533
3033979 1467284 4161201 5601486 8938765 6643373
457983 3004630 5532751 4681027 2270003 6161034
1655789 7897382 2670519 3879509 8499300 4759955
9770405 1689524 4175947 9184005 3815238 4938291
7984017 783810 1650653 476087 5791543 1889682
7803315 8166137 3882800 9892697 3740852 2406570
6092699 4049085 1517385 5912068 1306180 1838356
2359680 4933301 3658973 2168343 2517123 8593968
8983186 6027046 2465588 261359 8451072 744456
9719161 26851 4405744 256984 2964106 6748628
4942272 4437540 7628505 6525951 3258443 2162970
7041508 1569441 4362965 8732166 4341050 9119571
4361338 5956858 2332628 1487853 2417235 651242
7080134 3890593 9190858 1949831 5260610 4009916
7066137 9866847 782974 3149619 7777612 6133634
6894736 1143933 8998333 8188700 4118055 4743680
4234721 5441762 1289438 2102292 2760275 8635889
2387575 734643 9825299 930601 9164131 9193981
4725389 4709960 5302602 712891 1661828 9911370
161981 3407628 3096543 9876894 9546459 9517734
2440852 4648500 7317758 4023844 6661069 7728292
1930952 6055015 6493800 8845047 479927 1786671
3408464 9503018 4741950 5625583 5462779 113044
140837 2740067 3988434 182802 2633217 4344283
4679774 257397 9982915 6678223 2416367 3330185
3422040 5490697 3262550 2940636 1449341 7417425
816012 6925284 257287 5010284 6985201 8594162
5679834 3562018 9490098 657849 3004521 5417598
2923256 7050896 2055275 9937661 5021743 3871745
4612560 1936994 1401092 6189757 3040574 2845120
6291063 6995687 9527 9129169 9386386 4378973
6076622 1845092 5649589 2497260 9432955 7198489
6276206 6746537 9515843 1040956 9032394 5088226
6714023 2197524 9212704 3495649 9807907 471116
6834976 2698581 9543952 8190972 8257081 9704861
8683079 1988258 932232 3277387 7046915 8770267
3423539 9468754 3325249 4572635 1696695 3000488
8268396 2192703 9892712 5195852 8332361 4725866
2354613 150578 344426 7291797 9079537 5161044
4774714 870960 3022821 2555121 9749588 9963480
6163271 2135852 2861705 3488618 8253699 1446569
6788666 5907602 9295979 1467102 2359621 1086823
7405117 7817848 796024 8776521 8563536 6361226
1334544 5128243 4681007 9951791 3990070 1867649
6164088 7170731 2742607 696483 7553069 3641420
109138 3498542 1728103 1318566 1348988 3414041
466825 4847727 8223199 352321 3783874 6153351
9199128 8011430 9107226 9806482 452798 7352348
9659738 5153784 2888961 5371488 2532112 8431529
8740376 9070900 1789685 7756540 5938519 95501
4454773 1546360 8699925 2508228 4597304 3851027
3017058 1504155 4235317 832543 3215449 6311112
3485612 882798 9218190 5950936 1161276 8539958
9159096 1061447 1457628 22172 9641981 1460516
9053896 2406708 6925559 8474178 949365 9040122
7246130 6268649 4453857 3093332 2626131 9688756
786278 485588 1859593 1225261 9443241 3206113
2309299 4763 8483283 2458674 6485377 8978889
8250722 8997342 5464287 8146040 2474975 2916431
8906078 4666599 9596945 5703492 1953442 4694191
160783 8641999 6018942 3069825 6584871 5367761
3185381 7371617 1568138 8479 9716549 5666822
2966084 9247576 8537718 3151293 9326416 8571857
8016913 8069841 5039713 1807658 6001736 9063142
2883152 5028304 5180646 1129978 2456495 6505794
8749727 3895681 6324655 8234879 3311749 1573235
6546110 6317585 6734993 13636 8217858 7439777
6933322 875306 7724561 1506891 6064296 6122745
3171280 7872551 7409197 1234513 8657361 6290843
2482620 1512754 7045500 7724399 384460 1707141
4431779 8401417 2186387 3342182 1860315 6530947
4104752 9438225 1492582 8917088 6723215 5209341
2969429 2578546 4352619 1513238 6374106 1493573
4926667 8469264 9072434 6634610 6947580 2191730
2249505 6312455 4864486 7511130 5774032 9381991
1035427 9159652 9103192 343092 8317998 5193442
8208773 8046216 6177072 8589817 9152716 9383838
5391841 7484276 8544654 5873601 2125034 153438
6180918 9787153 5292332 7573140 5087983 2904907
2640877 9958015 925271 5870908 7123538 1215707
3041700 7531049 5643386 4437978 1276285 2470295
1611483 1420759 8762035 8799390 5721588 5898777
3769059 2548665 405709 9607455 6153385 4745177
7334004 9236068 2792950 261579 5598620 7464042
4805472 3158224 5766079 6858040 6081200 5148923
739427 2313478 9225688 7292643 8514191 5825051
7854172 9422738 2812431 326550 3524438 2798964
19231 3830481 3530837 4402694 6935076 898203
8620135 7063332 5350812 9779634 7686506 8226305
9748888 5473482 2745242 6067390 1250139 8447976
4801235 6190481 3604880 8152159 4347024 7901851
1658696 9670679 6230253 5971471 289830 8169709
8231625 9249460 2745696 707540 1346877 3514824
5406035 3887968 1439065 7297761 9326784 2645512
595731 2645721 2968249 7926069 4592676 6907864
7902509 3347556 6176586 7460404 3786005 101030
8836193 860235 1409734 2097317 1139923 7612913
4589115 4475352 8158991 3003716 4618807 9303138
6403074 4194804 9655666 4858799 9735520 6936639
4669179 6302941 8643444 2458177 5334731 6492939
2920896 9406783 3229236 3568469 9184008 4541060
6114370 6524490 6417867 1226001 8709094 845111
4907212 2345426 5410633 7545528 3188620 4772421
3035984 6953450 7369253 9118857 1380875 4877077
3499707 1112538 2424576 4281545 8773042 2935551
5326852 9004498 7232980 3094315 3447311 8613702
9839431 3324217 2034410 7935046 2507668 6868373
1178723 2158929 9485239 6231026 6742430 9013183
2259418 2855476 1938049 7880282 4687545 2848769
8007147 7118632 4338981 1536820 6299430 204570
4569394 6814499 5367740 8820869 6637507 9342842
6971602 1605430 1549013 5270255 1012515 5521258
6354773 802727 8163034 4971503 6268104 7039782
4435694 7155149 5259065 718036 528833 5884515
8116044 8956399 3735899 8027163 4601788 3689741
5870336 165611 4021425 4003709 4725838 5451859
1724390 4576554 5833977 2826624 6658838 883272
8776832 2037951 5106937 5231203 1105250 4583268
8055809 9728280 5547136 5501509 4897621 2878787
984910 5378747 4825361 6390760 6146315 5861324
1904669 4060666 6120468 3765364 6652092 8421774
9087162 5033974 1570234 2492137 4146903 7408605
2041694 654217 3516029 2081849 1030355 6048680
1508749 9911954 7146498 3253111 6202105 2775175
6284946 465278 3633957 6184051 1415343 3504506
9521454 1551452 4876545 5081197 2338842 9811545
9196541 1119775 8033617 9888776 9632738 5240503
3028931 3790826 7945645 7252497 2118806 4307794
3066531 7556940 9433286 8115689 2984568 2357439
1144193 9699358 8015065 4378562 7503666 1554896
2740002 3995027 8937629 1876081 1951114 2363094
7147720 1634103 1787623 8773277 564471 846664
6410820 3453246 4057583 1585923 2188834 2250914
5995854 3362758 5700098 1532040 39454 7545640
1910194 2740313 7999205 1088532 6242945 8854481
8518507 3112446 94817 3484616 4525653 6515190
5900361 358226 3356206 1903583 3637007 1055981
6834113 4633529 6524078 3248481 6772391 2578609
4599391 682891 1957478 1665248 5402589 7763765
8783434 5070546 1527109 8986379 3893428 7576574
943566 8709877 7818023 4659463 7907419 9189399
1098328 6127373 6699149 3407607 2433847 7408610
2787791 9912878 4923277 3550797 8379837 6799070
7105446 3593430 1812194 5066513 6185146 1940929
8452370 5447094 4185600 1500925 5234446 5186486
2485100 494883 889584 9580662 8557286 3941103
9096412 8779136 1253698 9649070 7081244 6133162
763794 3774478 1360961 5330893 5442696 5780037
2322241 5589006 8314852 7950909 7768764 4661855
1507600 6118639 6509602 8329945 4195225 8323865
7489090 3989718 4192144 9679515 5403328 8659064
9989710 4967478 7001354 3738828 8142188 2869125
6701181 3770827 3067898 2852508 1182144 8873799
1023400 4582850 6283869 5517196 3476980 9563825
6482820 1168390 4578992 5792591 5549440 4004996
6262783 257792 373291 8396288 2270999 3875390
8247516 4800431 5342809 4984998 6599030 9482639
7125238 6646164 5015788 6306056 6592662 2811644
3130460 8245901 6810862 5096917 6227454 3152461
5652477 9262750 2049524 4416692 6454882 409319
6152512 371324 7434505 9602123 2254988 6218002
8578841 3280643 6442096 2375752 1741957 1831289
4995167 6543247 8834917 7806492 4483671 8558755
8339837 1423227 4219346 5448881 9549818 5680804
3640453 6713665 3102119 6679 1956919 6048011
1843410 4532221 3819177 5886631 2878218 6273333
5520251 8579278 3914071 1180606 4981194 5253753
8613716 8940329 403665 1974032 7269946 9858477
2371605 2844289 5287025 1009122 9043815 8351840
9172599 3128439 9319424 6769865 9784343 83393
815934 6617872 5644255 5412685 4145974 4064646
1816215 294152 4732968 6807702 6046264 4740602
4441828 1041068 101270 1897562 9837381 3962252
3438286 5950576 9223487 840573 8038087 9430590
6641915 9845486 2901172 8194245 2113340 1680139
7346592 6115041 8367062 4940387 3929907 561347
5856755 5683033 5107592 3834159 8875646 7017823
4967540 732787 1887469 8744602 5981649 6951190
2677246 8462311 2461433 4564117 3308108 3606743
6798868 1584004 4449230 7283522 9107849 8528477
5894141 9559617 4244828 1837966 9165932 2191379
3322902 6834611 2113841 7138601 7111704 7695182
4557002 9064254 7566436 2014091 3986203 900616
1749955 8087254 4994885 438029 2046181 1343228
8857951 5768831 7194109 6844840 8086663 6096068
3561063 5094694 7261259 9577851 5242938 2015377
8436423 7064111 4415921 4508914 6192051 6574527
9909190 6709577 1245795 268557 6313713 3114816
8128253 9822862 3779567 9720907 3772152 5464463
3822798 9744109 8109410 5496467 2829174 7070353
8471209 5734084 7694915 1568110 2572167 7396395
4291719 4862530 2641718 3319047 6806508 8460733
1271041 5182413 2163192 3753593 7561675 5529304
4623054 864323 4974683 8553447 8872265 7468813
6323342 3330725 9979708 5649674 7663834 4501632
6137416 5755647 3954794 3208331 2880000 4116015
5366960 268951 8516971 6355817 322205 1405980
3464605 30073 500445 7818603 7921755 7889823
2584238 604138 1636477 4179681 75048 8618797
9648797 2089138 5072176 4713330 1511880 1556026
304489 7908934 8322002 3628245 5407939 59900
8498069 9347149 1126729 8535518 3633622 7582096
2093931 3839737 3146751 6631369 28928 1427163
4382524 2326615 2971053 7681863 8731515 3926933
9495857 4137427 6032740 8306347 7249724 4505885
7935584 5629993 4122226 5256869 3409445 2575670
6482100 149388 1368337 1134750 7546484 9742368
9042229 4193997 8218313 8700430 54011 463600
6379566 4386140 7022657 8889716 8416108 151802
1291493 3968476 3995194 5400684 9966599 5972842
6117195 4121182 8553041 5186600 3610298 9646620
4529758 2510003 7287345 6286738 3042251 4727434
9893875 9691140 8853647 6040142 3618816 4087265
7051498 3442406 7747083 1949449 861880 1762515
1847720 2115229 5732245 6670330 2244542 7931366
5300889 8001737 3676194 476167 9933775 8857367
1384103 854819 9232451 6270844 9721761 7343653
3345025 5404116 2266679 8854830 3239799 8425486
126670 2059501 4106557 4378695 6445697 8087218
1013167 9896955 2558207 7716133 6845545 8630147
7685779 1476890 6601903 7891361 3889702 2821893
7447126 4778960 9211628 9715724 5427669 8427111
2315143 7436407 719310 9508635 6907329 8487562
5290103 8115599 9758748 233747 2492155 5146814
6653071 3615988 2039735 8951946 7778086 3397088
9278789 4720485 4333393 6155151 2251881 8831713
8462130 5813609 9404111 1218775 741786 6714560
8192602 623839 2139309 835350 1017190 8038706
4286519 8040475 6510682 285197 675822 9716748
7580878 1159569 3913772 9539944 8672573 1477681
7845147 6069669 1846777 7376132 4385939 3336540
8512532 9737084 8881353 4772201 9525876 2667699
6301616 9608579 3164941 7670450 1346009 3240971
9729020 2296158 2731623 1544458 8798922 9385990
3927230 3925236 8014401 7031837 9352037 9092528
7650829 9548711 9894288 7544054 7965569 8339253
5554931 1561323 6139812 1743313 5438187 8568839
4177807 4144235 3584801 2207559 601491 2535249
2421220 2599428 3816014 7271129 4276988 8631227
2968655 3883320 8223835 9110872 5089740 785224
9817349 5094652 7989663 8347125 5053560 1449929
7028142 9862570 1480643 6654362 6270349 6376026
1026184 8529801 9156404 3254221 2338890 5066586
7357174 6142036 6718769 261889 9237261 9271643
8046512 6641830 4461803 1502792 5255379 5862375
4253206 9015839 8999384 1527429 2270113 9810710
3943954 5181221 3454922 9794506 3884660 578197
4976711 1586342 7470733 4558763 6940117 6266719
6670153 7624853 2981316 1631671 6470584 4688270
8320552 1675600 6408434 8481859 437614 2001382
1887084 3766355 3282854 5632576 7922237 7701911
5567231 495696 9507053 4864349 8320457 2369934
7737372 169648 1460456 2319891 1786160 2814240
2401 2195224 7367451 3500981 553933 6415178
5655605 5682310 5080825 1484431 7180304 5503369
1528482 6569151 8422505 2396014 5695111 3293478
9775722 5201037 9832494 9455300 2419860 7676888
4066201 2449678 6861096 454965 2220960 8894060
5942513 7602912 7392456 577948 8978331 3335160
4505203 3009463 7195196 9160643 2208079 4693760
2259373 9239596 3320225 2205928 1726883 9713465
2216387 9932515 3684231 5615714 7678945 1201649
9878242 9031411 9931302 2360319 7899281 2118909
6130780 2713307 6631670 3734939 5019129 362955
6031914 2463777 7859683 480949 89477 123127
9270473 4581235 9544711 2855374 150731 1703614
7016485 2509367 9705721 2548888 3624428 3748212
7186315 9360589 3266572 3405264 3922307 417006
2859794 3034117 2796247 8981157 6399698 2419836
56190 8219000 9414880 9722688 3291628 8889046
2447052 6371482 4220034 232531 2136394 3296241
8616452 6454927 4898712 7943361 422944 9444975
6659905 9796185 3530325 8212700 9458003 6219091
5102803 1232781 3946732 3660833 225706 8496207
5017567 2849334 2845430 1564050 3596892 2636858
4801055 3970961 6225615 4404693 1639581 7783791
7626449 8667600 6398379 6672270 4871362 8748204
2970882 5492816 1668995 8076739 8882053 2195255
9642113 9155220 380398 8468729 268251 7190510
4224158 6641254 2844241 9458912 3933043 763321
5260239 6364833 4248450 3542251 3992560 5716339
1876205 8663306 2425695 7060515 2065627 9689007
6257390 5816853 5227423 7736392 6977472 7575043
2962458 4851633 1533935 9020698 5453423 369350
267073 4339051 2639288 8180072 3806283 7135310
9161019 2010388 7228153 3828231 6096269 1743743
7860818 8087001 1310359 5389188 8919097 8014773
591752 7308195 6164221 4436222 9162250 1889270
2678506 9272076 4996396 6760694 243125 1587691
3918471 734890 2342984 6576266 2312193 5313042
3093045 4707049 5705382 3391274 9881006 5895337
2143985 905071 9553070 6225722 3163000 6222211
4660010 3943304 1281523 606240 9661093 5584031
3816223 1398553 8652069 821387 575057 8328891
7567813 7879126 9392540 9082518 2822724 2847046
6174866 7132846 6007298 4937769 2534942 8249869
7868656 5589284 9507319 2227623 417536 8147857
1006311 8856267 9673198 7338829 974380 9687130
1631678 1132475 6824138 1954404 2143851 2644972
1119945 3435932 1850376 5260443 4874209 2904914
945750 8188237 3042919 44665 2437541 9761359
5452008 3546948 2646992 1218462 3635940 7786372
3591484 9451943 1025817 1295225 3824020 794221
1937349 5944856 8945849 2588750 626088 4824196
3182023 3753272 5383355 420023 5819793 1863973
5316769 6653750 2087930 9656497 3776903 1845539
5278974 7494274 7965799 2007307 9510824 8276451
8946842 4807124 9810709 7116865 7051474 5625792
2432288 7639619 7606323 4390859 3732492 7968961
4126630 3819824 1019982 6769187 3390012 8202429
5186199 7581490 2341504 1132544 6991554 9664140
5409990 8839103 3860395 677335 7002623 6846805
8160693 188105 9393010 9174361 3703779 4555689
2876052 9611704 8427328 1345134 6063916 5873220
550106 716227 5112951 9097354 9869799 9490895
6235732 9391982 1242735 328542 3081148 4962907
1653101 7457144 368121 399382 9804049 2626597
8026993 9424608 3306796 4159919 5212060 1415583
5644989 6833863 5270111 8831263 1235888 5368205
2770503 2810386 9926939 1164002 5715862 7672681
2773713 4853538 9292109 6268837 7171814 7007777
1472304 6203516 841161 8484051 7851187 7752401
7589265 9755626 3930600 7153831 3147063 342988
5091175 6862450 8199908 1018090 4197717 9328758
642530 8873758 6320540 878086 2329835 9463928
5091652 8620479 6328364 7876638 6660336 4578522
2004864 7616743 8224312 291363 8765704 8473464
8454265 1523114 8559155 3815575 4477913 2426799
3592560 4201831 5336515 4811413 8138456 3610466
5969855 4845886 902504 4170495 7287871 1047687
5823638 9493526 4953906 1604669 9059300 3768254
995290 1007951 8244083 2484374 5404985 2726427
1657562 1819056 5815024 4920442 148750 6186706
3328157 8795088 4216019 4235157 104526 9387133
5630263 158897 6221853 4430836 6372044 8896561
4841627 1809536 9877181 6852382 5756071 7438539
5105910 7943533 6275950 145373 3950014 8148329
7147156 3162977 5035835 3693107 2876481 6637745
6682970 2491786 3815488 7478052 8248982 2250509
7394948 753759 2856578 8351966 7688506 5033412
9725996 3977527 5277613 5038503 7486837 5652946
8871086 4609319 4794724 9603265 5618513 7750628
328625 1127286 9953879 8707345 3487497 5804460
1910482 6211430 1213205 4144964 517620 861017
5252137 9569322 3838345 1051646 1746151 1845833
7845132 3060358 2141706 6279828 1874404 2670014
3856066 1978495 8956413 3094099 4773469 533499
7321170 5478675 9892667 4563313 5926411 218756
5548539 7640744 9468874 707539 2767819 3307518
710766 9580051 2535597 584231 5801686 8222297
674852 273372 7290864 2886628 5283512 7211251
2712784 4243420 7068600 8366327 9635417 2736312
6237526 7430165 841892 2420809 1401229 3353483
249641 8933942 7310513 7290487 7430970 9140376
4037442 2492858 9933205 1603231 9956253 2717571
6830764 834324 592525 5671363 2224516 3723652
3583178 2519609 630226 4967023 3844745 8863371
498722 7862334 7167191 9606483 8531338 4193429
2637625 3907810 1384622 7964300 2072865 6346497
8378058 5949930 2421520 6194468 5520913 8748666
6674384 9943079 8386979 5790898 6586780 947607
5938637 9666630 3651928 8517636 6077229 306289
3244520 3465083 2496291 5609478 2931550 6606644
3256151 3784878 2494040 3427737 8953355 6500891
5008178 5873774 696511 4010552 151224 7844911
7221889 3925292 9096793 7683915 4391419 5399459
1161200 8340775 689107 7918063 3585546 6193711
9611145 1443558 9998039 4427416 2492556 4460240
6872203 7103267 3751224 4624397 8615085 6001921
7664239 7528032 7817276 6949676 2125642 9624805
4155940 2337625 6237884 4414314 6267141 9715146
5728659 3158427 581508 838679 9451099 6800178
2631909 9431122 731643 6416174 8004546 6017582
992427 6281132 2901101 272578 7327705 9245398
3289796 3353096 6821767 3179827 8631085 3012820
2681855 9955354 9345287 6748544 9051678 1186846
7521851 8668680 6659966 394723 1731814 8773121
3482518 4998382 1711267 1231368 8756100 7228283
8895361 3956089 3403215 5056714 4300933 759283
5268523 3389130 6997346 7170214 553361 1936791
7342665 8642840 7643087 1221866 6920143 4284475
4340650 9647907 6763570 7806559 2829215 2795151
2190233 8163944 8981795 1341504 1604763 8748944
8407765 6303786 491345 8801525 3528774 5892814
7910709 1484716 794571 6896580 4544126 9291873
453975 6322867 3398100 2757646 3547688 2767326
335983 771384 7091836 8034142 2884537 6690370
5970410 6922185 5752990 1108899 6930949 9799135
9553293 8056834 4171220 1931664 4572212 8898187
2157185 1703460 7969916 3851548 6343712 1187681
9798571 2585855 178274 5412469 9458226 3414767
8393160 7648620 4753972 3101517 4957823 4840718
42282 8609123 3799084 9502203 1551178 3563890
8738394 2337782 7228333 8781933 774180 8760852
8808516 2178676 5457543 4774658 1551440 5970987
7155135 5802022 7004123 7691267 7878698 7826336
9038243 3860208 8288627 3554565 7850370 447995
94397 6939159 6246968 8200121 6109181 3556311
5736376 4725451 5556761 8379432 9419706 3134206
2436179 9034526 4416799 2777616 6875209 7663494
7088304 5205144 7868554 1961772 5848862 5176435
4685923 4670034 3982296 766785 3664535 7553301
5252094 9246027 9404617 6048133 4793041 70206
4175744 4910884 6323831 8321294 4172083 5285338
721739 4396332 4268046 4882780 9585363 9357698
7831964 5891779 8038798 1485316 2227393 8008246
3184683 6324073 2213376 3120245 3990508 3222114
8413550 5981063 3306629 3855213 3121213 911865
7310488 7844546 4598384 8567049 7343573 8276289
6966991 3646344 2392890 3944066 5316011 7099022
5185118 5467732 8690000 3363067 8870878 3257951
7511851 4633223 7546127 4913978 7825443 9035398
300586 2519940 7122335 6012661 5552964 6750777
2619027 9550480 3924119 3045661 9702484 1680582
3223572 4514366 6255762 8848477 2827598 2297854
9710547 7527334 8028854 188628 8088776 6501734
2675560 6000868 2391204 1943600 6450810 7506408
872008 188834 8713804 7963788 7429783 6150171
2601625 3747231 2828212 2116000 3955213 9736914
1742047 7247545 6101991 6549725 5463969 2437146
8715008 9300838 1069783 4746416 2071184 1277911
2282773 1420663 2946524 5829491 9199329 6782174
700492 11799 877210 6288587 9618040 8613315
8411856 5287739 9889568 1523111 9799959 6800440
4989731 9478177 1222311 726504 5650892 7454382
7008179 3714553 2490884 2219170 8239357 7869704
4112430 1924742 6087444 2246685 1862152 2818812
1449989 4146773 3117473 5464697 166836 8913268
3934273 3781404 3272016 8434525 5435732 3129197
872242 8491136 9451149 3208005 2734255 1165112
1568693 5251747 5729404 3286728 9238392 2576687
6706492 5386122 4885280 5494379 1013908 6092527
3463686 9577484 6538368 5743913 366573 2665925
9446758 3239158 7931961 8079266 277181 1272519
2711463 8392242 3259006 3452697 5401238 4264260
9623109 6381236 1438964 8913383 7070901 4511132
9649733 3754707 6987245 3471569 3818807 9568294
8376723 9603163 3274899 8044624 3087924 8121780
4685100 3649910 2013866 4574545 9315505 2860483
3365148 3580030 7079718 567827 2069322 9639712
6977861 69268 2498044 3089245 2642311 4201773
531306 4710457 7728098 228505 2804761 4180209
8674233 2686919 272611 4901778 5292398 5014458
2574858 5877866 2824142 7170306 1041786 6089613
1118677 300273 8793004 131880 9025476 2572059
9826019 9156060 7564302 3047887 2100407 4236041
4111547 8205699 9076591 6264047 2148933 9755261
5549083 581409 4211293 9639360 2715573 4109210
6111371 7704788 1843775 1052681 3752982 2345863
2804796 1010099 2891759 8694425 4026480 7597092
3025359 2549749 4244648 9639575 7685097 6372998
8280824 532449 8430477 6784788 9654372 5035790
2573321 6038748 6549703 8762638 240228 3146572
2424933 5340683 3190485 2843226 6150444 5106687
7304179 4246664 1140289 1019686 7409537 4411644
2212023 6310908 1208518 6344457 2108566 4951121
1079048 4763669 147853 2917513 3627008 7635634
211026 1011551 4639974 4617710 2290883 732306
8875940 3581248 8653634 7013206 8522215 6909579
79435 5195369 6214767 7635142 911319 2724615
2846489 5955352 8424185 5431670 3448415 2344091
2694403 808205 8953265 4573659 7969681 3122354
7423395 5417342 6377470 104047 4045224 9985366
6017917 72881 7818749 7350902 6173741 2314234
8081437 9255241 5830800 8780407 5026619 7825742
2353029 2076143 6428901 8924765 1382360 4051934
2855439 1155388 3495990 795597 2285835 6213251
203615 5509488 8100603 8357192 1761718 330786
6813252 5260542 9195801 9949443 4687914 624848
2682911 858606 3009637 3947110 4508234 4988074
3454454 8270572 1425139 7979294 1474128 7810767
3080069 2434416 4489045 4549487 9446172 8971306
448994 8720404 8133119 2671344 1457670 805683
1614989 6557021 7611002 5999186 4997433 1181480
9637753 8444034 29968 9574257 8725913 3407033
3140819 6752901 8573854 8356225 1364199 2951848
410497 4742361 1295967 7494663 2208971 2170598
321759 7021055 6415954 8759647 567883 3212869
9023166 6963809 3939439 5947581 401561 9855613
3371865 4698375 9169136 6130469 2941820 9778563
6214536 9491576 7175292 6414451 13739 7814067
3331709 2543120 2203925 1182921 1839678 5292399
722574 8833334 7538239 8490199 5558550 9510784
9920763 4634087 7458167 7714676 581171 5908952
2943427 9413378 6053819 9167617 1750720 6274922
1076104 9803778 9796489 5999888 1326480 9819430
14984 848027 1263255 2809712 741512 102012
2281220 1627711 9928571 3616736 4420540 5064473
9105936 3522442 9590835 2559150 8148449 7518938
4022614 8295705 1132328 1878491 59315 7799021
7202925 2050778 6839968 3340325 4440322 8702082
1758006 1810154 3957725 1060794 9325798 9769682
9589320 8261901 1286311 4375860 8507207 8367590
1988264 6575308 336641 9167296 1927598 6883450
1860681 4068467 2027930 9062683 3333808 9528635
1262248 2429621 2443491 8970835 1937228 8645465
5988672 5097030 9631878 3014842 8805867 1109884
4047462 5256949 3095988 6818400 4642752 8751255
6236413 6528703 7863646 8660230 4534571 9841514
785779 2434254 1758218 2995615 8521369 5168396
4165225 1184191 7366460 4363262 3957954 7275686
4465334 2397777 1372889 654137 9138450 7482064
7870311 8506675 4814450 6609272 6668978 4292787
9306690 5533683 5679618 5807172 994353 589611
3140498 9405070 1788201 6131326 5394741 766789
7333059 455577 7521526 4597380 4758617 4491899
4155370 9539787 7022445 7935017 2551475 9977825
6569987 6756731 3033637 870340 5701208 8568802
4145494 7285284 7659276 4806280 6943676 8068727
2314370 9594069 2867072 4137877 3404266 5993887
7636687 7459234 6314237 251347 1117520 9377117
4136940 8577766 4050636 5497811 7379834 7119530
3100911 2694934 1106928 3722338 3751527 8950599
4173041 3595380 3604895 6193202 5600721 9761828
5572339 1848661 5253454 5745823 6283649 7476317
1631847 8491165 3401890 9333565 6478935 5749912
7855637 741063 8469946 3692123 4380923 9245881
49366 3032482 3311601 3131893 6535829 6665327
6308141 2364458 1593422 4290873 8634201 2982612
8941887 7089178 4763208 9932388 6464583 875254
5683870 6405125 769473 9698332 698495 9545261
9312863 675993 9826399 7134680 5428781 1397611
3921552 621043 4449441 9356936 6070028 834591
3735475 8911632 819372 6463140 5777250 4746938
9815853 7804331 8322469 9253453 7536925 8705283
7561696 1494818 506915 1107658 8040198 3292961
8842898 7542246 2076293 7619594 9878870 4221104
5487525 3064836 7057017 8310473 2340564 2071317
8988604 5363807 8895416 4219301 9319573 4074148
6733011 1664211 2095774 5090727 7526429 9255063
4840991 8504870 6483064 2254487 7179493 758332
2713394 7103047 4035284 6440855 2305961 4128644
7448815 5964872 6613814 3742707 8639917 3053829
4121235 5339087 6502844 3517042 6967448 5587360
6393021 844766 1759865 416627 843990 4152962
6243908 1587274 956253 2520358 9312383 1475052
8197310 3916430 1528508 8487587 506670 7507547
5701776 2870309 7215293 6843797 5221242 5894238
4629104 7068418 5912848 4512679 7695725 8486696
8269008 5200869 8384191 4403839 7925382 6410847
1937000 4978041 9036829 340518 696855 2889059
500640 8343158 3587480 3413535 9363859 7859570
1711239 2439111 4961559 6812984 4399163 2455479
4074586 2659747 8757529 523339 6706550 1295120
4039707 5541305 4093336 2370196 1070038 603942
1336246 6186131 4220517 246234 1426604 3983068
6379970 4440698 7919579 452926 4816736 6168731
388621 1332663 538192 2307000 2892 6672365
507147 9003138 3038040 1822270 1171351 5037831
3836143 1892857 4888683 335720 6904759 1697143
8515394 5054684 9076189 2099739 981443 4553321
3383038 4155155 7258186 4253264 9366732 5666113
8217809 8221052 4907516 6030526 6957472 64315
1531667 990307 5082352 9907382 1109164 9138549
9811487 2077902 7274396 8150167 20989 2049333
7410573 1531585 1014294 9477554 1605600 1673868
1591985 7112830 7067532 578374 3075402 7369368
8923265 5281657 599601 6219923 4278225 6103685
2575423 4565279 6697297 1901566 9996836 2661279
5748593 2088374 4603002 2820038 252738 7165121
7375558 639696 1152342 7225248 3547566 9276864
3234932 8132775 1238646 6478494 8970980 4126650
800355 6399670 7448297 5860626 8950037 2176678
9248184 9719986 8397713 5089541 6217599 2421097
4600915 1382193 4346601 8903148 7766497 6083034
5733848 5931316 6663374 578438 7157970 9959527
8135140 1285368 7038986 4351818 5642253 5439513
9416818 3376275 1941651 584762 8127564 6821341
66360 2560857 2467413 182772 608810 8129892
3679097 8241186 8120925 3449207 4163482 131422
8586503 9078791 7335060 2086472 3781043 3363637
3361068 2011126 1607320 7996569 6742301 5180373
6069784 5659479 5192416 8244160 2318797 1124642
2462485 6948882 5589741 136517 273548 4387731
5625524 4646015 5649571 5813102 2641872 4821584
6326909 3613907 7837598 1488574 4782754 7769343
3612337 8959550 7932552 8329963 1006826 6105535
9852473 2889537 2137031 3409514 2705666 3915897
3694968 7275982 3163207 9876591 5269351 8410843
3068946 3130527 1370605 930380 7687985 32046
8907195 1353345 8478610 6269663 7525939 522452
2778302 8251268 9308701 1904217 6824535 9258953
1960160 7706365 8790384 4528017 1612509 560140
7646477 4132415 6701489 2818625 7064683 9583804
8938984 8123484 6063373 18844 2019829 1552436
1745800 8868469 6719238 9998823 3832402 2538254
2825960 7794202 5826106 4418091 1915278 8975895
2694764 1900118 5168575 6754007 5177923 6127222
9807543 8147236 7375430 7510873 9180429 8433017
518612 6741318 4799020 4793669 1959542 7267821
6728822 9003831 7856441 272092 8307596 3690762
2376112 3322624 2790681 2368772 7442573 7782819
9587638 1398514 6590979 4693381 9381063 3126970
4127688 3686174 7469998 4698590 6432870 1520732
482642 4258944 7636038 1875146 741074 999515
4782713 4135349 9971395 7280888 643449 1064771
2559762 5979685 1310236 326962 9330697 9317500
4808600 7722872 4171134 1519641 8542815 7591580
6566038 8343281 9741030 3806578 2046470 1525998
8508143 379066 5167422 1478704 5355287 9169342
2860969 8491375 2237599 9619753 6684902 3691762
1948442 3100378 9724280 2656327 1337929 2277646
5168313 3429428 2250453 4874234 1769573 2468526
4186180 1221763 4922780 2262 5226608 3943305
528636 2791390 7047035 7451697 6049441 3811287
3843393 4514044 1881447 5754050 1632069 2098430
8340499 9902812 9339084 9005627 9412643 9716835
642253 983241 9996628 5055672 9378452 7824581
5162739 8153257 3556945 267864 3531987 2061200
2534458 9492459 6094127 1062186 7894277 2510779
6105566 8159917 1206688 1435336 2884211 5273070
2370636 8268088 9420678 7573687 2575089 6632416
2786995 8536194 4343119 9458894 8552797 6130433
8866061 9886472 6153237 473104 5893406 6205940
4945795 2139637 4750239 2170532 8197843 8863812
8048095 8779709 7239303 1304742 8681813 2199505
1664174 2007654 2478751 2994748 781390 8420643
346850 3782401 1038920 3271318 8020339 6024659
6375301 1462161 105757 6271811 6331168 4740438
6146232 6211919 1126228 1084324 7737461 947686
9539878 4311438 7779428 2030865 3464130 7365988
8259464 1318508 2746081 5367529 6503326 7205010
1948036 8181266 9274281 1182123 5971793 4723819
9091299 9254644 7712610 3834466 9589504 6069086
1892557 7358573 9582545 5885490 2469235 1686064
7740111 329903 2937673 8359246 9534032 1427903
8310618 4440965 42742 7972932 7514989 5323883
4851768 3130066 8912026 6260542 8068618 7569776
347495 497691 6739431 1679854 8754111 9431075
7603687 7268724 8298321 7820818 5820123 7835293
7831712 230970 9294857 4853478 8463117 4325870
6102398 6803841 1339644 135734 6588516 410067
885395 3408145 7615023 6561969 6528114 2906805
1150637 9147085 4201632 6302850 9168201 5902914
8902041 7572796 1020992 6577951 5837703 445109
5745091 7979873 5762108 3829824 2087725 401463
4744849 6191804 9736496 7006998 7163671 5291749
4162130 8622850 2924366 1233340 2591285 6116710
3916348 2283268 9030681 7526846 3871535 8370593
1335004 9187627 2816114 6550387 9516353 2681069
8451422 5939363 1010131 7514356 5397743 6448994
6090510 6469845 4351645 5881640 9752619 2454050
3836673 105040 5816302 5101494 8962101 9306519
8852843 6748405 5450006 8286516 9831358 720615
6189409 2464198 6733470 4846283 8021294 1637188
5120421 7132883 3055370 4814763 8909961 542924
8373590 8272130 7254464 9393274 5683667 4347075
7061717 1611052 2232012 7456262 2665900 7220076
3593258 2341691 3687032 5569549 2484348 820084
8308770 8944402 7610872 2253817 4272916 6017260
8970932 7523915 9521370 1333824 1674621 1690392
6042361 4180828 2069524 8230796 2206022 3366895
7170537 8728383 3146392 4398005 6826927 5620920
5016198 6680445 6406152 714747 6711193 5557967
7294476 713676 3234905 52143 8039026 1981792
9804914 3198673 2907731 3152954 8572227 2927986
3663214 4647593 1184376 5100332 4418311 1895084
685132 4069785 7374813 5807062 7067723 4137339
3442122 793232 9991602 9322752 8812620 1808630
6770618 1521015 2334794 935247 4680292 2499816
6761113 7341913 585311 3647188 5674187 1631656
9385464 2306929 567793 7975744 8103127 6673974
8722054 5831533 6677811 5348180 7494443 4250026
4420839 1571366 3873838 9253423 2485625 9784972
1530950 1611936 3572530 6122611 1080364 7656122
2110680 502732 4582034 3191923 5877932 8801823
3819297 8677769 6717511 4274497 416442 6894243
5280922 7008176 2440920 551699 9235266 7548803
7571520 2811144 5806783 7318003 6880106 1669229
6972914 2995478 4771655 2229792 1311359 6586287
5238296 4943376 4714692 4567713 2211157 1226937
7394051 5466089 6587590 1584235 5059343 5093857
4651164 2876578 5911830 4226223 7714090 5518183
9444095 6524704 914868 7324513 1713435 5078585
7876240 6752976 1939150 387743 5423093 4430273
4408059 2270446 6198372 1296042 5864895 7198442
1932084 7213601 3499648 6406343 1224481 4629842
1605896 2177240 7935246 9484824 8136149 8478532
8302876 2999803 3599184 334201 4385824 3136998
1699578 5467913 5782064 91179 6579301 2671018
8706996 9092135 5362738 805220 5209945 4924862
5336324 8839211 1640041 7594887 9450016 6485389
4051195 6103566 7822617 5812624 6416997 7921651
6176238 6353426 3512716 7318676 212105 2875644
1339111 2626551 552788 2692976 481732 5706316
2866552 7996268 956064 8960054 4215911 854934
9573812 6001127 1160565 6213348 1722753 3250474
1054931 5928075 2839529 9820895 4783191 3621836
8130117 342208 1259909 8157202 4852893 1191636
9696789 6105978 2773911 1056086 5639025 9523708
9424418 2002071 6835092 5019058 2914415 4215475
8647260 5030810 4835785 585792 24938 4875554
4813839 7569197 8517137 3965754 610039 4705738
4638472 8178469 6007379 7845755 4425510 5475944
9305681 3471373 9432138 6863293 6445022 3063940
4499680 8818497 1528066 7343603 8476720 1119219
261797 3123803 5450575 4428984 3014161 5200769
3682518 2014704 1818564 1686860 9316773 8782473
3608335 3960262 4207908 9269719 9645276 7243177
8761330 2274778 5463040 8529360 1793044 2730603
9719942 1230263 7599234 9410095 1977546 5046058
6513709 1380186 5194471 7467569 2779088 9596183
3963970 4196833 2524001 9256734 6683702 1052938
1110575 2747225 4421585 3429510 2400446 9316443
460252 5639815 3698923 98455 7997197 9634619
8819436 5636464 4075767 9464178 1783936 189934
2411097 3703181 2803637 6572666 3283755 7251027
6444912 9862239 8650003 79243 5584015 6948405
9619044 6865479 8892979 1456558 9432824 2703980
6501953 2446381 956174 4241307 3487627 3312569
7173471 1830562 711271 196854 9734133 8512518
8321616 3145549 5762600 8252613 8643795 2261286
8703837 3140800 417887 6223949 3140215 9459226
4958758 884600 4482431 8296249 4450139 3672260
9142479 1841532 3555052 1791729 80935 3080669
9926967 3204320 3362493 9378876 3945355 8708824
5822109 4209801 9136981 9796597 4772245 6594295
4992563 9747556 4071508 5410980 7376316 2908481
3767923 8389345 4705391 7819597 5040475 7640783
1804463 1904020 9749256 5290094 9339442 5563833
1912612 1753434 7982480 8531199 5558843 6510991
2809461 7723758 282471 8222666 2176852 7983480
2046115 5389015 7727115 8894791 6094578 3060650
3796313 3831416 7502138 4899475 5707083 2394686
7631442 361071 7596146 4763688 4633837 3556152
6350311 8368570 3810970 6215097 8199798 7320960
2506855 7240139 9892562 3152154 3740330 7031752
5202597 7407611 1955096 2839497 7255305 8989399
8675857 8517324 8442320 4631267 718041 7404543
5315494 7140607 1250607 477986 2693913 5869836
8221686 4707680 2874737 1272671 833633 5295480
1363049 2309118 9226991 2837633 5367423 2503926
4820131 9026472 917257 375396 1680515 6911835
9179269 3139632 44773 851205 2424861 8785669
214254 5065419 8900772 3136511 337744 7956483
244250 2295446 574711 9536861 5040164 4417584
181614 8144224 5103723 1752964 9394385 7999536
9483596 3520692 7650264 6083370 8344517 9786319
5476618 4687795 9422134 1299661 9462941 1222609
1622913 7574385 7479058 6255932 8869761 4001322
1460765 2373400 9183699 6614373 6054221 669029
7281684 1134239 3676322 325362 243113 7978264
5649982 6075320 844193 5938625 5124498 8430713
746244 7970845 7728199 3947582 5550371 83609
7105193 2286637 265361 7296728 314209 2606958
2194478 5966604 627187 6450567 2625008 9412287
1034286 8417836 8174342 6209447 9230130 1201152
4251695 1939824 2372301 872757 1572350 8051532
1822836 9187574 5956601 1834772 2001189 3271446
1031844 1073631 8053130 3238807 5867574 3739543
3286712 3499896 8929933 6069317 4058382 8880598
8466171 2991829 7394111 8117226 7711863 3224459
9954346 7208583 4504679 2697206 2689722 4450734
5860528 8766721 394803 9098014 1810950 2943918
6696931 4587058 5117743 438748 1938920 8509892
583908 1970953 8907865 2732381 3326508 6151857
6303133 9007649 4238282 2311782 7204697 2707257
6732534 7304332 1746207 9747541 3389470 5008676
2213686 9734180 5934010 8826971 6349781 4720813
1349635 6586118 6119271 7885246 455890 9345226
5072596 8660107 750336 3839408 7819648 5263645
8443386 6659643 5282174 170379 8540793 4813332
1377388 6533937 4945855 1209319 5056786 9580337
3455177 6030131 4270638 9265570 6014583 6449147
3428477 1305766 4470706 9931023 8029376 3430007
6892429 9645046 6937800 6081991 2034189 4187622
7578969 52103 3974719 356 5490977 5879773
1781132 4487395 719531 824514 2958471 7854660
1204084 8080923 6978718 1920274 7744214 9938320
6008878 8143640 8527777 7006505 215446 9345891
3181326 7918075 6601970 7548777 7088300 327612
7658491 6738008 5441195 4240832 8135857 524725
8217548 1956694 2199074 4510534 3703768 2878294
1055085 5154422 7559306 7814087 5198129 8467528
5421024 6908077 5238620 6099073 4425219 619692
4011540 4370622 1264650 7707034 393661 7276047
6708472 790573 8167935 7969339 4818819 3186275
5307228 6501201 9680841 7909876 5405598 2870348
73092 7701428 610941 4871255 8270040 1808822
7712552 51363 226706 1634321 1481050 7702311
9443197 6249566 7743568 5849221 5881511 2828412
2170241 7160336 7181692 9069222 6996412 7438575
4092898 9687600 6584798 4817015 3252706 7362575
2011481 6754745 932670 1534357 8057016 440155
9136888 4120273 3740894 4123960 3323871 8942944
5652180 1242873 1501466 7473801 5333155 1577707
2831910 7957477 3532938 2224456 3652694 7271381
1702041 8177928 7294590 4819052 6219190 5836616
3237885 8912675 108714 9856706 9739122 7632964
158223 1613181 4773052 5920552 3921673 2136415
2677779 4054923 9128111 369395 1093227 6924584
8483128 7453357 4164376 2192481 8569061 8316666
9740179 2226116 3777823 9493978 1559198 5591129
993149 9987289 8806175 2928351 2295106 3949975
1658876 11749 230825 2843445 6276435 5171551
2422251 6701397 6129131 1626147 5796691 5751160
543807 1192171 553401 4056706 8014485 3308370
8699696 4081838 8114501 1370372 9704058 250356
2628428 882669 477788 9111471 1350353 5581253
2904469 4018233 4667710 6967151 7381128 1088733
1268751 5962451 5648455 5850916 4182814 1711591
6290190 4008811 3996760 1355694 4906639 3634610
6368090 4289173 6101504 7295778 60076 9914458
9157180 2866319 4326017 1300234 3966497 1005522
7223788 4462165 8992383 194157 7645884 705181
4886764 4710952 4561107 4773929 4213795 1005458
7177040 8981854 5028814 8925643 2185310 479137
1666880 4966435 6593093 4137511 3014279 1936521
4877965 6772418 444832 8404839 1376798 9648054
1433508 7511517 7655335 2625995 2414418 1088876
5890471 9534130 2985815 8144998 390332 5940213
2356647 9224512 4035232 6015967 7761528 8580983
6460133 5657039 4373386 9297185 1113469 525117
2281354 5018154 7761909 4013783 5920605 2869119
6842665 7303743 6739603 391861 2281053 4443788
2116592 509187 830750 5396001 665533 5185473
2544430 6229476 2985233 2951963 4543777 4851047
5400915 3618509 4614550 9517813 4729637 9435514
1895609 3841675 8351917 4667844 7946275 2220780
1630850 6134454 619307 9646094 5011444 1247291
7585587 9927974 331504 7256944 5832371 4959760
2804830 2290406 8897305 8299458 8007386 4216496
8702010 9357684 2257829 807533 7117916 2057875
4202421 3930491 6299726 8173519 5114313 6279045
3054943 4603607 5864553 8578809 7053753 7453484
2092784 5315646 8969122 599960 7091644 9980897
5441480 5113660 1983982 9781495 4669375 3343120
6422356 1284187 8969589 4917384 8452103 4449713
300965 3530462 3883279 8505001 1110466 3137374
9375303 933157 7393380 7198371 5841789 6872010
6118169 3104020 7582251 8605171 7900991 9032744
9317252 9751198 7663 5528791 8421425 7397153
6263126 7057509 5905926 4165056 8593551 6532718
2370556 2099265 8026769 2417332 5054464 5377703
8952718 2920954 6455981 5525414 6654252 4696970
5737932 1853797 1633371 3168528 1266996 384718
7582532 5987150 2262189 2937146 7244846 108439
8504037 5246115 5609609 9886478 3987702 6323130
4049407 3218415 8762947 9080039 4230714 9992086
720810 5691688 8686430 9915169 3887008 591716
8358395 5304546 7823461 9338715 698973 8051063
9098009 4765051 6462008 2183895 6486462 7267923
7840124 3352570 1217350 6364841 8944521 1426389
7860349 992023 82412 6608467 7850415 2977194
8952918 2088502 1293315 1997165 9546587 8678498
1338512 8387969 1279429 1568030 364867 1454177
1690500 8566463 6999559 8214269 6476184 8504972
6945786 2564610 1039475 3074470 7065292 5108510
1529448 7305610 2523269 9040337 2598820 505324
659239 8185891 2674245 9630397 4526391 270975
1174326 7389612 8652376 3572859 9935843 4248973
6229326 7430135 3202937 8508088 6042604 2462315
4529429 7646382 2812395 6324033 4228337 9827369
5040526 7792460 9849613 1700329 6881273 171512
7727064 457112 3302437 5431677 7481797 5542918
5577756 9938632 6685657 9610975 7769166 6177785
9825254 6293948 5049800 1269087 194066 6555078
3772902 8269744 4010642 7133671 6635076 9326268
3129135 1406816 59415 6461455 5534981 8116539
9646703 6173249 7428686 732152 8279782 7798162
9741162 6261968 636110 2127827 4636515 5771291
7576696 7453779 3176072 3044820 6556191 5154006
6679667 4594907 872214 9875917 5513388 303496
1010664 7139579 6322368 6078728 5757938 4795560
9406100 2742142 9488028 2359839 4946956 7702857
2673989 5920716 6871162 8361687 7407823 821726
7560377 2267450 252512 1216782 2535027 4221029
1714800 5186856 4531083 5635192 6030322 7946387
9654975 8903554 5318522 5675765 5240489 809017
4626589 2456872 5573634 1290847 815143 2812298
7144214 4946566 7441322 9671152 7356003 5817623
9927555 500013 2813696 6664513 3662690 4775778
3716875 3634238 6279047 2366581 6263549 9277860
9522029 4202097 2805679 6025405 2561334 7396015
3775695 9206527 5528027 9005842 1680819 8289693
3148202 5691237 3212900 9110090 4232746 5040747
8020063 2946959 6754624 1668295 2216569 3235960
126901 8259844 3356988 2491556 5538521 2342307
5124427 741700 8789285 2271116 6161669 5401361
8857123 9847979 805711 265765 2233207 2342839
623878 4352474 5368348 5382407 4114370 3602139
130282 8631311 9628696 8533496 505269 1409319
8239570 5880976 6063188 3039559 437139 39736
7669296 6836164 4853004 4545616 9550633 497334
6328998 9925033 3336576 2182625 9277805 1513517
438888 390553 9829230 1131750 4668081 1089104
241346 2809621 504341 9799153 132561 6830931
3301470 4555419 9657627 1383783 8656617 3704471
7757644 9080666 993131 9259405 7668508 370940
9929940 6385487 7548292 855082 1970356 2463529
2112069 5980853 8735941 9310227 5672740 2647848
380814 1894552 3954436 8859855 9283957 5470063
8541274 9111856 2673002 3213274 8961650 2098522
6482078 9305650 8433255 7395693 9180154 4106245
5042609 5989002 3425260 5872084 7583675 9730255
8685389 2656101 9673576 4658432 7243164 428602
1512510 861797 8141614 9525224 8081038 9315227
9180885 1968697 2242149 9166629 5709253 4028017
2970073 7827871 2008086 1192483 9294969 1369919
7577953 3201687 4687399 9650345 2684410 5164493
8247962 8782401 4317476 862617 9157919 79147
212367 9054529 1114720 3173556 7381571 674090
6994361 6517513 4915254 6896225 6414373 3072768
7914030 1717821 1828853 3923561 6849953 1629237
3253935 3038513 8895430 3542615 865724 9727923
959942 323254 2493982 8190100 5146391 7422834
6142265 9372232 7630230 1252314 8698188 2087757
3052790 6295517 4384921 3584616 103921 9072252
5792368 4619637 9692929 7141712 9298812 8627830
5582376 8203854 5680140 8734205 5441461 8893326
6224540 2934348 483904 5987453 978033 5791879
8080466 5550763 8753295 3175818 5508783 3224368
8747943 5745296 9286294 1680103 9609072 1862530
7385510 7736455 1651544 1715823 1141713 8730638
8259105 4321039 8419652 4721232 5444296 7036295
6998868 6352721 5260552 4324574 2216088 6458508
3766524 2498306 8017998 9326687 6034136 3407827
7455952 1743335 7811776 9421053 1155913 3334557
7328689 2089780 8101789 7402852 7019888 7098981
9697746 5345101 192222 8396276 1896737 2827576
5684693 1879023 7239992 7657931 7110576 5101918
2013381 6392387 1612388 9974217 8217621 4669717
8393584 8483774 4403677 6036282 6311697 9610756
5596260 95736 9670873 5932507 205036 7628915
3174198 6215397 1888142 8085059 8865967 8794521
7194463 7914566 2660019 9246392 5563392 8564550
4281968 8135196 3927515 2459721 9969571 4743306
2072306 5185591 9826824 9511617 3193111 9457255
7784346 4837621 2247478 7952336 9481477 1905349
5612917 1557940 4103568 1916079 4717723 7749591
8784806 4678760 903173 9452593 3146870 781963
4284455 2581298 4131509 9839769 4817402 8052729
5448967 8618156 638631 8347942 8609748 4841047
239368 3400225 9033146 8492477 3711390 1655469
6074730 2496611 2015511 5949734 5677773 5736133
4579671 7168309 6537771 5344117 4344347 508336
6448283 3659933 1848182 9756169 3644810 7975498
7126945 9974727 2646347 1919430 2230742 2076164
698718 518062 5630553 1445242 8633293 9073801
1743721 8047478 684138 8967245 8243663 1962920
9628580 6360620 9875706 4249179 6100095 2066064
725325 1166665 5023329 9149504 4335878 548700
2156306 9429399 4877589 1302759 3174860 4288380
6306468 1100634 3726589 5551157 4381481 169515
9093310 2813232 9590998 9808667 2670926 9229500
9151303 6044119 4072088 7597313 656714 3856220
3444911 3927860 8383267 899086 2913500 5498775
5778891 4280571 8490281 622432 242106 4670066
2203723 5561947 2384126 1362793 9657581 6106071
3658116 4754420 5222410 9336209 6363093 7955906
6069142 4430564 6646275 8396867 3637653 2040787
3095108 5172909 624168 8930302 3838406 9327580
8518195 5018168 3399443 9172523 3493107 3718855
3991704 6797801 976468 2067314 8400276 8828745
8619657 8564146 2341552 2263132 9604029 6474372
9946312 6335650 8655120 8238252 5143637 7601034
6287534 88590 6709169 8380160 2132664 4753612
954828 181223 5830992 2267063 9673877 6553722
8673897 4101098 8415254 2693348 8061354 4102475
321790 6654651 8094960 4710497 2791136 2268968
751592 8807600 5753467 7383700 941862 872286
7179426 4486234 5876275 8587420 1337863 350901
6687112 3769595 2929216 2951319 7912786 9453741
7399292 5278057 7234860 1489862 564058 2578792
6962902 1945533 1679342 3480334 5605750 8405848
9490322 3857382 4818530 1261452 6340533 5350385
3977516 8908137 9937828 3768734 944117 3669037
5446516 8267533 3184335 8092687 3806402 7924761
5800742 1651255 7963858 2425610 4616990 4188199
5844887 2602107 211577 6660939 4328060 2808617
8352811 6609332 2966753 4701252 9481395 2922634
1371035 6423176 1763698 1377254 801429 9161270
6332741 7352235 3316394 1614115 7735953 6687165
8119275 5190500 5165101 1599095 6955914 6988361
6917007 7171086 8954945 9407923 1633127 4752203
8979725 8951239 5481717 1818618 8472793 1671630
8422678 7716902 4704274 1123536 6303716 5282571
2768030 3703746 7377348 6298015 5387152 1517411
9265615 2813209 5798666 1973560 8838819 2548206
8275399 562034 9980968 349228 3673023 6203867
8425178 6781078 9099459 548392 6159823 3468232
4456363 7559036 5751550 933538 8353644 7472844
883141 4044367 5358501 1825776 2031585 2469700
9705811 9907782 669256 1990838 5250636 4084245
2744048 9899099 2481148 6708798 2217111 9311481
7445103 4540056 8286755 1233889 7465604 3993276
2936959 4029746 8035898 3891612 3777547 1906355
9612801 7322684 7027604 5984757 8300532 8051516
5432976 7198804 6187771 9369256 212685 9932664
2823607 6451049 1573026 3064129 9226941 473452
9404269 7810134 8485622 2053966 473633 3752862
3173468 6448282 4136706 3811435 4954730 6049319
4501657 678026 1308844 4908289 7332461 5933607
3767027 9692190 4778041 6206045 6226914 7596736
5666901 8176239 290700 3466623 4334225 8376922
3121741 1483428 4127111 2399650 4074484 5466461
4163873 5356706 6228527 2434441 4371181 8782143
5524982 7379208 5432356 1644774 2539224 4463568
4822033 2914595 3249012 2254144 4064975 7479475
19757 8666741 5638088 5781228 5909987 5802438
5853088 338200 8721247 6700916 6642883 9018341
1548049 6228971 7976260 700044 9159945 7520747
4992376 8406811 2468036 1414718 3263992 7928546
1815502 5940049 9787376 1197281 5823128 211368
283098 5073168 4258667 3176954 6256259 8616119
7233377 6233207 8737205 8280662 9590089 4617861
9470332 4615948 9130125 4310011 2210110 604410
6971735 8955057 2957980 8667382 1506168 9123810
8398574 1379372 6999280 291267 4961994 2194296
1038896 3697030 1875234 5140578 345344 6733453
2734295 363262 3585826 7944540 3693626 6158777
9719632 3481267 5836526 8863369 4528752 8685847
8635490 2734251 3828931 1781423 6253726 785068
1056792 9233040 614032 6421900 1273585 4070525
168662 9763983 4465535 9555519 7488709 1368978
1670470 1002392 177576 360896 6994610 1717339
3838903 2162660 9478370 5725323 936255 6192169
9780259 5862483 6435317 5004903 5442405 9569284
864755 1586874 2525430 6232642 5705203 6314767
166749 6985945 1804215 6638704 1480592 5026581
5071385 4992737 6116128 8898378 1792194 9169365
6660901 9302376 2777574 9701058 45541 8688827
9641354 2269981 5445479 5979346 4705543 7085978
8674375 1303318 1189191 5335323 8333891 1946195
8389796 7722983 8750503 1909396 8040254 3733504
1475593 9489112 9591665 9467841 8218013 7114219
3600340 7619600 4457058 5477807 5446024 7300908
5757489 3317368 7074217 3768229 1032582 6780623
1249377 8784194 2649592 1011798 6904390 8166983
2717514 7978137 2317227 6997429 6357713 8956790
5939675 9141223 8507456 42105 7698656 8568620
2879338 8762811 752970 8497307 718288 6647990
1506769 1352319 303261 8351392 3025851 1086112
8526868 5367498 4131066 3266900 7640019 1602935
9143372 3203289 7319392 2029241 2229949 375571
8480925 5576301 2275929 839146 3143524 3950382
9692193 5955068 6879661 1570091 1889080 2606106
4614329 1773861 4215194 6798525 2659370 9864107
3689801 3253784 1177045 1950805 864619 1522794
8097285 4218591 7315543 6728957 5815490 9369355
9501149 9066724 6843356 3465723 3353285 9960907
6227749 3961817 5424303 7867512 3758886 8577726
692260 1290607 2001585 6009036 2793628 5781198
9987541 6343223 4358786 3670661 8641814 693357
9303938 8146727 4534444 7856402 9876547 261792
4141805 9392283 9741493 9505208 2112093 3984257
5157126 675827 5284950 4155448 3363769 6720958
9731335 6336597 5034509 9344612 4572959 599519
3997007 5231275 5001459 9562686 9864549 8761286
7558736 3262602 9768774 1296834 2236758 12731
2296411 5685992 7894897 8793676 9374098 8379843
1786519 7657230 6450924 3240687 4024458 3003355
7029661 968456 4582268 5784477 6103348 8154610
405786 4074616 1580819 5840608 78890 3849710
9026476 8450992 7007159 546841 7252342 6581278
8290985 1766519 8731432 8279488 9566019 8437488
2582231 1276000 776663 3786149 6617341 6144673
5753076 6510533 541544 8577186 146987 9797792
5467730 6003053 5200019 8788621 2243754 3964059
7776338 7400804 9109741 5986734 610575 5530313
6413319 2514320 1891021 9442671 6348539 3275492
4936703 3109444 2039787 7953683 5028323 7827099
7017480 5729506 22322 5105977 5493325 3502694
5972102 6777077 3532586 3136025 366523 1842522
1550394 9478774 5516759 1614913 4557218 7176451
7186301 1813461 2006582 1897803 1539515 3696366
8758932 806588 9270245 8547190 410771 8211325
2117472 5168525 5420640 5103981 981423 509223
4011228 2852399 2350710 4250409 5577758 6051588
9553917 9682865 339303 7368447 5740992 1949641
6657515 3146833 5095596 9399752 4247191 39378
9357218 4994429 4113896 1070945 5476615 3283853
2202195 8128844 5907513 2012192 7873536 649298
1767546 9875527 6306016 3976169 8318708 4783858
202107 1378165 5121222 5927649 9758941 2996192
8598258 8334419 9921394 3920954 8936531 4397162
9387877 8571887 5128488 6723229 5404480 4093946
146042 3782705 1211361 2243502 5343286 3988607
2415773 7993151 9377161 5605906 7205035 6486056
2222555 9726224 6188340 4769268 2365846 9534411
366046 7723590 174161 5306061 9615294 1111619
2941411 8007894 9911565 3809069 762224 640908
370426 1683498 4949573 6663584 4672056 7189897
5820340 2230632 2654928 3123843 9020915 2782955
4233935 127959 5360455 8693566 6075153 6335655
8977430 8143554 8485430 3633409 706 3134366
1257914 806054 4236750 3120470 4086371 3219729
7332961 7319852 308649 6495317 9835636 2102593
7299350 9769306 9641665 5834047 1322980 6066880
8371387 3278990 8012196 1859251 9295767 9695573
5820050 9133229 9779607 684682 1211389 4066474
7776857 616312 7295472 1883108 2659154 9059953
7301644 7063417 3451348 4943079 5728953 3268056
7242128 5005524 4292489 3475470 3606866 9536302
3274433 8407077 2920905 6565737 4522226 5727314
8343106 3081507 2979369 7294593 6836409 9832774
7676904 7277007 4924854 7048275 9171675 6442813
6999501 8069074 6898256 1463788 9059615 323331
6394822 9438790 6760055 6285562 3057883 5050416
8812816 646472 9210959 8127028 9858906 4898820
4871472 5423459 6835645 7113969 8359896 477444
869607 8863407 8059226 2291839 5792607 921266
2882550 4818370 6654167 2520971 6804318 3437225
4530376 9484055 8769815 3923582 1098562 881186
897789 8823510 7062106 6315247 326602 4928373
1010403 8393220 3582919 339725 4504721 1262745
5083807 689590 4601040 474606 6254895 5392743
896067 4397863 505227 2492924 5286435 4180171
4739608 2298763 1677389 4259534 178336 6795193
1524467 6535008 4840444 2905598 9765059 2365488
9196922 3330026 7636234 3335353 9814274 2859821
926428 4935046 3088252 3943389 2662504 865723
4908505 209680 7224011 9870754 9574416 9801906
7378762 3106366 5705246 8516699 8778129 8502043
624438 4368382 9348063 6469871 5010287 8460735
445221 3194776 1003392 351626 1139922 5623388
5281665 3308787 1519544 8806006 5560913 1639792
2683415 7839856 2524379 8648194 2295445 1606107
7089810 1106931 2321116 6466508 7233268 2204643
8632227 7917824 1096802 204035 9868978 8350004
4110801 2094497 6052112 3500700 6089702 1881973
6841169 4013945 9183345 8321866 5963128 8288183
6000245 3170989 510504 9952404 1843520 4725170
7083758 5035932 7939770 3110376 7198323 8076927
7979325 2649416 8972762 2238859 8886073 6410405
2973450 4976100 308948 9613139 5789046 3161377
5036024 9978248 7099163 9814318 7008262 6937049
967493 1742771 8127309 4645015 7081760 1734825
2494457 4112007 2593747 3487451 7958330 2352286
3402869 5378510 5885093 9898586 4240565 8763265
8339946 5126894 5020767 5761648 9986936 403049
7644740 3731465 5460110 7529515 8959917 5438116
6456033 6401754 6976794 6357188 3284399 4211984
2583917 5528922 2739968 3113521 1486696 5377746
4643236 1097406 507436 1974839 8405766 1839289
8435586 9672502 9081947 3464083 2507806 4668979
3256118 5859005 4839296 9150715 2019766 6259870
7618461 5588204 3471359 6880872 7906263 7786674
9711833 1804280 9043589 6534204 4402134 8100651
5702054 6892475 2745716 2270139 3891560 6079213
3485639 4374577 8216433 2090301 3430542 5515636
871140 2763473 3458001 1498711 2509858 5052913
2168311 3536550 6634423 8116176 3741868 3161954
7419471 93078 4894279 2039610 7353120 3026690
5346395 8822976 9275498 1343732 3989719 8608219
9641963 9365244 6414076 3536386 7706267 3315260
3757709 8337681 5911766 9511097 1579926 752524
1857738 769245 7763355 906945 6349287 3340362
9051403 7827951 9050091 6986254 9248310 5280110
9566412 7085048 1703473 2411822 3211208 4362220
5540372 2921860 8485452 9255586 1490279 4730321
2765305 7077745 5255304 1950607 7564739 3870484
4707234 9781673 8125391 61219 1117336 7800704
2319159 1554200 5020576 1556571 7316124 1532234
695331 6377810 8308565 2522005 4713419 9002823
7909045 4535506 7451136 70735 478959 3326555
6504377 2471300 1808105 7325923 8321447 9050265
5481256 1428809 3648342 6765904 4656348 7304912
282426 281085 8726112 3871096 836915 5579568
5141845 8588042 5919694 3697347 1223702 3983821
7223140 337670 3818897 1229794 6764261 778778
3636350 1936153 1556879 2799198 8659238 8432201
2995295 2313386 8750176 6076914 8464280 7684070
7105041 5766761 3797001 1697171 663305 5970353
7417428 6920657 3603584 9601894 8439229 3376408
8753001 579334 6113032 6185119 3936972 6873621
5672719 9833746 888978 9773545 1070778 5624559
5746617 4995938 2199114 4168493 5846040 2894892
8801244 5574021 5558227 6640264 1741348 853937
1324324 9699421 3135075 3916608 1866756 563825
616928 9718946 857809 3655462 9710358 6043089
1194808 9945954 4144952 7810534 7087005 2231090
8272901 6015501 304499 4727335 8972135 7574801
6962539 4774166 6744153 4397569 7650943 3103181
9602269 9174698 4824317 1204778 8541708 7636550
835988 5628353 2915615 5754094 5253973 9964480
5730887 6941729 7453341 5797988 5077512 5834553
9524883 9304123 8712126 4446592 9061247 953693
1163276 7780028 8582616 5571126 3900338 7851132
6922517 3213110 9773079 9215754 6115696 3596079
3969285 9148247 9631623 5407142 8270950 7038084
9227515 5721520 7254012 3260683 9153701 84651
9485217 1921897 9660358 4190001 6601277 7609049
4233984 3609213 1435034 8007512 8558822 7601322
5576667 2768724 1101152 7315971 6474389 1224869
2497013 384299 4680734 1911105 4605857 7355950
6732246 7256122 1754352 8908340 6459332 7209204
1837442 3113626 58461 4068942 6835587 9513973
6785972 7207665 9376440 799320 7466271 9303551
1927566 8884408 2602424 2872115 4492920 5320463
7657497 6128658 216562 4732124 5446968 242930
85550 4847381 8934356 6306595 5963867 709966
5128221 6047046 6047551 3505300 4039745 8945770
3663667 824226 7385654 8653425 5309373 7691136
4781913 4680617 1427739 9745764 1784908 7521131
834390 9271191 7683449 3683446 4186308 4417050
6309155 7495807 6297993 6670125 2985767 6150477
7800192 5256878 5709625 421401 2764269 7873842
4993891 2994772 2450822 8046623 8821750 4154402
4483297 1331130 8660449 8485750 2408983 9069904
6139344 1443479 243552 6693023 2298826 5775038
1685265 4940714 3713320 4544981 9923011 9613810
7100477 4016098 4149729 4419053 737236 6007359
308624 5181451 1262715 9698013 829101 3185979
6456942 8048176 1604444 470226 2618193 4641713
9741657 1891267 58812 5105789 9310583 2497453
8741017 5773527 2439548 1045139 1647841 4384752
9014380 5147289 1532837 4909957 4921512 5297635
5534531 7156300 412072 1793255 5760966 9868835
1999068 4138027 8439828 5768582 6144642 3064398
9213538 2739321 9065830 4176030 564038 8934789
3480111 1664516 7110885 3624093 8714861 964593
3635318 6323889 3964162 324498 9195608 1347552
7233619 7952198 1696137 1841257 8984867 7404006
7210898 1413025 1332309 2248072 9356847 8743272
3425192 3497579 1585042 1090900 1968473 8843734
640173 1473980 514712 9938654 6214551 4591838
5617296 3103374 8533078 9717407 2796674 2520744
7680221 6475207 9601513 2703422 6801496 8273669
9216272 2883514 1386322 88268 6764681 8337572
4827740 1290883 1492730 7659998 7782455 6520267
4782524 7357711 9211314 8844279 5693816 5016325
8122127 5663676 5287754 6030283 328832 5848585
1336508 5315057 4975253 8383716 8326608 7719110
9512207 3281845 9839735 9149022 834054 1763633
1075250 4418424 801752 532309 8996569 7772017
3346606 1141609 4458181 1370192 2899310 9394383
302981 9978031 4188151 5665750 5862693 6307975
1369244 9506551 3180997 7687835 4855990 7714228
9886813 7191758 9590769 4258502 5722573 6130171
1626142 4040146 902645 423397 1934168 9905287
6928494 279628 192817 1085356 4133553 2889247
4397338 7440485 7174996 1941800 9589985 3608511
9588034 1698664 6393777 3563859 982770 6768024
1175889 7142887 3803926 5742329 7229427 236877
603527 6049578 2373476 1818010 3969694 508065
2935157 6872912 4836616 5738220 6941132 2581909
5853905 8418038 1500997 1146355 8184151 4698928
1030659 924650 5448830 5403208 2388137 6393088
9432608 7708134 9926474 6815360 4581216 1078435
3881033 4599836 5610846 7337729 8821954 1729654
1893532 2056192 9233454 8798970 2971184 6509567
4332999 2715062 4037888 4101423 6100356 5449045
5023176 9061302 1261040 267696 1763138 5892233
7012797 2394707 7374664 2330626 8592399 1248638
6424882 4488329 4371707 495250 8198221 734992
309626 2732876 6567649 9325074 8553551 3245540
7394944 928300 6515761 7600438 3058985 8984662
8180014 4875933 3116508 2569338 5665751 2225829
586196 8823616 4213466 4621856 9105834 650687
6616091 917863 7828226 6542750 251327 7077192
4335535 4067907 7778049 2138722 6141522 4912827
9936841 305094 2234300 5492493 894565 1586856
2309577 1494504 3508136 2019374 6438818 7141496
1802867 5006764 8786212 7290109 8236388 5249384
7111315 5873163 8873458 7166277 8017695 1085502
5365700 7507195 1644817 1412304 5536321 770004
7290369 2670295 4573340 9649893 2265890 2047214
7824614 8524116 8843675 3504737 3412989 7929426
6139060 3578645 7854525 6819078 6979314 6312668
6776239 1140338 7470080 2052744 9605876 1796309
2072008 9093287 4199841 8868058 7517038 4998395
698979 852870 3310741 870818 6069383 9685
8080514 4824424 6921402 8220224 791022 4167589
2677620 906908 1382540 2989625 3959032 9114692
1251198 768949 5171936 4909921 2299371 6113961
8377962 22994 5982187 2428526 3298110 7039923
7030098 8733378 5091899 4609131 1315117 2343746
9649186 7206198 1151273 1907743 884661 5710148
5717294 7326999 4874130 1258169 869335 595798
803554 1687292 345122 2278762 7744469 8303003
6011300 9210225 815761 4852729 4472725 1870162
8192333 2154742 9313558 3846899 6378999 2601343
7343048 4769606 1654563 1270269 8524557 1601682
3469071 9412217 4204942 9390913 4878202 157221
4139203 564818 3360472 7761587 5241221 6127232
540298 3002754 285466 5996213 8039745 2023051
3479227 4994567 8289920 1818257 5861640 40184
9602157 6051276 2011068 4456129 4323607 4667725
4013061 6157260 6656052 1160736 7053317 6036305
7394614 8696180 4904614 4345861 2191379 7418071
9500732 5692886 688096 7412961 8301724 4245864
3482227 4087364 7228678 3306549 7641998 5824892
8946621 3409840 770122 7952749 9874012 4302512
2557078 6699359 3957632 6096647 1008588 6575873
1492034 8920847 7803989 2165795 6339625 4311902
2486744 4607880 8869979 662373 941814 7790415
2063077 4649978 389814 6434526 2735423 2986929
7650237 7569517 6391088 7449115 2271897 3683488
8049436 8092607 2836022 1225952 7899840 1786141
9235523 3018145 7501900 5025843 5282182 4521031
5896863 6034254 5569952 7230709 4025766 1624836
3750405 7679239 1973200 7149957 7935304 1009260
6296001 5732331 735398 8998649 8619423 4241380
6828817 9233416 8889665 4041794 2561194 2530592
6878107 7100501 5096620 6568607 2907452 1451012
4089201 4877892 2685121 4761642 7917473 2155758
6456820 5401240 2042560 85582 7835458 164957
2858575 84721 6948964 2617928 534505 5651751
5954221 2867911 4044622 770883 5668356 1074165
190933 3885318 3556271 7612125 9030193 8874564
9586053 2205269 9265857 9057061 9564490 7178315
2634846 9975360 9415271 5589806 2124263 3846233
8220391 3596773 8910395 523450 4888457 3295823
7654245 5236150 6220527 717942 2274714 7773024
1083416 8392582 5446873 5734076 7392120 2993445
7444111 5658992 1622935 7037413 8387789 1194227
5253132 1952327 4024459 5689848 4420442 1146632
1599854 4562915 5506786 8371223 6683195 9098711
7492891 6463518 6558387 4542453 7822552 647793
6617896 1343379 1775732 3816101 6365945 9413559
5001430 62104 1940733 3154341 8748005 963163
2379282 7050367 4901993 2353520 710275 6710371
7616610 5616282 1747955 2920891 9274547 3212456
267541 1480611 3010205 8390389 7266342 5490485
4592468 7288414 1705382 3998947 8673900 8956789
4322891 8552218 2149646 3510959 6685695 6834576
2225167 3056492 5594603 4721904 883463 9464317
5917889 2110475 1166479 1651285 3264069 1506681
213951 2771032 5818858 925881 2430625 1423624
6669709 7816457 9043477 2029426 1075144 2344872
8768860 6270711 665386 7189271 2254184 1803559
1823678 4642922 6115162 1026978 2071522 698116
3257658 5427211 9015683 2319481 1204563 8148859
4328973 5022813 5333942 4825665 388868 9676135
2584506 449960 3754098 5839226 8452058 5325650
7125815 4930598 5512077 8428335 7904796 8881765
1631207 9397604 70650 9740277 1007834 3159284
704182 3700330 7250435 3778857 467939 6851083
9922072 4001370 8722640 7221878 1193076 5121045
4119861 1428688 5257736 6669756 5934872 1316552
6296477 7523493 9985311 2949905 824653 7011402
8141630 6187850 4433877 3809311 5861114 9548433
8594798 6496832 2787327 4723121 2275641 830486
5466313 4337810 2443606 3888192 6074454 7470245
90204 1504247 2137951 1261656 8763579 5677783
1379915 5999418 4954903 5301813 2283701 1451823
6490312 6677544 2550774 2792868 8085907 4330581
296986 1763865 5304279 9384713 4663738 5585558
6500630 7926670 2631479 8050776 6145839 4270254
1364285 6481309 3597508 6549914 5922099 6704524
6893281 6655117 8926809 6666116 3315749 2882513
736000 7176018 3751844 6987870 9075476 3925527
442786 3247047 250843 9063370 3141356 5323100
1841531 7867710 5314136 6654170 4040099 8470252
4637254 9148523 6175904 3189832 1556490 1205085
1918560 2729859 7857788 2667853 8838962 8530522
8271591 5433767 7514195 5802827 7081784 5787850
5244237 4379789 408481 3998073 9522851 1427005
6169838 1542731 977618 2910665 6379957 2271087
1527328 425225 2576182 7575122 2290290 7167403
1698661 980059 6994832 9779013 4054045 8883684
4278941 4505587 2806157 1274293 7256927 3012986
7549580 6604104 1126010 8680283 4165126 7155741
9253490 4635875 7020312 8779170 3877413 2205992
7992530 7392604 1478273 4510571 2086287 7698839
6479429 8908998 3799520 2634754 9606700 3156957
3049679 6435787 823202 9650522 5840947 6237414
8466501 4955557 7752938 4639708 7886782 4955704
1497970 4445758 2050485 938734 9688057 9337124
1995306 7079653 6240698 7332069 9555113 7778549
6309222 7713695 4890929 1854332 2069774 7511795
8994633 2403535 6549026 8898082 4707962 5829522
5287455 3072383 5454063 3395326 5924246 132128
635591 4098181 8671578 2934519 6035589 3293012
1134075 8971116 8176795 2980748 1748549 9394349
7665265 334170 3282690 591909 4372029 8864608
2752294 1003780 3797636 6353 1522539 3692970
6937712 4874312 9070920 7477856 8170371 2143244
7542128 7623452 1255060 2249191 4382004 2460935
4798654 2705099 6325516 613809 5279152 8907287
4533857 3871418 3124642 9778834 8946124 1618591
4331362 8062919 9674409 2687168 4295364 9447268
9842528 3500082 1598433 3599870 7631343 3624088
9675519 8089702 5483409 2407613 381502 9215787
3007811 5668003 952605 2636066 8070564 2126232
6240233 2426227 2233869 4386082 3643615 7825816
9234154 8860513 1303814 8501444 8455717 4822134
8215683 4487417 7582097 5245814 2407458 6497518
3422568 1717043 6584504 6051938 5703347 2966878
6342721 5753324 8925058 7713307 2632752 4645536
5114114 6912928 7928802 3589954 7334627 7909951
6244317 5764050 9630198 753218 933982 6470038
7640401 436495 7146061 6099253 2930587 9037722
966306 9636910 1953942 2021533 9511576 7353340
7810143 4899220 4734875 4922951 740486 374849
1938804 6855824 7118081 3897938 2894799 7720066
2713699 7124597 3998906 8905000 1672443 7921852
98004 6717673 4473790 3156247 8754142 6392692
142750 5373453 7335718 1064984 9985461 1723108
3419662 8048039 3623163 6545070 4256431 5141450
6685698 6253721 4002514 3309977 188310 6002106
600236 8416648 1508118 5321625 373322 2897380
962510 6750242 6425245 8614253 4934959 9994852
6458849 1418541 7882070 720518 1333099 7374941
768436 6971448 9897758 5139693 2511772 307428
9905114 7822539 6358569 6413449 6741583 9903174
4985890 6852910 1476127 5776898 7671433 2490957
4265155 5675608 728572 7930243 1131328 6624707
4040465 9122261 9526010 3094372 5843826 1890849
1888472 1152699 9491835 5672758 6674284 2022822
6058903 53131 6615301 2031854 1546005 9683967
8759120 827985 6797057 3481371 7154209 6319543
2392114 2881580 8763642 8498635 5200884 742349
2704605 9383491 4759910 2479061 821491 8106281
3701219 6906753 4057277 3168884 6514273 5407764
3749567 3655744 8183501 9353506 407214 7442747
7647897 3204731 7838655 9507420 9018921 437984
2150414 7041758 7983102 4273894 8918500 5614115
7784778 7581116 3608953 6659969 9879994 8790410
3198157 867890 8399413 2770280 155269 3045167
9401940 9709324 8597598 1224041 8818827 4447864
6016299 2917740 6148734 4430609 1790112 6804153
2514352 8046848 7884317 6279201 5255265 7436447
746582 7416462 7255183 3120914 8061095 6486574
9641555 3802288 8196433 1016838 5547390 2785818
8646795 6099357 1493890 3802372 1120137 2358398
6855230 8224204 9129666 8872537 7669657 4136052
8344598 24687 5597316 711869 2264178 6731879
2217719 4128763 9522998 7878353 3312567 214501
8076500 2318421 7870252 128596 8618906 8146275
5600470 5892497 4651428 2750715 1926418 5912341
8776846 7905651 310811 4879987 6604311 167718
6401255 3743713 2546666 808412 4468752 5103444
5337338 9134762 9100560 9555079 4439203 9833934
9134272 6894644 3627616 5301505 243230 5719818
5551024 2496154 9451001 3982074 7932540 6995067
1611056 4902670 8314596 3424173 2747048 7554739
6626321 8545051 3851076 2197108 5198275 622296
5419432 5941304 6977335 710378 9286568 5772064
5259682 7010578 9487706 7911650 6521779 727178
9464842 2763498 3622743 8098969 5379804 4910436
4023549 4771529 9961379 4874534 9631053 2421635
7646283 9841785 5447213 6665142 5572409 7706799
2449767 3025178 3720311 9795891 5573567 8362953
5007913 3290261 646703 3702024 222089 5478243
7956001 121423 284692 777756 1164070 9346077
9103412 126442 9818818 298113 55292 3362577
1427025 2743804 7506087 7105800 6417340 5843631
8448349 1177205 1708565 5884785 8013880 493171
7197731 7331798 1115705 552500 8295047 8874500
3452143 7338468 9763077 3470943 878826 2757588
3507619 8010213 6015262 105845 9468329 2914699
799692 8968 1813802 4873748 6520783 3131977
865072 8093498 1761079 2870886 6532158 1906359
9246304 6551732 3776547 6136445 9332796 6123154
8384373 1909225 3827068 3916074 6319995 6491239
6510535 3494514 925859 5234918 5398812 2946048
2670124 5007506 8479572 1388268 5193329 2941207
6638058 6322073 6306587 2082076 1008252 9449864
3663190 1185851 590265 1715784 8726035 3340247
3810895 5964617 3887157 694552 8844696 3963632
799096 6674441 4258134 1959788 4781397 2356378
1059368 7846766 1112942 1468812 6923312 9840026
454084 6214170 4799744 8680145 5290793 8443694
2815142 3895683 5879565 3497427 1866686 5994031
3328421 1988849 1326855 3189410 114985 6044496
118202 1950834 186517 6450740 140836 8847199
2579035 7586668 4558681 4482734 7611446 549225
4267900 9349570 1757675 9410904 9973191 8883626
7300305 2068658 7268349 3930862 4666700 4962262
4916733 834311 2819793 8747930 5595678 533190
6498171 8778079 2583801 7402401 8464516 5554952
7556745 2518330 1994015 9835620 8610746 4550162
179168 3470739 4429900 7216678 7991971 6784179
1316182 1501762 5153546 9317414 5099869 9450706
6409125 7008736 7328492 1009985 7338405 3842991
4965088 4052047 7200655 2621617 9580729 6180971
1488204 6514257 8339433 314272 6063400 1217160
3648612 583225 5843472 9081753 2495561 4052465
785228 4570755 1966777 2078210 2665807 4417796
8404905 1840439 779178 2495405 6440240 3278360
7396959 7156510 5185055 6853334 7426986 242610
7704560 3200377 6618860 669601 4981913 7684969
5584555 611448 3044907 876696 680990 8342570
2237432 1468008 3249328 5890003 3687902 6161545
5676552 3090251 4486936 9467411 839346 6931497
4132703 32566 7564860 9501152 9182131 1590857
4136228 8163402 2540050 1398297 576823 4117160
8701229 4185418 8509852 7891395 7115596 2923303
3818690 9150096 2841099 700457 726586 9933712
231466 3816171 5049299 855829 5974814 4553491
1962664 6763758 9670078 3341590 9595835 1482600
73246 8591015 1792724 4644328 2817797 3604864
246838 2795178 6110611 1062181 8829102 3896243
3390580 4627964 3792903 91093 6363879 5905245
937196 3621620 5821999 683974 2036971 4684155
7557473 1750547 2775670 3824637 9372455 7385051
3380692 4216433 7114423 9358097 5123617 9266591
8069026 416269 6958662 5880769 4135285 4105886
5848876 6699425 9159095 3564690 3490773 5054497
4378047 4388193 5470466 3349216 6924112 3571059
779207 7640468 9397120 8628781 8121192 7851002
2299395 7226508 4831803 850606 9967805 3153800
1298874 260788 6786503 3042569 2611010 2490864
5203374 2006355 3349315 9140994 3947518 465406
8361301 1958589 5506930 7654842 7214529 7613121
7889817 8412603 2470708 1664039 8238231 5351199
685885 5566103 4151782 3863125 9211958 3444208
1314979 6520046 340223 2581631 3464852 7699576
1765237 3898339 2271141 2050903 1677452 1631633
718423 113427 2267406 4862572 5384845 9157694
5389593 6066168 7290920 6635861 7008866 4464000
1932300 3495721 2392159 4901733 6839592 8739119
100999 9257496 3591397 3405722 5418970 2652682
3603896 1815998 6185191 833894 8601609 2520233
2943180 381149 7033746 6879385 9548296 9716881
7450950 8152099 8264864 1622946 5829052 2781878
9407711 1372556 2935813 3994773 8486982 4615809
1178663 9492338 4239594 9850188 388095 8075276
186276 5363160 7076965 3849011 8762491 4785671
5229764 5500631 9737815 7489492 4953444 4238474
4643884 8691228 3198658 7212434 9192228 9742918
2373682 8705090 5732166 6362011 4641759 841742
4175047 8234786 25771 7196291 6299075 2779782
1814316 5084281 2553332 4208300 3594293 6228019
2844846 5777648 8596445 2489866 7293231 5267300
4155063 4253349 2999714 928878 6699567 2451923
7314616 9984081 2410898 8707947 3408348 638432
4691036 9927545 9392830 7683009 2723372 6816526
3496990 1026249 5196771 9403668 8690827 5299562
4350648 3072017 3461982 3063884 997091 5943756
4391433 9678654 3623591 2856294 5625446 1595457
7080729 5613248 7882153 1594670 591724 9121528
6143558 4622293 4025538 826182 5681329 7138203
3535500 112299 8409503 6413221 9778127 2004523
8481263 9777055 3130159 2984150 9092976 2472645
3423506 5123180 113912 8481653 1278164 6214811
7024376 876695 9738912 5338970 7872335 3362384
3574387 3317741 6084345 9251618 8036880 6787309
5003975 2795136 6608513 9696923 2052091 1533032
5506388 4345671 7122909 5252419 2422702 6187213
1562002 3357703 8792294 9034186 1440399 6686530
5937276 8646344 9874216 7618887 9963625 8012190
8565641 6100724 2646095 6207302 5467630 8561731
9769326 7098529 575177 9421591 4697638 1819592
5058623 6917152 6715797 2787927 9756670 5363375
3175708 6000473 2982519 9521927 6077932 6339615
7642548 4297678 3345724 2325296 2855284 7345936
2491292 4177055 4139479 3572701 3910520 9563646
2288207 9748064 5518264 5893551 3238915 9237985
2451694 4741466 2023591 9343539 4606548 5780188
2673924 4012157 6945834 460358 3097073 7871890
4650843 1911746 2678732 8552805 4080227 5434136
2386777 1458697 5891833 8202178 364265 829385
9848883 5822870 4507258 7447663 766101 9302952
7347215 1123379 5340042 7662118 3473851 4421964
8212036 701864 7035159 6545755 3817502 1811528
182478 9857887 9637310 3458248 8503141 3684418
2488785 3692012 8957891 1561896 1934666 3012957
8700526 8468312 4723900 4358588 8607437 2075321
2673616 7495149 7812894 534863 6637262 1602083
9943367 8528929 9119340 5267000 3380243 4877917
724110 5005890 2837469 7899809 1348516 6808130
3748619 7772482 5223520 7625508 3010552 5174804
3027107 1557125 8479874 1741116 6894544 6764049
2500703 5725043 1551595 1145261 8002353 5163790
5844926 8351273 9731207 6434080 9170076 8567128
8361763 4427432 6309858 5853361 6853983 5366566
8408893 1562188 613049 6275116 534579 9933896
4455886 6593490 9616202 8782459 8117631 8728516
5647250 7738763 6481132 7642116 9645526 9685329
246117 3762302 8798358 5397545 9394962 7956807
4978292 1464083 679537 7263919 2588025 2809403
1710796 6083673 6961210 4591743 4217877 8113341
7060279 7671554 5275777 1272193 7748131 8798939
5696848 2114754 1044437 1134170 4682396 202682
3695415 655364 3437970 7243413 303887 7401282
2744751 286539 9840175 5215501 4927858 7445776
3420904 6866055 3101871 9712647 8246773 6543301
2586589 3872271 9982720 5453827 5430716 3969847
8114929 3286954 8946404 1974096 7518159 3608660
1905308 5459879 4328499 135590 7398379 1094809
8797903 3104883 9591986 5312685 6520693 6716257
3585393 6125321 6796098 7384887 3422276 5392075
9354258 1242398 1121230 8110430 2657988 808473
5713137 9137715 6603661 4944511 2224566 5785102
3919170 4479834 6198315 4460216 2731775 5521503
4764344 9050326 3366598 7522397 6723394 3395217
9641554 1728493 329044 6067978 9926972 5388963
3823860 8331389 2527464 5694307 6436841 2802772
7792994 9775862 2710359 4840630 4258851 8227314
3808178 8365679 6976170 9726493 9225530 8180324
9477520 9309681 7141453 1605290 6418935 2159532
2536665 3533403 8720261 6113769 8057530 3733744
4757323 581336 7160394 6807861 8589049 6673096
7056737 7909104 8948966 294282 3709575 7870008
3033162 6409836 2947187 2860173 4993850 7823888
9549116 5805518 6278014 7888731 5941692 4437321
5122247 8772678 4736064 7733649 7737373 5802894
8857536 1580418 4042864 2274105 5268476 6688543
6112502 3702451 2610624 7440577 5170345 8067067
8901830 5847509 5695454 3142363 2970190 1455486
1763593 4687080 5634480 9135236 4565015 1526530
4155562 9948905 4826651 9086848 1931660 611205
9096780 9059435 5218851 979866 1086063 162758
2558090 1586765 761551 984933 7557913 6829292
2941584 7320231 5254349 1189680 6102207 2529717
2920933 487586 859375 2925641 4265905 3536240
1806438 8272040 1571303 4719303 3847597 9874021
5873519 643727 6463456 918113 3130475 5572078
5019130 8905840 9855802 5961123 1210993 1269564
199928 8983599 6472234 4885660 7870225 7810901
6691962 9473278 6063912 9968613 8243726 5848787
1713911 9013446 5725378 6765056 7259676 6225110
6312818 3720734 2878643 978889 8255891 1380720
2822773 1372042 8904122 2224286 9187496 6879291
7499397 8240907 9989042 7208179 9745073 8558777
4846545 3464018 1039251 1676901 4747313 5753027
1110604 8044280 1135783 5297042 3507898 9474121
6677862 6671163 8210133 306566 2970169 4251451
1554977 7596465 6000967 3337264 1566688 9496366
2817452 8342981 4170477 6899780 4029830 2970844
5308038 1727195 7524739 7440429 8434137 9976491
2327111 2969343 9984563 3875349 183117 2707027
2775818 1565303 233169 8972782 2518335 2580556
4922103 1408087 5998797 5757658 4778859 7959341
1389642 6093210 7075677 717348 2365514 8760039
8598111 4200891 6514418 807622 8135896 5907611
1766444 4866846 705774 4172082 1943415 7052413
1287111 5365656 6037760 5727949 4732577 4722527
1335147 2703020 6437406 8944003 9544070 3599594
5535456 1404269 6201706 6893206 4680664 5291754
661815 3652517 9504895 7735808 4623320 990660
7016103 9734220 2239781 6567659 6879729 6541952
4719228 8069142 3746301 9328208 6662824 4452901
1072343 1130160 7682001 4202162 3260242 1752122
5644170 1353512 1358002 3759833 8270201 1644167
8833465 4749028 8299132 1924548 7155775 9686951
303224 3074154 1841505 7767296 4585756 3464342
7295873 5435798 6506529 7298079 8478452 5688599
4839207 1081822 8939447 2644584 5505149 8712325
7310331 4767437 1430794 1525954 6748387 310010
4602030 2132742 5332597 3371959 4131065 5317735
7043651 4146572 5695819 4257422 6482550 8020563
8885538 2545374 1171566 972711 3492902 5824809
3652133 4837952 879118 8794667 9806938 3308450
7728977 7124828 759570 9874639 6284437 8232233
8550710 4911056 4491833 6815836 9936282 788356
5989535 642940 9378620 811277 6564644 566514
9509573 7289501 6580027 9387810 4261406 777265
3028585 6652036 6850876 145148 9188510 7661273
3996315 1935163 9542949 4549159 947818 8567368
834558 225383 1156712 6970772 2330087 8106387
2898614 4118769 8700352 2525704 8121763 4968033
4102395 4043151 9744562 3420058 829991 9658254
3477857 5633523 1679128 6420445 2182835 6010032
2302702 6993340 2943684 6603906 7454532 431326
8007036 7397057 9192767 5636169 2496064 981192
2520306 3471186 9623137 6025257 6287886 2411605
607100 1752899 8855594 2184546 9467358 2191659
228047 9819051 9001334 4510317 2552681 4506966
699846 7663921 1152369 7743377 2146774 9887575
9063934 4412520 7148936 990763 1164461 8057236
2812382 9626986 8918233 9904455 4682717 6438027
1718050 2756142 590991 9941480 210098 8838864
231998 5703651 6019624 6974172 705810 1525801
989499 5039598 4725562 3200017 3143428 1590857
2270625 2679960 6177616 1609286 3759059 8223871
742066 4360263 5702245 5144166 7779699 2674422
8787295 9670903 6787077 1957688 6823439 3848889
4807485 213780 139674 9463883 1752867 3163673
5552853 780271 6867713 3557164 3828845 8838620
4095287 8427133 2525673 1753967 3066624 5576595
9755941 539069 4020119 401412 7586721 4721199
8964059 2072163 8681582 6829048 3000979 6037327
57353 8760608 5593713 8092787 2687575 9283921
422334 9172088 805270 1471203 5905345 3579024
6047062 8799350 9692075 9163635 736715 3331443
8280310 1378017 2746182 935438 2288248 1513959
7494943 3107839 3048581 8370345 1006509 1425392
6077986 6609428 4609419 6411533 6192021 9574973
7901285 2488591 6422424 6027869 3012229 2240087
5233612 1766538 3824710 1414815 9700956 9599329
8715165 2528131 1504752 5701495 3367299 484237
3581242 9525434 2427257 9598937 3060994 880072
2814535 2890918 4203243 2784122 6424044 1385288
8740074 8845566 9480526 9223612 4020314 2241491
4422854 7896408 9244113 3245495 5138191 797239
1820010 3995997 1717651 5690670 7232346 3197581
1256748 9163978 7132234 9210527 8135500 4689642
6104658 9816035 9817526 8358576 6581569 1490711
6608213 4563127 5550356 6815746 4728455 6862116
4461503 744218 7210246 8285428 7518198 6710912
8319253 2992252 7699674 1836358 2841475 1254958
3987460 5530844 5354360 8509449 2328514 8704078
2703434 7198173 5995637 5362721 2279060 1548031
848535 7380464 5394751 272009 2477648 7863224
2800494 5790501 9097311 6438497 633259 3432026
6392963 6850777 5449422 1444648 9531322 9354891
126091 7104625 861496 4989540 149643 5270810
4945176 7276996 6789706 7711882 5221426 2552256
4878447 6348066 5135822 9971246 8531852 5060969
1880088 8124648 2389979 4411754 6931214 4751277
806429 5465465 9783453 7098802 8383071 8816000
3656001 4660709 7531669 8052063 8196065 3282234
637475 6467255 9436239 8265390 6406411 6122841
7248281 4379773 7308560 8482206 9414833 2819562
9075903 8821578 5934498 8824390 7927563 1280303
5760961 6504243 7445349 71173 7346724 5127211
4406227 6380352 1401087 7676493 5245881 9851379
8425751 8385231 696726 1053821 8154017 4856174
5046645 4648992 4841233 6859822 4441783 268924
8715764 9896480 7913365 4844019 2401706 3475060
8855189 7475459 9940297 5342249 2380050 6927646
9224380 3363332 4067960 8010267 8918156 9487785
5559057 1825986 1001912 4189365 2721498 4963814
3226818 5645762 7772865 2646999 7712964 4716602
2822638 1189145 5909115 9432123 5172243 250616
4651487 873082 8309654 5237360 254018 4693243
3296630 7759034 1497791 41468 4520544 808222
8708520 2346298 4715906 3409378 9110365 6581475
2563724 4115844 7871896 7691951 6970000 8557380
175961 3724494 8263190 959931 2879817 3771515
9052151 9935728 384284 4961317 73825 6934890
3126141 6780967 8982554 5476666 2505154 9735199
5855668 992994 2395164 6609839 1576786 2499073
1706847 4961670 8681864 9745410 5206802 500083
4379397 604077 6128171 2836260 987104 5886438
765360 7612916 4519685 5047173 7207857 1028882
8956568 2476562 2112677 5466144 6527548 8126718
2932607 1643132 1618540 5092129 8118918 8483392
9966200 486956 8947704 6481086 1534986 6312451
6506838 5106142 3248489 8017359 8458486 8605217
3640350 1864061 7566845 2700521 6580187 5488747
5592867 5065938 1667813 6281896 4294486 3137936
6787978 6687464 3660303 3728712 9436619 8794881
4016234 2131934 953435 5773515 9969473 431307
7127686 6378330 9379368 4291827 4045132 4048249
5290435 8105370 6726247 9498624 4352682 9828481
1094416 2633918 5431799 5366651 1593068 1986319
8823118 3835177 4283564 1538075 5957050 6449249
8877525 1092394 9703638 3266743 868939 8888121
6531164 8633094 6794213 6349128 4746593 8084426
7197666 7787561 843669 7931264 8619885 1902499
7983754 7885174 8635047 6546633 548078 5417205
952779 4290099 4014992 4618741 5114868 6472195
866104 1854537 3479429 3535224 836519 5820372
4350988 6918596 1607380 4085815 9351611 6162703
9852683 5122797 6296466 5694052 3437131 8206878
1853474 2960953 6511027 2290121 9988697 5396989
6888507 8502079 3813571 7817646 4657173 7813564
4411662 3607337 6878326 66198 1731113 2024176
6184629 6560850 8637653 4826240 8544847 3343877
732594 5616683 6884018 4974883 4264610 7714379
9149898 2591342 7450777 9086566 2598300 8834661
4386846 2034506 2735374 7628812 5216271 4901189
2833187 8138932 7243046 3695001 8077465 41580
503167 3535483 5192870 9047282 9088274 2716094
6565031 8079813 3917280 5445776 7506527 932070
7524062 9062798 4329150 9316149 4570656 9607640
1904272 6967208 7630814 5630337 9983324 8433354
7603304 1418766 2212938 6229703 8119589 3682641
7636946 7448036 1620314 5622861 7574966 6208832
4989323 9597922 1560692 7003381 90323 5271401
7178937 6793754 3753723 1364256 9228404 7672604
6592923 9723639 9455383 2226209 7313194 9447963
2061537 1855397 6319162 3985320 8303154 5263332
2009599 2422785 1309694 1161878 9993165 4144298
671212 385692 4440913 7243565 6446047 8685045
9302281 5191891 5617477 3769434 4251078 2507385
4732336 9974804 7544784 9410304 8289545 2504138
7306774 6642362 8850594 2759390 9545454 5568630
3247127 8204236 6369459 7164427 3457062 3304473
3019954 2382197 7646944 6531959 8785414 5914879
9873310 6721886 3471060 4501423 5207646 7328132
831602 975581 7395243 7223376 5204698 8734093
7859369 3073988 7714882 3144241 4556513 4146803
8869579 4709861 1801935 9513788 1695957 6442830
9200117 4667704 7245686 7649297 8573846 3738378
4222293 3912410 1665596 4781711 5509881 7904992
1492604 2994073 1021490 2635881 8304583 4337655
4106794 3796333 1699921 8759857 4894487 7951048
6317386 1088241 4227067 2455014 3224857 5936652
1581990 1045146 1386032 2265296 8558314 7294174
5864051 6564677 280115 33747 8764515 5042796
5494488 344756 6049252 2104720 3911445 5499731
6350072 1524088 3188874 5770581 5612895 8890812
7055277 6332801 661693 4430777 3113342 2342882
2022476 7824462 7957712 8614737 6455025 9709779
2496831 7580790 2082518 4067355 5517055 4765871
5019209 6889050 7235807 2241782 8035123 3156424
8562003 5628066 8806732 2442702 7713392 5309347
4978618 8416167 386117 3438878 2184429 3276514
4579706 4825643 8921932 2176101 3886505 1985315
7922352 139931 1304060 6618706 8906576 5071536
5416761 752665 2694296 4682578 4125487 7669649
3001816 6261258 5406059 5284051 280558 2347697
6158765 5843124 8803692 2375350 3315626 4478046
941589 7393256 530436 8451717 7365259 6340718
3321502 2089925 4752363 6000085 1445483 9175261
9925274 2001429 3512793 5445393 153241 9981379
6924575 9915624 6567858 7817146 9076634 3175443
2162516 8862010 3141916 5133896 545663 6747803
7725970 5978585 1592775 6452817 2721620 5507226
8206747 962213 2743379 1737152 1095549 4098788
7345922 6947076 5452487 9991887 2885681 9220581
3845149 5879324 8762990 4526595 9047583 6991735
7048559 2640787 7993934 7466011 4048378 7556219
1172136 5366090 1043873 4171501 5108060 6095699
7844646 3132361 5807712 3004410 1564507 4758151
5563960 6242228 1291213 2899916 9201987 2780908
9842739 7280351 4391333 4565822 7704588 2177835
4120486 1040827 7606555 9680958 5139270 5948995
339982 1712794 9945628 7353089 4872229 8716249
3993628 718474 3278147 1018094 9876383 8052096
5294967 5409856 6085231 4820444 8578091 3178660
4917848 8561791 2302743 4286243 920441 8731019
432840 2784034 3587152 8417173 9643482 5168973
7916566 8905415 2809781 5438698 427254 467695
2591614 6560010 6663239 4151581 3103863 6032126
4247544 131357 9272744 7217999 2770093 1834004
5486376 7265425 905855 1286547 1542692 3695896
3486029 2091529 7691485 1582907 6039993 7568391
9315076 6056261 278682 7237469 9352508 1155802
1481053 2894348 4016965 8227875 8392206 6295274
2624899 9397993 8552156 6556323 2471559 9353154
3345593 8786201 2441801 8980953 5601640 7375867
934325 7456132 1344812 2093383 9267215 1118078
9151137 7674018 4756935 7556849 989927 725715
1546847 1566460 4122961 8586271 3995480 750642
651080 1989651 8701200 7564250 703604 8827081
2138404 5544191 6353815 8437845 8042339 6219426
3455702 8027120 3807880 7225277 5381231 2641028
8943029 8063178 1852124 8864893 6451706 8854012
7902355 562940 5804796 1507320 2123126 2608313
6596503 5824676 4483629 8556589 5160124 5382719
8829270 6662558 3673301 1249482 3298594 733913
1584889 6197425 9677287 5765921 1804834 4950949
5124881 5476222 6893195 5932185 5683334 4923885
7304371 3550475 7479438 7421974 8260311 4042552
7178091 2789537 6532648 4323146 1436786 1297746
992184 2413623 9336695 6264904 636235 3587252
2812634 1217375 7305086 5893774 3403145 3203943
3667977 7538990 5176994 336072 3873575 643270
5761614 4134409 8672661 4506581 337355 2451627
699696 9978095 7779842 5554626 220614 70986
2646864 2881349 1662187 2906402 7695284 131593
262514 1855510 2750025 3817316 5127140 435403
796327 1297008 1089648 8921619 5403524 5303144
8168740 6390274 416500 1714511 116013 1593697
7675867 153971 1074825 3439932 2130254 6295195
6457695 882515 6621874 2857207 30465 5751557
8826761 5465501 5652061 3665335 9647842 7009935
3855637 5948270 7438962 8684133 6289519 7229016
227812 699677 7130845 3437020 5021100 6889586
6460189 1575426 3597557 831321 3141956 6186205
2544118 9549165 6011852 8533088 3017209 6084700
3572074 6586506 5936827 3682301 7423672 7094162
3968275 3805986 6087964 1791946 8188951 5042369
2880068 8367092 4305529 7745066 8699807 4319700
1780247 8269164 7783768 3840101 8950136 1043566
6234921 3711480 5658380 4936387 5044485 4220959
3720501 9741934 2718735 8120376 2687912 5942365
8426184 3929096 9542832 2444631 428329 9383138
8190559 3390289 1339802 5635779 1800860 3148971
4613733 1786507 7647614 7889915 6729841 2413199
9746587 818375 9282488 1668878 1634828 6132935
2916453 6988999 2669022 1513572 5039713 4433726
6396031 8365004 6777457 3308245 2245004 683988
4721298 6911722 4763995 2460373 2545400 5753010
9097482 8628130 6051359 9766938 4438103 538605
6753447 5513305 8216900 6688698 6373560 4694712
1680430 1032845 6905022 5959184 9279648 7233444
4958088 9280738 2261623 9229831 7726088 5005151
3150412 1963789 560036 4182335 2916385 710905
4611209 2167202 7772720 6535731 5375859 9604148
8092878 8293888 6466245 8160188 652800 7042727
5571195 8635580 2453355 3009341 8967777 1307128
3423095 507348 8010161 4859290 4473188 8773587
8353472 4332006 9712486 9278346 5847942 7341057
9564848 1531508 8611123 5596254 6965582 7541234
3045976 6969847 926704 9404279 3008906 2471677
912610 7405059 4146609 4537430 653246 6558951
4095347 5633431 7749562 8696517 7515305 6524655
7236807 9789268 5554286 9077943 3123469 3624458
1374169 5484466 7471431 5296715 4725159 4371066
8534216 7348200 1285020 2468946 5398070 5379548
3340844 7741525 275842 4570198 3214206 9318670
3922183 6005324 2964587 4484066 1533542 2898565
4908255 8673127 3775455 5875670 5330290 4670727
3631683 2953923 4855396 4114028 8362554 4761376
1704462 7130880 2235867 942202 1737263 5468192
8054561 4085883 8923208 6005509 4631793 3134585
612954 4382516 4605521 6809530 1557808 9707414
9046142 8022787 6356862 9777565 4489392 3586351
3099094 3025906 8757054 145678 1971789 5748411
6865151 274201 3244928 9487635 1037830 1344699
2992164 4239129 3745985 1146313 2249091 9819582
3897521 4744385 131661 6646674 2399308 4057420
7353247 3563948 3029941 1227142 5634109 3199213
3066744 746981 5339546 8398952 6874397 7070890
383109 7372446 3845855 5822966 9653996 5551174
7279562 3435608 931202 7130752 7543291 7446184
4346053 7034644 3816539 4766636 6149842 2622044
47665 7268268 1482668 8221295 3990108 260942
8320859 3670090 6861961 1915994 5588830 8857931
1279658 6979393 5648998 7770615 6828004 5358131
7701058 3989795 8065650 1535789 5266621 1554793
2225670 1227230 6486980 4983440 2339040 9620799
1370214 3931960 1225073 3288649 1927810 7968259
7021042 7549077 9742687 1306166 2696588 6659315
3659814 294609 1988578 940203 750794 1450632
1116642 7731792 2758616 2359589 2157813 7948013
3030608 3914588 6021207 7939098 9782740 4857278
5701647 1225856 5826452 2516969 335363 5258336
3569732 6538408 9050705 2656342 8812330 7092483
6177590 548263 8638628 9878530 6152191 7855377
8615184 5219104 3543730 9958697 2851073 3404139
622244 3923847 5999394 4534567 7646570 6447752
5245740 4747477 7871097 3823301 6623889 1497773
4130702 9647339 7493475 7854560 2633717 2670473
8734005 1474537 118105 3727130 9281259 5898272
5094704 6806933 8083186 6479580 8475941 8798519
8852850 8515694 9301201 5290253 3891504 8821359
2942405 6014461 1460399 9530273 7334082 1914586
3688672 3060170 6923140 3948471 8438487 4986383
4623309 8388892 268605 9020884 3888832 7081657
9302172 1207536 2679500 3306471 8104815 5508799
9595325 7959312 2074631 601023 481950 324988
5040976 1386999 5014489 2512406 6711830 787590
5826155 9783447 6803010 9942790 3139994 9385111
8271364 2254155 7854049 8017300 1695684 869079
3689060 1978352 5853275 3989513 7946337 259883
6370259 6736527 8867859 6028433 3035092 5828646
628434 8880855 4038684 4822214 2671050 2838222
8620708 3349218 1243353 8284085 7713261 4797368
2528715 8798951 305151 1548698 3398734 1128903
9313889 4816167 6375394 1215457 1130869 7325406
7737790 7257242 7533256 7189985 8846143 1277628
3128956 7703916 6130509 4744969 8092505 8024767
7350199 2098027 355061 7451042 8126717 1696857
212884 152727 5223748 5948989 8241493 3808485
8393526 1624447 940873 4665690 3367326 6637505
5851047 9845218 2539016 1064517 5600854 5820486
9766004 9096311 674937 7786747 7831310 2794547
8473063 7198659 7389105 7412795 5081680 7623554
8687538 2541970 1867496 1633790 6815174 123727
2853596 7248177 9166998 7356028 7534831 8129372
7785703 5634814 9735718 2152749 3908388 1372606
3841375 8091995 4686975 5364466 7036963 7011526
6471185 6962733 9413304 2652749 2510998 3111997
5790932 1400020 5880605 8203376 9877671 2926117
2679500 7374350 1900353 4836069 6577941 4725112
736594 3191931 5299415 7137503 5625656 3738064
9426968 9425565 2344211 4215034 5468498 1554408
9092988 5794808 3353301 7646978 6524622 4089420
6204604 2523259 8504117 8104744 267107 6177209
6866715 2604054 6311266 3706108 9150966 9012239
3915208 7773720 9116411 715924 3231266 1241570
367485 7731623 726285 5605260 3768952 6310908
3553090 7564605 1598639 2693034 6642287 3854864
6574655 5822018 1134530 7101869 5007988 7465092
1825341 3779949 5228663 1937405 5112172 945772
8305458 3436061 7434814 4793512 1863863 1393022
5388898 4487140 8257753 4187973 469201 1024323
6259060 1802498 8807400 5650273 7082583 1026680
5925726 1265291 7044160 794765 4122990 7309401
9854303 9145494 2977622 9394224 6462912 355735
3779680 7647270 3755240 8658909 412460 9917303
1681537 8547771 7157819 5606761 8136350 1360835
9564461 9618519 8240906 2631019 2185641 646489
2806489 2025138 8754946 8167879 4845943 8840359
6981838 1717537 937396 1444414 217656 489439
840955 5630347 4353443 6688494 4789984 1420183
2903346 3216105 2573489 9872800 3625736 8483003
505314 9973038 7385468 1803968 1743781 6999694
8883939 3830399 7050845 1358567 5415333 8750125
1286580 8941095 6054562 1571607 3030013 6793756
4661641 1685780 6814053 9942834 2894573 3818806
2293727 127446 6305043 7272867 8807318 2279166
9666245 3449600 7971630 1625959 9396882 9263298
6876673 1441442 5252189 4079926 7186694 3611599
7139044 9165590 8479494 2487684 9575468 4715197
4066273 7357022 9844280 37943 1789451 5170859
3014035 1889937 8872022 6162994 2278417 1071529
4079165 8801844 2370562 4898445 8999069 3214633
2885948 271511 8817442 5635740 9717981 3303777
345869 3445775 8711198 7651547 1136601 5212652
2119423 1316309 2968989 260754 3777288 1418764
359835 6887965 6541439 1911176 8615700 7380956
7358346 6626518 860990 3839770 6640491 7347066
5636315 2116180 8693581 8566079 5817210 7831143
66624 2697978 9752253 3555383 9984852 430325
5172359 1281583 7188661 5900438 8724426 4461655
3870994 9777771 4315465 1238317 3620538 8005183
1253050 1375416 8596463 2137995 5632690 2563881
7928908 2533830 8740118 9356583 4738685 3371139
1883015 7525015 9369687 8551439 8970842 4525444
8238869 6327169 2391989 5736384 3270549 4609249
1036879 9423395 3937652 5419434 760671 1057216
6143338 9798240 2035371 4348309 1824695 755407
5033911 6900556 4404207 3346278 1106973 2293276
8901774 9594431 2941630 7976365 849707 6672784
5168959 455283 8574961 1846642 6760568 3874252
4826763 9544103 6953311 4585444 9792268 6062918
1799277 9222794 3822912 7531596 3958869 8054995
8749062 2514848 5165787 1334192 4451222 6723668
8085693 2989263 5327698 7134305 7712591 8661573
604890 154060 5386303 5319469 8299656 516568
2107513 6539253 5730111 1567242 7313533 4953535
7972711 2913849 777832 9571147 6433485 126145
4365146 230514 1226430 4591061 6109128 9045930
2201538 7150279 6091875 7819671 5795176 3461798
4514155 498915 3549029 2267447 1393644 1286956
5158962 5268703 7011384 2043846 6490013 6547434
1254674 8359829 1513550 5523968 6364158 4338305
5832022 8552043 9616630 2806771 9500500 4837178
9827306 5856167 9542264 5945723 6822364 8303035
8316084 7118729 709258 9126949 4056929 7371240
3379085 7767714 7655018 521107 4196110 6320660
5386367 274597 9601544 5594184 2850472 5026828
9111077 5399962 2173215 647281 4051341 1885341
3547457 5869492 5651812 8571385 3059348 3334040
188143 7349875 9782567 9268548 7423628 3594606
650720 5639412 9706122 5838663 7935560 6599792
5472108 2986255 5962200 6018720 9277437 1609700
7225713 1262772 129870 8222839 8325299 9398360
4883806 2104290 4860889 3041602 7338093 3776487
6820878 932012 6839964 3687255 7845073 168899
6481604 192180 626761 6856141 5060616 3332202
5893060 8400099 5046531 2649564 6184152 3260265
3477891 3324286 4032163 473326 5612783 391951
3854779 7538627 7919565 7703534 5627748 402779
4289786 8849254 424131 60999 1810969 329759
838945 7841160 1294034 6892715 4050298 4896776
7153613 3693297 389319 9136556 8043460 2908736
429340 7579193 4636135 7057049 1611284 686752
9433473 2911459 8759388 3263138 9816810 6176647
3481947 9966687 981351 3576205 8445255 1022452
7283884 7589072 6092744 442322 5643553 9835680
7031086 2748528 1289293 2190722 3555797 6694002
854004 9397086 4634697 1568993 4203932 8174625
1544575 4282502 7036290 772563 1251201 9570619
8749510 1751614 1824009 9454553 5350101 7099170
8531638 1840903 3766439 8191718 2116397 4346062
4716458 196681 6599172 4821200 7629407 7708101
7202134 7329859 523826 6561743 4340741 3671118
2286076 6659570 9790472 2472947 651102 4424772
7885962 6091250 8021926 1906332 8861375 978006
6440697 8429908 7165971 8340017 396965 5501081
1992991 6487441 7876334 7751694 2000006 5993960
9549576 5910980 2680929 3115307 664531 8345427
3157961 4098324 8349296 4521516 1941239 7018078
5915128 7436100 6076001 552683 1872668 7594424
2036952 44376 3743034 874435 8068403 7008489
1540755 9638913 2978937 1769294 5239039 6115785
9802155 1934085 2427482 2579981 603194 9358112
1325261 985211 2625464 9967760 7553726 3106323
3378559 8719179 611853 6970357 8301183 9534194
5077065 2835553 3842649 5132373 5410543 5445439
6085180 8857985 1234613 3037289 8148224 541905
6553269 4898154 7126846 7311469 224899 9448579
7609366 703312 4465537 6301785 4796195 2818012
2606694 2717036 6479466 4777730 5162261 9491395
137960 1599979 4653689 4676549 7795908 2948070
2276301 5058266 327223 5126899 5268776 1713160
7761909 1694831 9104512 4526480 8887743 7474462
1430654 4651729 2130234 9484472 1703496 8614323
1270161 2113286 4310684 9398991 1958092 823097
1839088 141944 2613702 7013743 4911819 5112091
2439731 8692777 9007941 2062898 8925403 372473
3766790 8524256 7249931 6787741 2197191 5251392
232050 4935816 8712954 6625233 4585777 4743338
3911523 3948108 1807410 1825419 7366761 5517383
4280089 3147399 4681061 4460208 3177633 1480193
2106819 3155199 2647454 6045196 9121123 5906797
2091130 8591393 237418 517086 5645044 7889451
1599985 3394639 6362612 6309375 5652888 3509446
5294400 1371378 261000 467075 4043332 1847357
1971793 1785312 9031752 6042371 7402794 1448149
3522704 8641103 5933549 8977437 389897 8789166
1193355 7061996 8143876 3228833 4188310 9106660
7154890 8919054 8620032 8518232 839816 5911018
7588484 5651238 138952 9206643 4176930 2156282
8337439 1214879 6208421 9578173 9034740 1943914
2505108 128142 176094 4893150 6143956 4888592
6509836 7308303 8141847 8320777 5870312 3030090
7114022 7265361 5763062 5726119 5395206 9600268
1854535 9964962 9456433 5410585 9228859 8486960
3301409 1762541 8929167 2228090 6806913 6554288
2246239 345500 608527 9213839 8205934 8486872
2570997 3911558 7276668 656905 866067 245068
7050480 5658603 1045409 1076880 6306751 4635955
6470816 9279141 9063544 5566545 6901649 5203272
3145270 4805925 1317321 6744091 3469183 5648194
9746080 617273 4094367 325819 8557472 3885560
8547775 4779669 6287722 5189518 2679079 2131587
4297447 2705779 6341966 8958081 3066948 4890540
8002925 5139515 3993795 1999401 6743767 1436505
1802615 149571 4199279 7938505 2150689 4378205
3537704 1629197 6653816 7518104 2714675 2215777
7943632 7627240 8541670 1213245 8171590 6147206
3814822 5208749 5763296 9626380 5438014 8932959
1799382 4291161 2849110 8552082 9846043 1721841
6519073 5065451 4142751 4042475 987719 8218460
8051613 1965061 8768815 6428184 8217883 7558588
9714122 5984582 2907198 1847109 8743116 9357375
5425339 7834352 9101152 4269448 7119269 5915274
4765902 2887160 6262044 7836044 7399953 3962079
6108936 549366 908966 1518551 1411668 6592608
2754368 662601 8768077 297558 800372 6802690
2473462 2927209 7083799 3501023 7279981 4489987
4793411 2156529 6341215 582406 222076 5897355
231194 836711 1937599 7713602 4528477 9440976
2379557 2127991 9501024 8902110 7959909 4279712
3593558 3145205 5756942 9285470 6444269 1498891
8939667 7561982 4748150 8970255 6386017 2941386
9310478 2206867 3908535 3527207 6757658 4788784
7362224 4885855 5681269 5794094 9035428 5797252
346975 9690919 1543154 2962460 6570529 1847456
358838 9115604 8910992 9661192 4994177 9430124
788023 7999713 5344016 6910133 582546 4355504
4974034 5666926 1123018 4324089 8830888 8947140
2869761 7468528 4531929 6755045 8413899 9493255
6297409 5258112 2758287 833037 3480229 2604073
4985710 3282148 8416912 4148244 3308949 6686882
1309945 3817126 1468317 3664061 406510 3912541
192812 8008042 5001153 6233393 9060093 51345
9624360 6786022 1103970 3739352 8343087 3933361
6288596 8597510 3145488 8540696 6192186 3262235
8576463 507174 7038290 3102545 513286 9011347
6821583 9056685 9174714 2890275 5079912 1937700
9336436 7369049 6693528 5346218 5671315 1195878
7406974 9131818 1855517 5501113 9540417 580520
4254984 7140655 6505500 528481 969364 9640603
6430742 1605807 7755694 1860958 6175479 2438092
2868136 3492846 7807758 240993 4977601 9449983
7058562 1827084 9657994 3571085 1519005 5960886
4593669 4359761 3481988 56927 4017918 4261162
3295253 1192334 563526 6074594 1750268 1576030
8459381 3257743 9492776 4334969 8647640 5894675
8713525 1644836 2170621 1158077 5732398 9460155
5546910 4853402 6706886 1707581 4298132 2982198
5673208 3150022 9317088 5999630 117894 9055332
2844975 2243914 4276950 9854543 7468288 1164711
3615507 8066365 1162813 3667242 4559821 3862162
9568253 6775068 4306728 9551867 3138506 5961805
6678181 5765573 260785 7644299 22297 5505310
582796 5413500 3693061 3748160 3728151 1301966
3767030 66452 6398389 6339281 9203496 7268922
8340197 3134934 4044790 5643931 3114884 6373281
7155891 4535103 5890185 3222735 3674454 672003
8123884 3266112 6831505 7135538 1463010 5251880
8060028 4933423 2556813 3683889 2065202 8791536
898173 6455968 5726754 1384197 6970877 8352544
3707108 7667209 3067702 4294686 2308035 2663370
7763160 3791286 3659491 9024952 1508612 7535606
6396227 616489 5567572 2943403 1617452 6781316
9700748 662204 1571272 381396 6457537 8492965
8359431 5258848 337209 7669978 5970858 4268234
4837984 5736439 5611510 507743 2026558 4661571
7837570 3608363 5013417 4542950 2869560 7500046
8965779 1879630 2673220 7782724 5251912 7810132
4703542 6189545 5480017 6438981 1296899 5722403
6425284 2789359 3611759 9879736 6597676 6745937
5086445 3603630 1973596 3547230 8534143 2865931
4634010 6248147 8664696 7908189 7058254 5587531
121470 6933172 2913793 9700687 2556208 591756
3526801 6192815 929727 4959184 4126728 1395102
6305062 4604016 4565818 1368128 51854 9167789
9141442 4768151 2732361 7757491 6538099 812527
7136969 7016996 5218604 6925260 1658337 8664667
9118985 2300518 4325202 9263586 7315489 8387661
3465868 44414 9557601 1914169 3182855 2911797
6655518 4474751 5633778 2528257 2566757 9041522
9476895 8529866 9618574 1738508 7870547 8347637
93911 9600746 7211235 6044310 5139999 6609274
3149827 6049015 808178 1567997 147015 193212
8421764 8140732 1356860 3832514 1372024 9812382
5625203 8966131 1263820 7002583 3325975 1798479
4517450 5002290 889074 3479946 910954 63884
6055286 3906831 3280658 2711793 3256346 1001859
5587506 2299880 2449095 4662997 7388016 8345879
9466472 267050 2436958 3727693 4081569 7809498
4374386 3231837 8493755 3075580 7410344 9663806
6796922 4878265 4496514 5101372 5087544 162439
7397917 7035082 7816103 4909319 9624582 8789704
8352881 4910183 943949 9023713 8977268 6208179
1733709 2684821 8442106 1782071 864084 4225825
9258290 4931901 5862082 5630463 1711022 7301670
4375389 757905 5680503 6346441 7634720 732853
4984891 6733910 6780834 8552692 4088619 349354
4891267 305334 1715104 4818023 4190472 8854431
4852675 8472350 9434737 4376771 6134856 3635669
7870542 7674862 5463517 3437071 470625 9091031
4584741 2332170 1620771 5867589 2871690 633760
7359829 4157711 2779832 183719 7278204 5279586
4505324 2635837 7101659 8088385 7719854 5426055
9896202 4994331 4242134 6570734 7052004 7100233
3711249 5073691 8582229 7417864 4205742 8236835
287632 7739486 5012607 6595931 1140910 5389052
5779320 794947 240063 1022770 5874978 150506
9288860 1998429 8011044 9116043 6106164 6181105
8362010 8021297 1650627 6569825 998350 3061352
4817316 2961834 2413529 8017495 2894150 3337983
2628723 8421518 6476323 3428927 4164487 4206682
8446040 7656181 3164601 2204123 6292226 4057280
8691911 9773218 8746436 295517 4488090 7886304
3030346 1491328 231053 5932784 9164506 7781976
1223874 6098897 1086082 979297 2541458 7057743
2820862 3416493 4293031 52445 1236067 3989669
2918396 520617 9538729 5206556 6361533 2856271
1182729 4388605 5073455 7726327 8315486 2844248
5927367 716598 8935732 3626176 8572929 6058265
7197038 3015780 7376478 4585952 4390159 3235200
4011048 6637052 6296866 1694475 6204099 327446
44822 3336593 4671736 5296598 2752328 5175517
5516633 7112423 9160034 6718573 3750456 4177423
8332879 3848021 6382245 6877560 7549682 4543144
3227452 3928683 5910074 8223618 8963551 1828769
7267044 2775992 1839360 6660908 1766140 4134196
9621674 5582598 7112375 2906975 6442720 6434741
6913676 1426466 1021298 845913 6269922 3215147
4876941 1286607 1669976 4652639 3763332 4392548
7847732 6766312 8034135 5390373 2341204 7150199
5753269 9689988 7671006 5079490 3684490 952112
1293715 3903072 2704634 756223 6812312 6846496
5869388 7161936 1818877 4506503 8975245 7398450
5169704 8692433 6626235 900451 2829309 5266752
7543203 2855733 3726969 7270398 6026436 1238286
1337850 8495377 1491103 5183746 9541605 2930606
3436242 9759329 5678961 562307 6782705 4938345
1696542 1197552 3676966 370352 3489614 2266296
8934838 8469823 3782503 7333123 3295092 9530219
2127406 6997187 8030089 4045897 7934216 8789423
3900617 8779783 3636396 46266 4311130 4494730
6295693 9956498 1026103 1278197 9501635 3253563
5249804 7552339 5073996 52413 8132399 1487810
1207225 2297341 2469817 5420867 9644955 2373776
7220240 3056336 4705969 2822220 9504307 4574225
4081307 7205873 114157 3671190 8871992 5077300
1750878 9695513 1128622 4258245 5159295 2611794
4418564 5774932 3834893 1531071 1199570 9977612
332045 7852036 8355969 5114945 6286415 3688365
1000339 4273458 8468274 7977780 970253 7339440
5753338 1325473 6761412 6112373 3477460 4923377
1555976 9395495 9918616 3650030 6420090 5493618
8182606 6607636 1478044 7350200 9455690 2506328
3618224 4244284 1210019 8984257 4562988 9768486
262467 6915247 8281492 2856132 909808 8323466
9414531 5673906 501784 1031838 9510062 6031519
4790717 8882076 6581101 7281402 3334311 4152538
2450338 3643353 5366475 8273920 6049120 4954349
1155561 4367918 2560107 4180401 2239534 8454518
4611168 7513066 8978306 1507100 390911 3742460
5255555 9841183 7774112 1565692 6750943 9618969
3587402 3814593 9848695 2534346 930818 8341585
4719987 8162461 4615955 782731 7627127 6656383
9205376 8138177 5667337 6106772 1921949 597369
8513618 7127696 7899571 9114547 2085797 3690813
7891611 8108606 8359595 2639906 612447 9577041
5167290 761100 1091341 6940626 413852 7725773
7873458 5750279 6586631 7085195 3941589 8990038
5434488 8961125 9712717 2651407 1252682 7012292
3689073 9442974 4596879 2681900 3615176 5772808
247071 19414 6063408 8172785 6741824 6995926
4748410 7121203 8379380 3553883 6538398 4858197
8577614 1318411 9109288 218792 337701 2490126
1205233 1292708 6389956 2334338 3863707 9304319
1878898 7613317 9490891 11731 9762718 2917368
5861818 1759299 9095924 3037900 1878997 8245550
2172631 8200973 3918708 6886362 3235848 6615333
7578796 316363 3057922 6330940 9820050 8813722
8307358 1463566 708975 5008803 716616 9193842
2154056 6170731 8345613 2448499 8956889 7408108
9715863 9200979 5496008 6307651 3094052 9407822
4723272 7122890 5554819 7773062 7478933 1697986
3700735 1437209 5742870 5884164 8455920 3826514
2572857 452543 1942989 169284 4045967 1528939
8650797 5548799 9304510 5867322 6179457 4984100
1887909 5539123 3897103 7942966 4764597 7747752
3174388 2654053 3858107 2528818 2367200 3999724
4025752 2548151 9903228 5205951 5150533 5927547
6792351 6964833 8755330 3310228 3297996 4201094
2167629 8807440 7579849 9792990 2569371 1640422
5467752 6554190 9064324 6098205 118075 1358301
3123020 9738871 3754417 3209047 8793870 8230068
7498439 8358832 6757853 3207392 2157618 9078931
8214221 1277107 2183735 712367 7438947 7882852
2927072 6803964 3978837 3698724 7506213 1546745
7999920 6671212 4323669 5780957 393298 8312202
4872787 7395532 6260702 439492 1778773 8070238
3572955 912959 8623468 53119 6660612 5684282
3414918 8561391 6876031 8396853 1724608 1946688
1023570 3301450 6725692 7023379 5843898 3176896
7300520 1504774 6149002 8025952 4835772 4700803
703253 4410993 8999917 5574758 750942 7052583
208017 4429193 1805150 4189820 5383540 7319143
2847192 1702251 5594580 9028897 1178778 5476304
7661075 5057507 4044192 6273584 2810135 7693747
7267324 8662322 3504542 6368791 8060811 4944399
7141459 2000713 5047111 2390169 6235218 4835673
1640410 5156804 5598475 8823384 3372904 2331110
1322654 245729 5162437 2217137 2621161 7472796
795962 3789173 761311 8664816 391563 8265952
7163018 1342493 6208510 2636800 3786898 3848110
8144792 6489565 227255 8803196 8231796 5008330
6299464 8499573 8616674 6711289 7246510 6205700
5520440 2707165 1375363 166209 6016452 4540153
1828446 7236863 7075251 7496587 7639157 2695
9783359 1993253 979455 3120328 3606119 1235889
8024025 3659924 4130117 7060494 7595260 6256331
847897 525907 843420 8664963 3134474 3697002
4071991 2505291 7046785 2030148 2587184 7497964
6691388 9351533 1829495 322834 9427822 5131798
6975128 241193 1025138 8829621 7216131 7728713
5767363 4730670 6658721 1185639 3293992 1901549
1338165 7639251 9819245 5133275 5033722 3438617
514109 816586 38227 8800672 5419694 5151548
4959638 4715302 4531589 2428896 9646977 7284561
9922429 2490837 617144 8487852 8712313 4212856
4149340 7369334 85225 9030398 4985706 8695525
2489850 6015203 9085183 3184305 2737327 1293426
8308990 9210424 5122940 41457 9937773 8405783
2713362 4771035 2911308 426223 8306977 3159842
7187891 8463693 5316493 8309382 1439373 4022597
6627568 2868585 6824821 519081 4624005 6167083
1199752 2270541 9089999 6413654 2046293 9532624
2160410 4535736 5730542 2230358 7644366 5927663
6324885 7349113 8258930 7986970 3979490 8791678
3294559 528167 9113710 995746 5181483 4608581
4134163 9419081 62311 2836765 4021650 4394653
93000 3551824 5614865 1447856 7219058 364955
7433944 1634523 7416106 4250228 5901243 2530917
917739 7945326 4533500 2924696 5085777 2354822
8370596 5495598 9413944 6655302 4597601 6734742
5134137 1501007 3235113 4059080 4454940 3134425
4553524 8077221 1587590 3743481 4329180 9181957
7520167 306211 7472901 3441487 1607994 1545224
3910834 8836491 4342042 7650665 4474244 159021
2389650 519972 8916171 4220280 4120722 3666199
2763365 6022789 6206131 9388733 6784686 7611536
2872995 968447 8356869 897798 3180835 283825
964916 5796153 6344106 5146819 1358232 5653258
3832108 5164349 5018800 5304098 9966376 5537610
5684026 1509132 6239694 1101759 4860986 8518049
6237973 6865760 6016057 5135739 6992271 5651271
4395202 9369171 1556778 1400199 7255695 6114210
3905450 2621848 2371363 5421179 12674 1637044
4805218 314140 4459902 6294062 6795048 280702
3240794 1605787 975399 5573890 6048190 30965
2207112 7958609 9552335 980910 5475415 6965960
8517901 5187826 2312032 897180 3709238 5074704
805608 7531902 5956300 4557219 6911255 4334873
9808300 5031829 3130530 5511563 1210148 9317452
7758357 877004 7401215 9283188 361506 6637874
1505137 8850207 101912 5290622 3841941 140464
3873626 2451087 9437373 2992594 3507600 8634107
5632906 5326015 7817154 7425445 3606873 4956439
9733277 2835421 4984182 8215134 3588734 6226602
1929246 429101 3447446 7402458 2535804 2338181
8948961 9074322 9180418 1827216 9687469 5410500
1218357 940018 4178707 572700 3499326 2680728
2831431 4831094 4346488 4150005 5979183 6689807
3834182 6508709 1247711 4129419 845747 4298774
5534315 5387011 690119 3251191 1556048 262961
283340 5959145 2730778 35632 100127 4192689
1341922 6277391 1663008 9422712 8603035 1607316
7941201 1729092 6021206 1926421 5921323 862548
541962 9073744 7259071 1479122 692194 2628351
6628565 157348 5146082 1633896 1435472 6044336
8104719 1260146 5277079 4790663 1813022 2511335
9292764 7698895 4283282 4825457 718959 2278246
5891334 881742 6777205 9204516 5660581 9069891
2233268 1522223 1432452 9335607 419349 1867341
2690881 98307 2449989 1467104 8066489 2167515
3003893 1185883 4559079 7460891 271196 9745174
2858376 4018980 1059389 3683453 1076172 2397052
6593706 5026387 9016566 8933877 91427 1807665
876729 4577004 6744218 9574074 7215386 2978783
8881140 4514869 6143461 7231024 1912499 3647456
8007762 8645822 6821727 5198682 2883345 7234004
8250322 9528187 2251290 71308 1669706 1792463
7808769 1737599 5816714 5206434 6900952 1373674
7452262 9253632 9522301 1259883 8958757 7211399
6416334 1032869 2751752 2540995 7765286 9298912
3846645 7185925 1181468 596714 9617487 6854460
6329041 1446530 1468524 9061133 3521608 9694093
2275578 9536053 7294510 3957300 569095 6617021
2350352 5803582 1468211 8517989 1370245 9004514
7053548 5522157 4157273 8983516 9867317 3896549
9180378 3559167 2841587 1799856 6379091 3573714
5882624 5476784 8812769 2716183 6524537 8384320
4703785 9417394 6366473 8428282 6328903 2948805
6289256 5816173 9342146 730693 7310698 7449954
9641086 463599 6600736 777455 3916300 47299
416000 2890510 9700597 6384044 6076152 6029117
3195729 7634796 5570357 6102891 5599648 4465488
2542652 9795479 6897363 5137306 4373870 8902916
3947128 2216482 8524395 3096160 9563940 973164
6397398 7290977 6540243 6046448 3128645 4035434
5348137 303886 6444478 997472 5641804 9311988
9306784 9166590 3217577 8109791 4505866 9338198
9840244 2835339 4288064 1124201 9115738 6429240
3897246 6435103 6106507 9473514 8155869 8990020
9925742 9872524 990265 4277343 2331473 9880532
9884379 7289359 4053673 4756172 3872467 775053
5069235 9795130 9406871 7378387 7543557 9375593
9416602 443626 3177047 5934228 1682024 9221917
3504508 3484711 2379917 5712765 9583748 9483207
7554090 1003533 1947490 7537286 8356743 1165430
198829 2208599 8413953 2239233 3164363 8819734
3782031 5025009 4520641 4913398 5385018 4142428
4563081 4045157 262143 6200222 8560159 3822140
134276 5467947 5688961 3029160 7798950 3422472
8831216 7643973 3570948 681596 9530618 2163555
1584908 4247258 3019450 9897000 2373200 2781431
4273121 7158247 8919158 9600519 1893122 9813391
62957 5659448 5814896 7414873 3026308 525027
9517135 8928781 5997846 8845198 4813366 495159
84657 3317279 8813133 9150772 9421949 2667194
3130586 2033148 6403223 3072922 1529854 4845046
9229208 1333530 9103864 2596441 6426156 9634471
3714688 2663523 3881697 7193861 6625832 1791250
7938730 7635917 1250655 365520 7628038 9662874
9878157 851771 6111720 3346188 3033257 6098031
8482022 1578005 8633129 2350399 635199 41318
3981342 5325135 7423347 4302971 4963448 6891016
1820339 4668219 3693619 2397982 3759798 7918575
5301732 1720534 1814997 1998692 1428309 4597039
2530068 1077085 2086016 9251172 3503335 1713026
4128058 1692990 9972011 342132 2613817 3819565
9647753 2849124 6367952 4107669 1485014 7608204
6397547 1865251 1534330 5867605 4798630 4099426
4463792 5238835 3806282 9587028 6389506 3523278
9321765 3108679 9131306 7478132 4263399 8058799
1459244 8443357 5907993 289409 8040847 7478326
2861875 8705415 2916928 1269347 657965 8271923
1440065 7036144 2702821 492016 288053 9240903
9868396 9698374 8858855 8613882 3331616 7835949
925635 3526233 5879396 7377368 3628456 4901109
3404136 4028942 5602250 7405103 596545 9782511
8507256 6726346 6449241 8460590 2397228 4444875
7806066 6834186 3792802 3569627 7252044 47523
8897368 9355812 9121812 9846923 6204741 8139706
389604 3564301 9764225 4099944 1995067 2675317
1538318 2867130 1008793 6015904 9340939 2496141
6586718 9856565 9483344 9747782 1847970 6216234
6530243 4919596 3532472 4227967 3144367 7498860
2819531 4041948 815596 9340706 5462119 9470797
190240 7070225 8846339 9590744 3595629 3570629
2447705 7484779 4189123 7048383 9875322 7312141
1011879 6230482 2771147 4747763 6809409 3581197
6896737 5574804 690991 611652 5594485 9463333
2426888 7102383 5800351 2224502 4086397 2857335
8723102 3864556 248726 4804632 6228515 8127145
6062758 4451020 3262863 6887607 3519944 3461743
6654588 1502389 1010213 5877070 1963160 1650931
1297904 6253559 6616390 9648481 2154997 343396
6182619 7805068 8814302 9228705 9438848 7397972
264031 7742987 3638076 823453 5721872 2078291
4312798 3292679 6692807 875932 5213039 9619829
6083003 561865 5723113 473506 6293005 4598617
8390859 1736958 9241555 6380694 9643722 8178370
2547977 6553571 1859939 6321925 828219 8163080
6192569 8828124 4855110 7143645 9306454 7789515
81826 3607523 5574651 1334492 9097597 5801013
5931550 6592686 8212645 7842924 4055950 1236957
2578422 4596389 4290888 9258269 5689956 3102861
1468888 8911325 5315315 2026338 9012884 687591
2631209 686843 524876 7277870 8731213 612952
8463592 3517352 9418261 102353 8951213 3904944
3055667 8159298 4980312 7811996 7232632 3773789
4906098 7270602 2432653 5737925 5689764 4493995
5252162 6897704 3889244 4712240 9050686 7555790
4929433 5205470 6198791 3838864 4104513 7448292
1054484 2192841 1381537 5181702 822907 9204631
6184627 3413166 2921803 9525563 9373317 7278997
38829 9426488 6684592 3879877 842180 590285
3433258 2681293 6703470 5178336 1245274 9971446
8753632 1977827 7196647 4060415 5347860 7277451
2215546 5636654 3663550 4356515 8559540 2842514
3018630 4297499 20116 7525824 8005825 7165935
6831866 4403267 3438647 1379528 4660593 9649293
7391849 8785609 2348899 8130167 6580631 3744200
3839480 8562236 1292921 5223280 6747338 7015963
8329795 3781753 394117 4809031 2981756 4416687
9559074 1461207 3310278 9052341 7539040 7999506
1803221 7448589 315648 2116555 4991492 8918455
1933971 6234292 1814478 993745 5252369 1423660
1075789 1323711 7522532 4497339 3107414 7755637
3454701 5599219 3846163 5967888 3730855 1569625
8494931 2380505 6823442 5835395 8272111 6609078
7912215 7263710 8486665 2823821 623106 7632458
8014653 5646665 5064673 6436840 222824 1510999
5368756 6977844 6625734 8074648 580911 4971416
4075314 1529038 3694421 9782748 563458 9130004
7790778 4331065 1915935 8073216 9868115 3320116
5339175 9601705 6390375 3094261 5605494 8969772
4006062 9081101 989232 924550 7306460 4336933
6396062 8885250 8176514 5638994 8987028 1533228
4205611 2912881 3608277 1296285 5120317 6306240
4153639 3322258 2159020 1195083 4240764 5701792
4472101 5212745 9431746 4092078 8417394 9593137
2869308 6371620 5226162 8027214 2843290 4760265
518368 6217205 7950182 7104001 6358321 118633
5454928 5617617 1601001 1468735 2758958 957999
4357967 9095303 2839597 3243920 4476803 7980542
9233679 1727162 8572273 8617678 2018481 1352524
519972 8653846 4409284 3594868 3333619 47738
4328418 1143277 3032379 8101555 685552 7482958
8193772 5775389 6375491 1097562 218312 2151554
922537 3022455 8875764 3453365 6397363 2200484
5819777 2126625 8022281 964336 1603734 5605727
2517692 1015488 6089842 120127 7955363 1938676
4878563 6856406 2736313 3202853 7473368 9368107
9987141 485277 4730448 7725409 3193913 9625585
9942335 9796482 367198 2000399 2660273 4428660
4720974 7365106 1601238 8488082 4289378 4468499
6506856 2549190 4958321 1114479 7468742 3270549
8490872 3223335 867074 370703 867673 8700761
6975117 6328756 4479504 7483506 1631805 7867655
2001078 9582318 4939639 4137204 3968485 3398625
9682733 2606956 6274644 8826846 1139112 9384135
8958184 172176 7948189 9592102 4000087 9411016
5078793 9403531 8994177 2133997 4614101 6944996
643706 2380425 1951934 1649605 1939140 69222
8487964 5132768 8045941 2289507 9816124 5345850
1760258 6747914 3640346 9924798 1832481 2685473
6866089 1232921 4173775 3553797 7118268 7966061
7105542 5406396 3511874 5268330 9580603 8311686
7111828 9805670 7991514 7449727 8959335 3177958
9517637 1362167 5834252 8754874 9932758 2996696
7713609 9917658 7971118 7645282 8057468 439784
894152 9585094 9777294 2908091 344579 2359055
3058819 836137 1718676 515366 1941660 366240
6603720 3922845 6270408 7980704 6210164 8211611
3792858 2867060 837111 4269310 8519788 5954855
6189317 7216617 5226381 4598422 8622163 2350391
8807620 7242017 135668 6960758 7272050 4367970
1873530 7419471 6034944 3226132 7747363 8942848
7828691 6475154 2887808 1725645 2481426 1771945
5680257 6885598 6561886 6647963 6652802 3676573
9055876 9046441 1908030 7355100 6779095 2561476
8552902 626535 2042833 992187 4723689 3420802
7474730 4787666 2274469 1371934 8318467 312371
4082336 2005716 606967 981250 2718219 3217340
9111469 2556407 338505 1461256 7875662 1205087
9622435 716226 8456302 1622303 3095417 9473754
8688848 5898826 9276178 1681965 2278880 8003239
3506641 3283942 6679908 7203384 4265367 3484725
4473344 5693334 874066 859765 4595644 7565724
5364723 3862813 7873085 4743092 840466 5926641
2024197 4640315 3410701 1767044 1682372 8596795
9399130 4801630 1023591 1565772 5629714 8294441
8526771 8712785 9715333 5245587 6698373 8664787
4798498 6703051 8664576 6424828 3650409 4602386
4112964 756576 8009151 1430474 6558961 2702864
4976912 5348617 7505513 9888341 1872932 4643035
6638225 4559617 2891899 8071710 1219962 5381684
7399764 9088195 299531 2274710 4674366 1223863
9621692 6207775 9863567 5305216 8661856 5439941
2194522 3499330 994843 8137603 6138055 6360719
924963 7736229 5473943 915019 8325442 7858305
8735539 314341 5276026 3944858 8131378 3925731
8880836 1736848 7508805 1638550 5543416 9644892
2976450 4896983 1918294 9619152 5664700 7428781
3333862 5117929 6471374 7223419 4934274 3596599
4214023 2355325 2289880 4517082 7401174 2035629
400502 2613549 2375760 7193051 7111283 326968
8374099 5906218 396051 9040955 9741541 5618959
1869974 8251069 1440538 3941749 8061936 2578783
7934818 7882441 4614774 1096250 7377864 6303936
9813109 393326 7957916 3285790 781936 1707725
9527549 9912186 2026196 4225576 2474742 8428132
2101125 8318245 630831 1757837 3164747 4044747
6253301 6225031 2897430 6247591 2229356 5658655
4251933 6943307 9592903 5859706 6615977 6255570
2341727 8948365 6743764 8545130 4652594 4009599
4100900 2134355 3622969 3742463 2729460 8650830
5518942 9130015 5826846 3918558 6933647 5916046
1078776 7447940 5826696 1865547 5895931 2953710
5080379 8897791 1117940 9666861 8857548 3997529
9514846 9890272 1690785 2772848 5601383 1361631
4673818 1688740 9072317 3475466 8149479 6184289
208832 1500919 4290912 2031254 5385517 5135288
2783776 7442472 4656186 3289843 3352188 5557803
5158110 265765 6345152 5098414 8306680 6034033
2050732 1994510 7082701 2805961 4356640 914988
2222608 6818066 3577385 7079602 6618480 2310806
3074723 546745 8856046 4279273 3108314 283343
168455 4001445 2795127 1144998 7101065 8399752
7542284 6695877 3438911 118100 2619463 8992216
5329894 5750317 1143736 4407413 8285263 3079982
1518977 9518336 4320703 2662495 1492426 1384450
1953302 194912 7143524 2751235 9391201 7572935
4197406 448091 311364 6191768 2093428 6008138
4077177 283199 2439901 9615243 4814908 9966595
6697112 8459045 6197419 526251 111064 73856
4749984 6162463 6933311 2785640 5192303 6847593
9657477 965405 6904408 2775784 763207 9820626
8065746 9147004 9755153 6902464 2476825 4168959
1518505 4655949 7025741 4608299 9021839 6700842
9204175 2562616 2481493 464601 9517089 6943372
6746299 7974420 8313988 939843 1999514 8339409
3708159 6522321 7683105 9811601 1851366 8428025
1281862 2157754 2726707 5062525 1484883 8712252
294522 6180959 5336257 2346630 1213442 1055374
92179 592111 688955 9729999 5554764 8698462
7262151 3400448 9889466 8838944 5107668 4628451
1233961 888045 3940577 9319984 8986296 4490152
4717848 3061969 6736155 1800177 9148315 1604912
2116806 8734386 6659308 1576172 2802831 4049981
4578697 174198 7857744 2763464 7759035 4643258
6564176 8628016 9670067 7174457 9019286 3325025
3662460 9272899 69751 824206 1190380 3684032
9316979 9945964 9723772 810012 7009306 9687049
8081977 651141 1648497 2568692 6479294 4415974
4806724 9131907 1027015 2115229 3288242 5196270
4761786 5017038 6046643 8248850 4852795 9724726
9044910 8612734 5228410 6282733 9748821 497765
905757 3923610 143170 5977999 27622 8561634
9973956 5726881 3679473 2284486 4007245 2601054
5523964 5791266 4528134 5819551 9816840 2685048
9449081 7717970 6756059 5072371 6391700 8095772
6329942 3196376 9867762 3169606 6627402 2339125
2508503 1257463 2743908 4691537 9041398 6535512
3079027 872755 9136316 8282243 1125149 5965142
4716262 4057864 8436515 3453432 2697573 2153198
9015440 3329463 6969976 7492405 3790944 3989434
3598356 6785901 9097842 5138393 9706818 8962111
8151301 785621 7489786 2331 1109981 7290406
8634880 8946573 9716831 2500883 929706 924374
3779734 7449554 3619562 5484204 7275721 122836
1755148 7785710 690496 1778901 2266686 5832116
3512981 738461 939374 2542702 8663848 6338740
348948 1142610 8819821 6059455 8513867 1028383
2220042 643795 220374 6177518 7918538 670891
6753213 4841606 2880832 5936339 4416963 182094
993640 255788 8802007 8547775 3168832 2604843
6610817 8773032 821810 5478206 8428959 6840272
6785472 8719363 9150769 2761010 8611361 4405777
959026 4845332 6705471 7284295 4745806 3746175
7560088 1600902 4066644 4067917 8268741 2800964
5544329 1337955 946801 9304145 8238802 194670
6973892 9055898 7866550 5737784 109268 8309567
4924738 2326013 1260952 3439154 4838457 44608
3475920 4952735 1513114 8373226 5946065 3124145
804342 9765864 8502246 9691414 4082257 7551363
8568522 1022276 2039347 7032758 2667326 9396639
6265988 8392813 7630485 9849124 3041954 9955387
7556297 21885 898111 2926697 3673407 7582959
6503885 9469569 1067143 9364026 2229767 3295475
4841830 5064765 9088691 6527591 3634232 8483575
4135016 6886302 9521779 5077535 8625544 7034853
6003563 3286062 6154548 4595625 3310552 2095821
5503960 6979044 1472960 8574986 9488980 1884562
5733735 2960504 9633290 1662857 4977808 9542700
1237265 3421938 7569856 9210750 2795309 5961816
9361982 4262498 2760065 2496197 5126524 1614214
9106883 9783247 5004672 9603209 9595752 3282394
3073546 4165544 6238514 2190772 1888117 30011
9745920 3594985 5580857 2314634 1032921 4953472
1240388 5577789 9341543 9721834 3205816 5321323
3155195 1564929 2135644 993877 1422420 7111125
7715474 9646896 7301313 8631295 864988 3937015
5036758 2015042 4193846 1634251 8983411 3262576
3617667 8943428 6711822 2513216 8818687 4757907
2369873 4062688 3689687 593290 7461090 2614241
8868247 1473099 3743169 8486462 4517013 1188316
2297814 673090 3503884 8036156 8629248 4371242
5656445 7146505 4217569 276022 1183447 2896747
9943492 3411298 36471 7889550 769155 8849852
8843052 7608565 9010377 2791189 2613780 6213585
9481576 8255703 1023295 2996183 5710336 4693676
8825232 6162482 1129427 1010363 8871602 7858141
6136596 6702760 8540838 1604544 5214115 2648723
3176644 7665153 3070745 4675911 1685397 470954
1196920 3455055 1204478 5901704 912051 3679455
503439 1385898 4481333 9812376 1373880 4901216
7379251 8429815 1698851 2026071 9617017 6028441
3730889 9400745 787116 4625063 6240966 4349186
6234260 7260679 5534111 7392182 453999 8455681
4408585 9314642 3335880 4900972 1941103 2889081
3846257 2553973 1865693 6708804 6531452 1431143
4354212 3756991 1721224 2892009 5337192 5529210
7774180 4536145 7327871 5849600 7732212 9806683
1167939 2555062 4742671 855600 2756731 9834044
8050585 1735390 7972025 331376 5065993 1305715
4668237 6903995 9466600 500403 9477197 4093996
4060681 1066598 3930384 2304972 2950758 2484172
4646809 209330 620775 7231418 4382632 3164221
9473106 3675563 2773985 918445 4720136 8218202
1661070 7086624 9092483 860163 9100521 2985597
4177636 4455373 8777249 6406546 5575669 1665186
5734729 4119244 7090978 6763406 2594304 5500598
8101981 5327504 9822363 9947939 6280656 4660436
6435225 3378009 5711563 8139372 616625 8651983
4721066 3650827 3905778 5707361 1394641 5210837
266653 969350 6556388 7013003 591997 1159157
6041484 4924113 6415827 9377999 9827683 4088171
6549373 6236432 2954853 858256 8689412 3117744
9594460 7588158 8112205 3264800 7493916 2530971
6787907 2094513 6730608 593285 9976249 5631790
2838141 5821773 4208820 4995427 566773 9971730
1898812 3893681 2163331 714303 4546839 3205453
6915283 3076643 1709707 2147127 74455 8880249
7702698 6002267 4987105 8994904 6958894 2805020
2549884 1515172 4011980 8291611 4720612 7155271
1680424 2107352 8973339 8643697 8182429 1026149
4385597 3065647 8342472 3991295 1280569 7371299
5673949 1646119 645616 4305829 4902258 1807716
5660584 8798507 1775725 4831028 1591475 4093962
5424500 7378335 1029593 4611153 6212983 7076267
2958890 7481596 1418272 6323875 362555 1952860
8307147 3176197 6634831 7919485 4952560 8224759
5759463 7335439 3446294 5857441 2191162 7461510
840938 5279827 3358400 6775333 1174006 5076638
9252952 1952673 8909934 1956742 6870829 5128903
5332933 918538 3539198 325044 9561698 1313396
2457923 1128032 1005020 2220137 171844 6401478
4788821 9307573 1100716 4184803 3318795 6738486
2478915 9172814 2228333 1057060 6403735 4131715
3484266 8453255 1471669 9919615 3670488 2680407
4642127 6990301 4433908 1546128 180657 2318818
5389954 557002 6157667 5321052 6997437 1353612
122109 9384678 4228305 9704600 8473918 5826567
2995432 5099935 4225210 9045407 9231307 4940093
5088073 8403826 6009642 5695002 4959679 7390241
5148616 9807740 2323911 4638316 3106094 6476213
4123486 4470748 1689071 8888445 7684583 4916711
8701058 6252323 5322254 1083607 3834498 5429124
7947702 5984817 2698806 1132412 3764950 5344955
6603689 6264002 9183321 743507 6053502 999403
4544486 3309451 4113242 730541 3523307 3230226
2079051 6469875 7296857 7605009 2354106 152668
7157165 8086674 5200005 5895218 9617732 1939847
186932 4687505 4052758 4783866 4534362 1785970
5894934 4470655 5291394 5882577 463145 9594881
9741960 6094750 4743526 1846952 5049000 5364250
6929964 1081245 8426144 6284867 5196953 9993727
4055047 9931735 4936520 5622462 6314645 1782270
6698735 8975916 9099432 5033592 1055239 7084086
8890296 9980440 4437651 697803 5594113 2641272
3073680 604166 3625125 6448639 4159054 5858581
8981917 8991431 4011126 3848882 6638641 2232338
1503800 2436288 4429848 1106471 9567288 2804880
5903305 7616848 1313439 9298617 6754668 23858
9069121 9732120 1689460 202826 7682704 7545521
1202472 6299053 9267381 3706332 7150909 5000276
7295833 7791626 707893 2961163 2357973 5728334
5931361 1001576 9204254 9974017 8853502 8811967
3531210 8787893 8678325 4868492 988618 334509
6144703 3176613 2730077 176532 7906364 1516961
6516961 290152 8306511 7430275 3648633 5082391
8056909 6727164 6014350 4542921 877975 9005640
9419246 8651096 1560803 9376236 4681786 7810707
2234554 3010581 3926081 7260177 2805056 1025000
2774157 8242114 1163242 9270643 502801 9176958
7227709 734932 7273876 1014704 2441259 977477
7983091 6069776 8605182 1533959 5194038 8494094
5572425 996420 8347310 4936712 3307416 2942038
6257537 8743093 6387478 4146554 8699119 8486579
7184321 6481375 948690 6330254 3782285 2886525
4989416 728225 7855080 4605575 3630426 8671069
675161 1813905 2885290 8720533 8325418 2339517
5524411 7457660 5798664 8788440 3849975 6743637
9975757 3811810 158548 1396261 3931176 8449947
8570996 3922139 5767615 4516900 4665205 4143406
1535417 8658174 4163490 139628 6158538 4699558
7538427 443141 2263616 8275840 9370561 4883244
4378312 1931259 9285033 5891778 4146731 7903726
7776182 2766183 6039894 9095228 9816069 8668732
71726 2461120 2120205 9285576 458059 417613
5485405 4159462 813811 4757022 6335993 3362511
6691875 3510120 9015994 3290805 3141931 5919467
9211924 3746147 5228819 6800535 3598763 8998903
1462210 6519578 8821907 43887 6351480 3774592
9570748 3283859 9145266 6779084 539231 249316
4393059 2581706 1028819 5560990 430085 4003217
2135401 8152643 4832360 3585438 7561891 530391
8115261 3334590 7907409 9579146 7456314 6854502
1926112 9973808 337713 8717524 126837 7393558
6732661 1681334 295903 4219444 1819843 2381823
1882560 8907658 3157392 9974591 9619247 5975818
5037880 7010752 7492400 3575703 7364548 1509702
149788 4757082 7096768 11272 2354527 6408045
4188872 1198382 2340724 6386254 1012201 2997012
3515123 6767347 5203539 6890577 2469219 8445012
125488 7066301 1403229 4681103 7634775 9611468
4220474 7870312 7577131 8280675 4610606 5250793
1125816 5431304 7404632 9311526 4973733 6738731
5764905 9797770 834360 5165384 3237241 2755073
8844659 644997 724447 3055340 4117308 6934436
9586173 2278500 4860942 4218387 6630566 6815406
8984960 4205777 6112282 9683440 5949953 3620467
7191595 2001863 1061945 7697891 7459549 1281544
2235591 7787570 5039431 4075443 3626001 6428708
8116381 6941761 5651539 8969841 1954355 4087916
3207962 2134209 4803132 4426397 395921 6744634
9236330 4064778 3764533 6555670 3558342 9469361
5694082 7445873 7613497 1399043 342626 5707620
210410 3870489 5604902 4102986 5017360 4768481
358866 3027856 2751440 6385046 785055 4342869
3790593 4330330 4687746 2582229 5967339 1907658
8068381 740621 457154 8748713 6771321 709108
5288067 4017587 1806873 2088390 7230355 5341551
2016731 3865801 3854205 7472285 1298669 9830224
9824099 5353249 1295644 3065957 1510379 4000435
3050898 1957761 4674658 8172860 4528020 3658023
9802898 710962 6187786 6140565 8698138 8423016
3431458 7655692 1267521 5698182 1628205 2183452
8742100 6914242 4730579 9140452 4038621 7370769
6806343 9139812 3415587 752332 8626197 8225235
3528821 58999 7937498 6661278 5283903 6830454
2703958 178983 861344 839555 6333932 192501
8282717 4870498 203379 476992 4449685 2580020
7217192 5378920 1183084 2522338 8902834 8402248
6214974 7535316 9820693 7107479 1110525 7918490
4821302 2092273 6013176 6429873 7109633 4881493
3202792 6764126 4558446 4982923 7271933 68803
1981066 8376288 1800944 7244757 6833196 1446274
282548 3966446 4827326 3829383 9559290 6619198
717533 390834 7462664 8074244 1015833 5582802
6277281 2682516 793122 1786600 3687205 8108783
5461151 1726095 4741387 4985302 8002383 6744377
9004914 4133560 6415352 4252446 1263660 4189788
2818065 1530695 4827161 2952307 3350751 6675048
8084120 7480651 3542037 7135477 3750807 3193520
6754744 7330106 8948676 7631342 4149236 9353072
9050153 5502409 1171408 6154899 6006373 9031013
5707101 2283932 4389303 179156 8848070 7100481
8235192 1168945 3263865 5817187 2329210 7791277
4908207 4657480 3263480 7816543 4234421 8260480
1452308 8033414 9295531 8060134 4818808 9710772
1658550 4840065 1468934 4061770 5427943 9104529
6733849 4427857 9370524 5507523 8021303 976560
4112216 6302748 9368810 6508182 9003803 316948
3592026 2933136 7448919 7957674 2809816 9302542
8160037 5248171 7202366 5581306 1233207 4365899
5211677 1330563 4175340 8195750 6280955 6506740
6099880 7646455 9439521 7832837 3914465 3921302
5500897 6079247 2172031 3684357 429727 2067557
9594965 9903624 899351 5625926 1939129 8028201
3655168 7082204 3322937 113659 1549029 8616410
5439967 6213773 5134415 7555978 5506716 9905970
603404 8302628 1396847 1281017 8311139 7106465
5335360 3340872 8711462 7322490 6860912 2797564
1124847 6038558 5833839 1532961 971092 2597281
7650426 2923658 987742 7522916 7888532 7491628
5679555 5978442 3189079 4437310 5719181 3651255
5940091 3842629 6654653 9961509 5550884 6987171
6171294 2909917 1861015 401784 3967055 485303
1663912 5437582 7228281 1918905 4417041 5256727
9634668 8818839 3511505 2932315 4067424 8054463
8937237 2226445 9421481 399370 7484211 5053136
3109816 77130 6747776 6428729 651754 9459827
6368583 2015761 3015323 8718192 1508141 4361853
9999465 3019446 8481881 39275 1184301 168508
3811093 9217445 6104953 4377948 2893186 8337806
3598039 1296414 5878721 1091171 968476 6857512
6551156 9918230 9140871 635943 6698150 3745612
3210379 763568 1361892 7229877 9416990 7178083
2701883 7184716 5718826 3538420 4985291 443939
4680869 7175677 1155655 8402931 1173462 2308463
9269894 8693444 8073268 5795994 2748197 4982425
4072013 4292517 642383 329927 5526103 6470088
6883634 969340 6417325 5921901 788532 7398189
6598308 9962997 1156137 4955287 2593030 3505421
9401714 8946527 8378203 9018440 2087639 2128578
5524623 6659329 1453374 5868290 8446986 8867356
9041464 2729968 1332759 154703 8702820 9049656
3126592 5342519 1308565 2212852 8228741 6434391
6703766 532210 21068 1345926 8866563 816332
7162999 3770245 1150025 4575012 7769262 1287828
5083825 6562169 9983800 6784221 5944581 3015801
9435279 6209546 2238352 5419526 4072079 2528496
6476228 1954473 6150830 8748366 9764529 4946642
5954045 4509668 1172307 1944617 1966270 5956259
7069345 4481472 8979333 9476879 364312 1279799
4823978 7157861 5425698 7052965 3136681 7864638
8562789 8099710 677044 9305337 314328 4675939
6284317 9332320 8789949 6447388 9817461 6461302
2335826 3069476 1069381 1497539 2174997 8385051
6195373 6307483 9422750 3994080 6250156 696292
7348894 4732927 8250228 9067295 1820745 85333
8564381 5828004 1942735 1156863 2712440 4809300
7524333 6141387 9536757 6888986 4320873 6246722
7103446 4649373 7559736 6538611 3197693 4512205
2910741 7757230 2897689 8088250 7582413 3936463
7297561 9567474 5507886 8863367 8276143 8192205
9626045 7849509 3686728 2379686 6762312 687984
768839 2788733 3995642 9724907 2081130 6337213
944258 8071730 5700332 710333 1865254 459897
256786 4783860 2430173 6912139 5542206 5349621
6510608 4528212 5172752 4134717 4930006 7578669
5519116 2666154 8802651 601954 5169647 7808985
140832 6796593 2434894 3320149 3021970 2229955
339153 3774642 8168897 1996160 8892255 9758654
7162404 117377 1463385 685824 5010846 4035567
709311 4979968 8287942 8398472 2655678 621314
9426874 2130000 5789371 8115578 3405260 5816315
5637993 8799629 6524620 500373 4474212 7617994
792389 5604784 3596471 7609456 2919424 7759515
8697897 5866614 8205964 3112342 3245526 6203991
9692003 8990419 6845750 1500394 9805644 2144717
7340891 6889533 7461671 336519 6719203 16361
4216076 540572 9467302 9888732 2060216 1529998
1998566 5833921 8020215 2137795 1625614 4881389
6796256 8476856 3272640 1267006 2472433 1917732
5777214 6210192 5871920 7662774 1000364 1917544
643127 2111615 5476295 5347756 5806279 7903176
2525885 1171129 7186446 5558895 6260815 3449465
3549216 6920987 1810272 8044400 8136148 2907402
8932767 108752 8414213 7887676 1923225 8151716
6539077 3162860 6524323 8480721 3619080 35838
6842850 7754815 8742941 5305076 8615818 3560302
8682911 126439 8289376 1137959 5348024 1731876
1834540 3307391 4033950 9320930 8950425 7711586
4867184 9209062 2908571 9644210 8106660 6685870
2481927 3696637 9887975 810339 4486544 8559175
8405812 8585030 6262340 814501 8993488 5378903
8912904 235089 7368704 5762155 2985509 856082
7465274 358741 2485277 7508216 593663 8802718
8822142 555910 8598489 6579153 8648682 7289494
2398996 774279 7246970 8487437 8276298 3191974
4399793 2599301 8918783 8123184 1480306 7990453
3329129 7764077 7380308 4880098 8167431 171494
6777761 7851696 4901400 9045197 8521112 3358337
7020895 6352869 9418531 2387722 9060888 173612
7900992 3071196 5508859 7630156 6682248 1370680
4139797 7405622 7047827 4424392 1056466 6483132
368026 6734656 647966 2357743 9386768 6185062
435934 5586787 8911232 8519666 8219015 6562675
7617461 2983306 8765045 3986373 2197495 6756886
1803463 2407269 1079966 3927546 6209860 6157068
9487090 3102156 6273973 7896579 7935131 1285977
1678685 8592214 350772 1061687 6531492 8828287
2607701 6013838 6169686 4529357 5285889 4377165
7890124 5107655 4747642 9553781 7215909 5921244
670429 2137156 4272808 9856980 9922371 9662241
8599209 3675004 1008834 231610 9479832 8387376
5665472 6824535 8475553 6176275 912847 2417812
5602321 802454 9675754 4659090 7108403 3563191
738406 6863946 3828994 6717314 8936466 9410821
5696038 5829324 8737608 4687553 729423 8027532
8735810 4882962 8637874 344620 9032073 853817
8763366 5670956 1966733 4419470 8576422 6379082
6176394 9638267 8357330 7264227 2551496 9899673
422894 2054837 9046222 168312 2026048 774039
5065861 30419 8314084 8862820 4030824 262269
2698837 8104346 1750107 9921420 9610099 7846189
8232609 5122190 1371523 850068 6240309 8278410
1586695 4230769 4788768 1779998 4224962 1396913
4085153 4029566 9675935 658806 6658212 6277664
9574971 4309441 4544122 1384132 3862285 132104
5175826 4555164 941395 1492616 4775238 5785300
7026492 3632046 2667952 2481153 7551540 1888439
6696154 7531433 5901122 3902284 7083598 3256437
9980365 3227875 4430415 4516338 524116 5341162
1107833 5918128 60870 7610016 21494 4643950
3561343 1268986 1374513 4565074 8325055 4653086
2259008 6264582 319701 8633567 4537295 777122
4796048 7104907 6481079 81361 6955222 2241474
8954741 7076955 7459994 2000697 9363848 4577908
3152274 766099 6860594 6892300 5499672 9562600
9722686 3790538 7090002 1322234 7199344 2193919
1404206 4623563 6026067 908602 5690379 8298875
9946979 7944074 9052425 28807 8143119 7829394
7496872 2894267 6278987 7978634 1964065 7940423
1720420 1602280 5747298 2041690 4560236 765535
2305811 9139998 6689015 9168498 2849919 738293
7954423 5224834 299116 1875585 569784 1991048
3953421 8152173 5390156 9132160 1663994 2681418
5855481 9227089 5187303 7330531 6297903 3100475
8088668 3257180 4789490 737803 4767875 8189226
8202652 8549168 4070221 3429805 1209576 8269383
9455297 4056701 1924452 9348482 9153543 222043
6612434 764363 336329 2943652 7097903 1939367
5845368 7013881 7756740 207648 8407591 3868450
5611125 2699424 2757632 9633534 1020722 7752832
2869880 2185552 6871835 9215905 2557201 6502778
3186338 2746872 401335 5318043 3224909 7763127
7066842 4879549 5284185 12353 4260502 1317513
5758111 7085228 2548512 5965017 8317078 473022
1365428 4761671 6243882 4021869 3547580 2057301
6827239 7438390 2135589 1579381 7611919 118448
2951451 9893421 2977346 8924420 3240638 5949069
5898001 3728136 9746835 3899496 322455 9540914
8809021 22181 8225166 7682307 8047690 6116739
7029967 2124396 8297601 2667563 1755069 9850110
3850934 3200902 4598046 5766194 6700479 7970828
7489403 1352380 3196372 2767819 900954 6050006
2754349 1507992 573508 4071601 4995206 4011443
1347302 2052141 1300590 6964024 8963147 5244541
3968010 8202530 7578834 143597 5190727 3406237
170609 1915105 1214180 4064717 5370186 3206532
9208407 9116394 2898405 455670 876022 694316
2881318 8845094 8139221 1913283 3228199 5548408
9623297 2986311 8303557 455714 3148459 1757399
6718237 1568593 9301751 5443370 465800 2543242
7897369 3400019 358917 6554464 1315173 2097937
6720219 2926679 2267293 8343826 3945752 3142375
2272398 9819094 661928 9370726 1046234 4794066
6542421 1859869 4522883 3768632 2567468 6222522
6974889 9924394 8877829 8537225 9181362 6521467
7505703 8504823 1717693 5523952 772110 583087
1402382 2303580 7169507 3217717 4976159 6374553
1535995 8120378 3111086 9388241 7416296 1293457
7285457 1085530 2584425 7530318 9514669 8947963
5315463 4313610 2504628 8345586 9849851 3674380
9718778 5687807 890602 7063541 3433719 9285903
8433764 1635086 4620206 3940171 9757702 2121307
2649397 3101773 8454742 7884188 154689 7380429
2766156 3247520 2135451 5933041 1440642 527395
1427740 7939961 9487976 7928425 95350 6083133
539104 550626 381472 2829634 2774944 742696
9678008 7112942 9185772 2246681 7680222 3650112
69136 8942402 9014373 2411111 3360544 1077884
1015076 8188287 8060221 3846594 2285799 6204105
5162900 8097817 9016675 1174811 6401012 7208149
7307819 8198608 6713862 4867997 6710831 1656507
5721689 3363892 3677925 1897984 9295444 136992
8016938 2795295 4180839 5972145 6975982 8998060
1636047 8454836 8099598 9947303 938765 2283443
9020077 8800664 164465 1668405 9230306 2608499
3680381 5487519 3612492 7936156 3734202 775611
2388508 4764599 8472851 2953334 2532368 9609052
7311270 2127832 4898339 8405992 8995645 5823019
3215027 3567941 9828148 2194050 4254948 1731080
9539392 821392 1571910 3024167 8366041 5923847
9058805 4866956 7454967 9656760 4722134 9553715
9484581 3462967 2683312 8572492 9093294 9878057
7116663 9865426 9709134 703897 6417742 2689281
1250905 3385164 5034261 3635748 3261642 2949281
2039074 1662801 3143400 8556169 4002985 7631863
252201 1307396 245779 4382497 4384807 5834280
222930 6395470 4907079 2612463 237743 2122133
9666729 8552769 3450099 5955667 3412202 4589719
2273840 7484379 4686983 8063422 8202478 4706743
7042248 5290510 2530835 908707 3435133 9189883
5339670 5479582 6983808 2601207 9956603 7055322
9456132 3500531 3768146 8924034 7020245 5047213
9872788 3469027 8805485 511963 9276850 5264929
5078857 6906951 7595466 5718086 9679883 2893214
7243257 362805 4420551 3787884 6036436 8269676
4533674 2904512 9009298 963088 6058837 3646280
6648210 8441321 4318954 8049676 7186044 8308259
999728 9127552 1911170 8943626 5021224 28961
6820140 5737035 2607341 1476377 8796847 6562223
8977890 4113739 4525259 9871592 9416829 4841521
8457583 6788820 9708584 590104 4902110 5760946
559772 9424454 9240286 3772846 170538 9125975
4115028 2914301 7686018 7695424 3616527 7851031
9642765 8097609 5779984 5545678 4456019 8115688
3323844 1166678 1364227 772073 7612744 1098698
408868 6280079 4954164 5639849 4024662 5617389
4752262 106587 3644876 9993021 5320681 3098237
430210 9197649 6148380 7274838 2831840 4330636
3457082 4797871 4891575 7588553 4822501 1612871
4576142 9269790 3920372 7738876 9747271 5093547
1515033 8023188 2411972 8971826 5659710 1563926
3619216 3714767 7651291 7967863 9277377 7198622
5651169 2991692 965931 2960387 6761078 2669075
2860407 7565280 5868325 2118970 2943743 2640554
449488 8071628 944076 6888013 6325778 3817413
4803380 3944759 455819 6498931 4362409 3651946
4818540 4589143 4630262 8055359 9605809 4680526
7348521 1170759 1121751 6307165 9518550 2891506
8117040 5398042 7385444 8686197 931066 3931684
9317851 5302771 8527334 1708353 7613212 1910823
2509912 8503271 4712678 1537409 8401903 9777518
6990923 2715713 8047316 1784024 2777 5664234
1219697 1162552 7090670 2793468 2456113 3310622
6971681 2248410 7866941 8383170 661545 1857942
9470966 3472060 6374407 9303060 8862373 6601353
8878079 2278078 2737954 3678124 8616669 8784932
4349115 2013917 6737754 7233886 6000064 9123544
1179753 3283265 5188686 5726537 9694279 2442
300188 4813089 7507080 104304 7621671 7702007
3916355 3522389 5351085 1200235 4883071 3524113
8204103 7599106 1677398 9140056 4289750 4835562
4474739 8806524 1008389 150331 1580375 591566
5726209 5281806 2619162 6456630 3582403 3596893
714770 2309135 5819576 5215290 4823746 5826810
1307023 2664267 3829010 6562893 332194 4729087
7187205 8497573 6981107 2688130 3890155 3426271
9877955 7946671 1417181 6967174 7070384 7503074
5644481 4742855 297715 2860777 1299825 1408256
6573779 3584338 922322 3160569 4542398 6150020
2492046 5136512 1617958 8167743 2028513 2309312
9065368 3573295 7424414 834950 286863 190949
1289406 8169433 7694744 4620369 8402922 9115757
8382608 5521535 2274522 146202 2487878 971723
7035064 3657705 3777313 3788614 2353787 8575023
2083152 7056390 2364596 9777063 9465010 889245
7746591 6541440 88870 1192202 1722508 3902885
2299620 1150233 5871037 3558222 3986665 6684884
2932089 2468911 2886527 7900104 1921945 4184691
3216236 4662455 6851859 3419609 5299243 5034937
712941 5904602 53268 5555936 8067781 9288410
5970880 5980679 6079015 3906633 1357112 8167760
6452713 2044072 4601984 6157542 7257035 4895435
5139371 1953094 7518927 6068160 4977088 979315
1376082 8810418 139502 7006335 8953353 7629931
6073351 3314449 9464535 6684526 193724 2286489
5218890 8209594 1140700 1654710 9843750 5994861
3753701 8919647 5738541 8762959 111865 5394617
3002018 1273321 9921599 6038948 4990892 134020
8159218 7883020 8929545 8156507 2005615 1301410
4323628 3652050 7305753 4508228 7336590 7512029
367112 8840510 6978134 8061202 3450541 936467
7647039 8101561 2637781 3677370 7514567 8332864
1057091 5573390 5982101 2516609 5254797 580940
7487050 2689096 9559939 3110728 8556494 8373246
5884013 6724060 3416645 7081848 454399 3001701
2803786 6389972 4609597 540440 5819623 9568911
4993150 2070321 3097190 213820 7981009 9035060
8332746 5342560 7763239 1439996 8374990 1342584
9850012 2328416 8381503 5796423 6781655 2695639
9830565 8132336 5351587 3412712 643426 36658
792110 2755751 7764842 7921165 4687277 1462972
7077473 1863870 5025823 7748555 8150238 5623171
8446434 2373649 2542962 3091762 3064004 5459304
378146 2388193 9752996 2564121 9356624 4470197
3572691 9762510 9931661 8166126 5472288 7097840
5052103 6899219 6673076 7761077 3351170 4367473
919632 549198 8868940 5475090 7127799 5711927
8311629 3787863 3901462 2880283 9483107 4031708
4647168 3385556 3710307 9846019 4905915 9855513
4541648 7825617 4808903 11891 7323612 3290043
1381036 9911723 8827042 8718455 5995889 6395001
6263732 5780955 6895517 2625790 4462711 9796675
5448515 1258482 5818769 2142231 1570344 5668859
8312767 1784344 8562728 1875942 4053348 7741024
7298794 8070202 9421499 7301341 8953018 1090919
655930 6405119 9297861 3560981 8781250 4005335
4102448 8943371 725306 8591250 5846195 817438
6008677 5033631 5739114 5423339 4614225 4017174
569092 6999416 9158631 5266233 5527775 8973311
9071897 2632107 7650789 5732991 7317652 2368260
6275168 4484864 1521803 9267584 7061772 6506776
570341 1387375 8514256 1168017 689449 100180
7478558 5698689 3437118 6303694 2804971 3299096
3727902 5019818 874176 2939201 6106781 7001250
9472991 1684694 4306193 687832 8794131 184832
9338530 8558302 4455907 1680881 5925176 9550868
8914637 867729 1114038 1861385 3081943 42802
3361538 1943059 3791197 1350627 5057479 4006249
2833875 6477309 2578166 1840395 9377067 9828529
9108300 1737370 3610414 8180414 9500835 9758782
9197362 6880553 1316743 7262424 2496006 5134782
1484120 9016305 8871320 4778145 9281051 2766976
8863701 8392234 3032318 5343649 5936302 1128883
498261 7217054 4708431 8540056 2410612 2615116
8037433 4540905 9810132 9212544 4068548 3908381
1214604 6028535 8342816 953388 6981542 7473862
4267322 2984247 7523808 2145310 1402775 4799035
7469060 8625108 1930235 6725006 2785776 7298148
6025950 3514472 5814106 3829986 5398373 9991226
3659993 8464412 4508560 8221535 2383477 6714043
1003462 9628898 3776739 3745964 8333226 7727745
3370723 5667973 670372 2342435 462922 5014369
373469 17060 4207956 4209093 8580261 7089818
8797700 1289823 5439889 8969359 7070021 5632739
4563497 685293 1821079 7579498 7041945 8374484
8170998 7582518 2260184 8888819 8962453 4099026
2070829 4755096 9603728 7437564 6639014 1658177
2512131 1603908 4564993 8413800 9736661 9671809
1821014 9777910 4452583 1809663 9916938 7720987
5184037 7486285 4641617 599923 818557 4551424
7900015 7360998 16603 1011423 1240113 4665529
4207648 7915087 6336951 6265382 9106018 4436175
2023831 2011332 2559726 9021731 6808514 2335624
951653 1613914 6866663 812188 7482555 545438
7226951 9082822 7536097 1554759 742241 4501580
2092988 9877543 2500751 8256640 817326 6645847
367600 7189130 3156274 1037715 1677897 3259036
127185 1848617 9265532 497889 2315546 263700
3010714 34098 6407707 7779042 2153095 8761601
6373234 2960355 766977 2063714 4680283 2788184
1650110 687723 7945966 4442651 7249686 4775572
3570829 2122441 3589104 9711849 1502671 8772316
2286578 9552667 6669072 6970797 9752914 596434
8062768 3044143 9452842 7732772 5410544 5324964
5946723 650256 1235261 7794858 5137547 9511881
8885481 5347977 6475561 872412 9255683 485239
2725221 8820614 9593796 7396601 8083402 926950
9575890 3730564 8953975 7539367 4105376 7296887
8520580 7832317 3104165 4665361 3003714 8800039
9061537 13404 5785160 3611875 8986809 8035739
1324656 4512751 8141464 4974115 6542328 6301622
2967045 7387082 4714827 760811 9984024 8216409
2681083 420495 5585431 6695155 768284 6179094
1126660 4939861 9359017 5462723 9644443 5686129
9488803 5535393 675520 5079496 1419029 3131135
8910155 4224501 3617530 1098392 7290003 6935416
4016543 3104907 4842786 9794850 5947580 4356037
6276504 9387916 2666169 4994917 2262533 9476335
1536332 1097362 6553507 2364973 2805818 5074777
3227318 3248598 5450611 4768400 7099546 5866511
3786532 7136138 3958952 4682432 4519172 5937990
4625702 1454056 5026802 4803121 6110272 9774266
8761357 7472236 2789435 6110186 2845699 5779974
951601 376266 1658879 7252924 4185523 8297808
5071013 5096909 6245768 6829577 3574651 5777614
1458847 735350 600931 5635024 7052216 2575804
2637365 2584311 1730809 2804765 9515123 9380235
2449553 8114377 4454203 9762810 9098859 7887683
6914792 2596488 6836155 9197591 962532 7250748
9180267 4089164 1042792 4908447 4750431 501059
7590547 1048595 4892296 3211697 8716043 526789
3671665 2641625 9301771 7555406 8051333 79504
2807308 5717759 734670 6083521 6605382 9245398
9702350 1285353 512896 5710789 9670397 2656298
4665968 5880300 4032487 2371402 7115879 1273933
8895181 6611330 1628259 6442853 9272226 5231848
3257903 1292685 3504735 2119349 4919664 5781783
734146 5144925 5107141 1499736 9168218 1569126
4707579 9883529 7587231 7598659 6627011 9413089
7099127 8623721 586876 8692618 4592952 6415823
1091932 4490534 878315 6554394 149346 6033101
8873348 9600158 7787802 362720 5015557 4434720
9933395 8489024 6334792 2058277 2643337 519733
4316021 5087461 3201875 7491251 6942715 5417569
1948769 3051094 4789829 8501115 6999038 7237925
7374637 3238804 1371479 902839 4336247 4897317
2760381 2439548 3734994 3399281 6259670 5822351
1087864 7487555 5991482 7911444 1130307 4237415
3256200 8851625 2451576 5864925 6640284 4928218
2995719 4757275 5955695 9035360 9479786 3934325
4078140 8421999 8274230 7237420 2725377 1222564
3062610 8493691 8072653 7007052 8881186 2683904
2848889 6755996 7748258 3865275 2671632 3280433
9946192 217507 2917217 1687144 2148919 9691526
9482024 1402067 3216334 7999292 295934 3078535
8516033 5269676 860449 6752254 4990454 5251828
8518256 5110723 4199797 3915599 6381790 8544835
4525693 1969768 2659034 1141766 4151333 7196537
1018948 6784389 2671700 6047937 2495710 8535239
5595450 4684415 1556174 6592981 54175 6203046
1143906 8291085 3983489 7766119 371717 162279
8185951 6339178 1732390 3248193 7830298 8898470
7426113 1553180 6578158 4355925 7017359 9797771
84448 5665441 8447667 4338132 647888 830399
6992885 1968389 3629784 4730638 1745142 1247941
3666841 175897 1088739 9106245 2634162 3992254
2617727 2521750 5642796 3428593 5616074 7041251
3064446 9901014 2286673 4940626 878927 9190122
7064433 3121763 7972122 3736344 6872158 432406
9890980 9746113 5953474 6291978 3694138 7996574
9498855 3741735 6416414 5179937 3713852 1843662
2596233 5933298 9671488 468795 9014040 4124142
273221 2764792 8831002 3122719 5878470 812856
3379965 4936092 1887090 8859017 294732 957775
2331582 1740229 5955329 1390473 3200184 5675825
4734330 3217892 8877421 8661313 8638901 755104
4268888 411444 2029343 7239094 644338 940602
7331950 1143818 4625807 6042482 6207604 2897549
7244366 7967158 5819958 1794301 8495667 3128581
6320602 2929947 7958717 9299375 5726901 1564205
4349777 2484471 422944 142538 251784 7328165
2655479 2348770 8421003 5518251 6067467 2678529
2062018 6202527 2582910 4240240 7166297 7831303
5316973 3403057 6623902 3711164 6456341 6834872
8568054 4284250 9007712 5468332 1264634 5596704
1730614 5519286 6280066 1832916 8717481 5791378
4857362 7027618 7679324 672179 1338410 4240220
235179 822831 2163420 6954791 2692319 2727161
369210 4679658 165375 9142191 9649934 7176104
9718238 2196224 7998038 3316678 2990228 3122016
7007997 1230220 3961610 8562883 1554458 4225770
9953043 1069933 2862859 4326750 1301067 2812856
7644111 3995732 6601449 9598475 2477907 5944754
7474483 3281490 7207851 9529673 8672863 3613595
8329650 8527711 930091 73000 3265313 9831507
8119105 7554368 7022176 1813483 2617175 1613555
1855779 3030031 5810998 6864540 1474195 4246612
4016780 673802 9327426 9979650 2202875 6054131
8007622 1509915 7055715 3528374 513519 2663139
2221087 6085975 5332503 5278739 2973828 7211577
1224864 4649654 2203954 517573 3093943 7607286
5708978 8926315 8764217 3694748 5761889 7755153
2803520 7306532 9750174 6104280 3861977 3195023
1871052 5917189 1872525 5219316 7352787 3992726
2853614 6992031 9503463 5661339 5546645 2641958
3207568 9923013 4461975 1315443 6508969 811508
8790325 4479998 1397064 3151714 8031371 5700735
6581879 317701 8066664 1430064 9850209 477091
2023064 7458458 3408732 4960300 717933 2812904
3343994 9090967 4029937 5602975 7470775 2349617
4166860 1349888 6900528 7301272 876606 227511
3305692 778589 4237109 3239655 5543693 9064978
9996406 3344717 664286 2501480 458065 9424818
3768138 6710137 3943658 4160430 2690949 2645368
6660460 9512787 451775 1974246 2990850 4237569
6756505 4226346 9058220 7988132 7913699 6365724
601920 4714255 9341274 6214184 9052286 4227935
424838 2245532 6546074 2642595 1371609 7524714
1504711 1147886 6116993 9469868 1660895 6539902
5694141 1928526 4735133 8351922 1995657 2259814
6636466 11974 4961251 8452172 8125807 3863085
8022643 2404336 4930319 2337742 1062661 1538062
8352917 3667757 6760858 9936027 2341690 240576
8105281 4159086 2130945 6578182 5319259 4937365
8594513 2318711 9669580 1052014 1786208 6573196
1334720 3077115 8056418 5545548 4837530 5630848
1969058 5736213 5289377 1393656 8588857 6703113
1792332 6660186 7364194 5949523 3531958 1552659
9971979 7136996 8415671 4237478 7620655 4090246
6133868 2266955 8011779 1476423 5989840 9169786
8596101 3980181 9811921 1408904 5901029 4107777
2923550 2974379 2874489 3802681 9067715 1764170
3547432 8835767 8015716 2930140 7445861 1548874
5665878 5601955 2748768 5871026 7722106 3257927
9520892 3672374 5576090 707266 1692328 2964580
1524370 4577939 6554048 2095294 7381151 1279779
5246494 8467454 105894 2288235 430834 2214353
7273935 2326228 8292744 9909048 7121297 2011422
9743129 8481941 75403 9673206 8956471 9450342
877494 5182633 8295823 6397176 332398 6911421
3436771 5666609 2015905 4016776 1298671 399424
562579 8798097 6853230 9846558 263604 1066963
9839630 4157818 1791750 9751286 6090356 495782
6039291 3075001 634513 3053722 8979363 6183304
4912880 6919790 2921484 5040844 121591 8622995
8670221 6722049 5083732 7220532 5841463 1443220
8643287 7035661 8268616 2231925 8525566 9247703
6843171 6992907 9731265 6783310 9748164 5556608
581267 4447703 1588679 6827881 6838114 2029448
8289002 9573129 488731 716096 4115872 8190965
5311105 3892151 167564 670803 105136 4887775
4382816 4586124 1091634 4137682 6171500 9596866
445156 6603067 7057956 3434927 9575024 9391809
3500712 7369733 3939991 971302 6279217 828200
878995 8194661 3783197 3039191 7569204 7351980
110106 9093700 2664593 3327752 3442553 3206258
3970836 6143910 6759319 3180611 2157212 3278756
8228279 7644992 288488 4991264 7360642 8038563
3148531 9572995 8128247 8096106 8705598 8783313
9554572 6964823 9582109 6559833 921773 9884606
3955939 74596 7893385 6339488 8494397 8571588
5088095 8114939 4914613 5666093 9410046 5602861
5055800 8836137 7023700 7105135 7813910 3825687
4338897 2110789 6761384 4680322 6733877 4255487
6067067 7716857 4783511 9347030 75803 8958113
3710247 2206067 6005081 6502657 6203792 417036
2264990 1319258 7228296 4661199 376374 3087327
8865369 2279032 8627752 6683126 2827846 3493475
8334873 1175134 1413721 473517 5191612 1796337
3336221 1674791 7245981 7985908 1459279 7506299
8769024 9123614 4667270 8440835 7792673 8473077
5971749 3921971 9156904 6218867 1228510 4937620
3928694 4424215 3698325 1349666 5301046 7275500
9090316 2882159 193279 5036951 2670019 2961022
2336730 6792672 8392238 594 9154044 2909813
8969603 9781103 182121 3004682 5513603 9802704
9376757 1803243 7529652 9489653 3643683 9971736
7579386 4850424 3977348 7419471 8486549 236102
4210336 743850 8410504 8183639 1362593 6473177
5503591 7051682 9978737 2691009 7521693 6046088
1478247 7809396 6895533 8194125 5235434 9014791
4045280 5193691 1028039 8997834 5288195 5035778
7645820 5777392 7029134 9670317 6445282 4248195
3649823 2856557 5894321 7157999 814095 262792
577261 1778934 3934599 8139419 6253862 2812281
9217599 2603588 2586191 1163855 9204443 7026867
5902505 3142058 7648875 2437206 9559416 1708746
1519397 6318582 4405633 5043949 2370703 467523
6753130 7492629 5202391 5314110 2069336 2526723
6639125 9896981 5001261 8209308 5166186 8458014
2036025 4646710 3583462 7026088 3865248 622604
9902114 2559102 7622442 3385642 130885 4462425
6625274 9064035 7301887 1550312 9135808 2142668
7140089 7441108 7032236 4833121 6928363 6599540
7532678 8015676 1808072 7125366 5088439 2219926
1649866 7539737 7936545 8089565 2613324 3945843
7301412 385760 9658670 2202690 3375450 3361206
7160735 2132060 492969 3886834 4911524 4792719
3640392 8355300 9570721 4326252 7367046 1160864
304020 8727313 9955597 4403999 3241051 3819350
9489829 406449 7564823 6042852 4716430 1382947
7993589 8747009 2813951 252194 912884 3644934
1541605 3420685 9274741 7452869 1365637 4165543
5649328 9386456 7668586 2536258 2697747 3392109
8098126 3487638 1050744 3311887 8099139 5494205
6868925 1727174 3356656 6538331 6182656 3864413
795152 1811603 7801677 1787601 7467182 2701210
4372188 8898855 658461 1294703 658276 4922288
8199420 3808469 6645512 1149693 7979319 8141035
6858847 1329751 7085651 9296888 4832516 5652392
4751955 9299391 9077914 5671448 7865686 3278020
516109 7774020 9164512 6492545 1088872 9223972
3944498 2014050 2342668 6881879 8338621 5480541
7588154 7669757 6719184 3771374 7141645 5215168
8323811 9824646 8360899 9960333 7518883 1603116
6362525 7727503 1698426 901390 8530509 2831269
6160938 4266306 1602423 1143968 5069059 6400409
1559002 7175920 3679865 7467108 1573223 1059957
7014363 9999461 413542 6314090 3147771 506317
6536905 604717 1311025 1427049 826313 5897781
10137 8148740 3457226 5913949 717791 7599718
3779335 2103123 8633852 9385148 1802755 1848905
6283429 8521045 4836522 2552312 3381837 1459334
5062928 4644785 7864859 2337473 1513328 967730
5711809 3798279 9332623 7757598 4426814 6684344
929657 3038631 540629 1698884 6450020 8618752
5655956 2759142 6538881 75862 1425899 6596523
9169805 9256768 7818361 8401582 44448 6923196
8509296 8847579 7476755 1876707 5776231 4853015
2407746 5292258 5572893 1843509 1199016 8507471
6260316 4780121 5135306 5580565 5598410 7155976
7319632 1060368 1722212 1471130 7095892 408326
8359135 3383792 6830133 3133415 7106230 497148
6763942 5692647 4657871 1338415 9112893 779426
4502941 9972994 9594630 9527946 9379533 4200775
5492512 9636023 7581999 1975871 1605758 3093682
5255180 8149737 7794122 1337184 9472895 2331961
5313690 4667728 3599527 1141350 7859287 7692313
3340182 9346045 1953865 9052982 4470482 4652336
3085875 7856992 8005231 9898439 4023175 386993
9091974 7640719 9212319 6744446 5202380 1958871
338352 2636466 3449162 1828524 9672831 5684807
3821171 1375324 2252660 9332141 2076061 9461140
6179693 2170536 3514721 7469574 7616024 9163791
3778020 4687643 52341 3347946 8620090 7516222
277823 9775940 8203660 114244 4073733 6835059
6524976 3821076 1741419 1574068 270310 4966770
3623199 7629402 573789 1690109 5878275 8220215
8785709 7173359 2245817 4156016 1129693 4444291
3848245 7051141 3417410 7480789 9483701 6975044
5952637 7173600 1882216 7204618 6308987 1979834
6588467 3371953 4092488 6723402 9228022 4951025
3347783 7122190 5525008 2913857 3116465 8036910
8645618 1955829 1536256 1834471 9348108 9100824
1698811 1065686 3399272 2873582 3489039 4585562
510578 4995195 6262776 510820 7125464 3287664
1573823 3898970 3655668 1733011 1467848 8594687
8059649 7593262 879389 7977914 3848782 9526316
7546212 1488807 7429187 4708769 5850226 7982535
3629419 4549545 2005144 4883950 7973346 1213534
437705 773334 9402912 8810111 7154838 9187652
9996377 1948591 5462328 7941225 7482987 6924838
5385796 7286948 9289351 2704755 4500122 3511845
6566984 338421 7866383 8169855 3484731 5855007
1706254 1289800 2204092 4527951 2996468 2962050
1353851 9995635 3024581 8774235 3998040 3273717
1229966 2468193 3658648 441731 8244747 1509199
6702763 120921 4577531 5741913 8327942 4695736
6490506 9096445 1954815 6717422 977407 386448
4272101 9851463 8484271 8084114 8172537 988399
9471231 8345955 9281952 6376038 4368306 4408590
646827 9586282 8210439 2256233 5492149 3971858
5158526 9385734 7403923 3652053 689946 7643817
5449746 9705724 6398881 1082351 4405103 9169992
7058142 4308420 4265403 727160 6000993 8428339
9662555 7624669 9322914 4438747 5126888 3889266
7210629 6509071 4477326 6258417 384022 8110858
2563903 9162996 175903 242715 8664523 719545
6891319 4316717 9961287 854615 2157892 4188641
677743 433333 8508487 5379326 6179399 9702395
2751918 9644689 8103584 6779832 8076879 1349656
3033970 3174018 3487087 6461908 2949655 7054421
6706772 6048293 4541360 4680593 7523267 3797971
1433166 6419690 7635853 7713177 393698 7552038
5446400 2215298 1260671 3756949 9249350 5614934
6265276 4237396 3785285 245234 3097600 8525200
9703320 283948 3947071 5663767 6547955 1029458
4384683 7529312 7658136 2024022 4992326 6912746
3716021 597869 4307473 3376759 8333711 9295419
8120524 2818720 7793732 1106120 5862636 4409049
370472 670127 4426808 4268070 2742090 1046044
3770343 5492555 9418156 5290524 9779903 1302753
7690552 190260 7291639 364003 4940309 9400207
2229889 8862789 3592718 2849640 6436344 477449
6140159 4049670 5787918 8518012 258387 2779760
5300291 33795 5449164 7429446 534281 9846301
3585843 2658847 7824234 3971401 3571890 9567996
8905136 516715 9217464 8084512 8562538 8771386
5655263 2212317 8983453 8528729 4093308 4276195
9788458 1164956 2537376 4111189 1397986 6330189
6873998 5124746 978438 3931724 6639255 3536688
2321847 6271560 9770658 2945511 9258864 1775807
2466442 2225592 8034760 6693153 6558782 5605602
5790675 7250825 6042125 4845262 2565029 8766024
938174 5651987 9681582 993276 4104532 5052348
3510682 5140793 1597404 6145130 7261590 1647877
5119928 5441226 7190100 7402520 9927834 989842
8228504 1717470 8573102 987764 2493756 5969077
8264108 5815277 1251307 8161966 7259036 5710212
4113407 5932295 4590756 4164241 3940131 7992385
5369122 8983591 2306734 5291178 3887741 586571
9035390 9948323 3725949 4332388 7187373 2596142
870868 5856153 6568435 1977577 4363578 6000890
5210101 3219115 5057054 9547919 7935225 7858500
2546793 3844095 8545654 515331 5980320 500998
1260885 160320 3289201 5367608 3724386 4424979
6294625 7571951 1616965 1758535 907160 1785117
3439009 3924530 378313 7651830 1410353 8237101
8886285 3552047 7960386 8471527 5436565 1889737
2386856 7129330 9912332 5476326 9168402 4432993
195572 2822866 500949 3047937 9093257 6247948
4743098 1816793 1720437 8935997 7431703 6895150
2185017 8529439 787309 4438891 6265455 5448218
4462525 1301442 2634659 8326654 2275879 7951484
7350078 6630831 6718155 832195 4354542 8247125
4408259 9214679 5057851 6066096 3882041 8111961
6055499 1609972 2502117 9713923 2135819 6691768
637500 6488859 5336120 9736751 1707824 9095661
2881124 3057187 8227010 1190116 6755591 8614565
2101806 5006962 382497 1209209 8200678 134636
5298675 3248218 3255167 9271599 5880873 7924785
1195777 3096169 8111373 8688727 1733968 8876328
7563218 7375087 3191556 591984 4967805 7984867
4496848 3266028 936880 9055452 6259133 8459122
3237744 4594110 9653065 9860886 6547301 8891927
8316735 9754697 614467 9767163 6356758 41991
8530622 7587492 577053 7851035 8568185 4365068
5332914 714897 1969332 8898008 6665989 5274482
4884785 2518357 8559152 7791091 4085006 5399489
6690420 8200228 8372174 8936862 6823103 6705582
1856909 7813578 5053905 5773162 680303 7288992
3692901 7217549 3515830 6321109 3800169 4502199
456758 9032072 973079 8770317 7066564 3588161
4771907 1001240 3181940 8337698 6110147 3730908
5847205 6891770 740896 8973050 9204949 5466069
8186188 5732936 6093282 6181695 2723613 8629735
4926457 6802648 8771961 618799 3871249 3428045
7537236 3129158 87444 4576031 5593834 569964
9160514 2766204 4110853 859166 8081857 1752336
8936410 2238585 6583029 3442400 760270 4825173
316649 4711575 1331263 240433 4489503 3819422
4255150 9536546 7787846 1846692 3304788 6694141
8897002 3578770 1338712 5868622 6185252 8155779
3524208 6280851 309995 1085738 5315737 9545399
5625930 6407342 649183 2803191 6780544 3956615
305253 2451506 545839 2677609 7574656 3038698
5496751 1144935 9086130 7976588 5393571 7488275
9344281 5021285 4933090 7344339 1634517 2073255
6197584 480109 6257736 1206629 2763670 6870790
141152 7619653 7392734 9988008 8936745 6047959
7060814 3414931 2742222 6826031 3831767 4423574
5425312 7506409 6687320 9405308 8219805 4861239
9430403 3281615 5667505 1414994 3378744 2789817
3938905 4085428 1331134 4171784 3099441 7752151
1868537 5669768 2942714 8854361 5579440 1548019
2892506 4711447 9159317 2203092 7889310 2244111
4559858 6133187 2347194 6670168 4351082 4962800
1935811 3261550 5044694 4876749 8862385 9280360
7763776 6727303 7968656 7723833 119503 6581328
7988856 7138685 1554511 9535728 2253733 4836794
9588563 5905123 6188865 9823874 5117061 1428284
5075576 696360 2953993 8964577 3837322 1120618
6975795 9502553 6324316 982624 9101472 9114107
9690284 6281603 2127025 3441207 4337754 1137315
8441840 3421865 6769460 1685986 4135292 7950628
7239929 4078299 4536070 7489022 6702815 9994916
7191704 6788121 3121414 810351 8942423 1453759
3522706 3370038 9771727 6189356 5774502 5821211
6396546 6796665 7274152 7817858 7350212 1342116
3247170 5670882 7163922 6874355 807801 7174472
386379 5376474 9193675 3164171 4765383 3846123
4761912 5997249 4643085 5823128 2995258 5539279
9137284 1449940 9604661 4570997 1368589 3626463
8300018 2102182 5846160 2346190 5711439 5251049
8406868 7089065 9711593 2484570 3375312 1264375
4474374 2252825 9350338 8971297 2053047 5828410
9288774 2367974 731407 9018862 5927363 2424159
4210485 7291245 1738465 473843 6947301 4603168
4973816 3344656 5320863 1305448 6405769 5374625
1894702 4473307 4733122 337163 509289 698087
526751 4599037 1049508 1122382 4501466 7901598
9999020 4251226 7287047 6140742 6567574 1007954
1376149 5008149 6785606 3139369 155871 5504526
3714614 5233341 8504093 561633 8331694 3457438
6970306 2708540 4878316 3408371 3076912 8020075
8407958 8927682 7328259 5351605 6309698 3804228
500089 3286972 1349042 8936317 6421750 5751135
177463 374990 2966380 6274006 1786045 372324
6823327 9445881 6842508 9255300 1930307 8329916
3435666 8814053 7047461 3070153 7199432 2339483
2087571 1545059 2686467 5290678 6191577 3444289
2132714 3196851 6383640 34822 8521737 2655472
4062639 8410771 7313458 7083607 8902199 7471841
9752944 4796272 6155214 5499287 5637166 7857230
6539935 7468984 4076981 4035212 5701154 2127461
4117638 3513112 1022309 768602 4140163 254865
8002412 6098274 7708796 9363059 728346 9001704
7164706 1747730 6570844 5606765 320727 6795428
1114797 8193111 8196888 939448 3533792 1113549
8004412 4878658 8637599 5240054 4234307 6213497
9351149 44725 6574844 4092100 4296826 3094794
7726775 5936380 6514614 4269991 7042225 7983392
241166 5288015 9307256 2827692 642967 444083
8566158 6629587 6983678 5154906 3109005 1357992
4964368 9827152 2909701 2449545 5242732 6440641
275607 1237100 7727065 2141535 9984966 9055347
5408125 2887387 1050262 7579908 4342490 7739466
691136 2883336 7094153 2602682 6568733 230952
21163 1915351 2018929 135129 801099 2565181
2988737 7494710 9407968 4373153 274997 434719
2654527 8915024 1087265 3387985 9802894 9464563
8946027 9509826 6841555 8238930 3529651 8629344
7983032 9531025 1995140 4228274 1172071 9814832
5159991 5715991 5452562 7259697 8630175 317744
9875055 2990404 8977954 2237549 594741 7862876
7049214 3748905 7091277 1207519 1040475 8761351
6395178 8738858 458970 5856862 8195676 2359827
1350357 9461896 829570 4099303 6472106 9783428
4223767 9418187 9051800 9150148 8688062 9326936
8562741 3998598 6788844 3561923 1697354 3724597
1769413 7353559 4415953 4626922 8612996 4959224
9904461 4338037 2040668 6262174 5433591 4691625
4160733 86915 9737924 189486 2752313 6722310
6498815 5324537 4515311 4148876 1023208 3805295
1175857 4981975 7252280 948391 7277855 2494351
3250522 7800646 7947304 898237 1447577 6189419
3905521 5332590 5582978 5428486 2070477 8400744
1875293 4609079 7058901 9375380 5074938 4235877
6842243 3728339 2283039 5279718 1713569 2787632
4510825 1066950 9656420 4416007 5793989 7968712
3971494 2802663 5375658 9805150 778091 4151945
7839978 7755504 6608127 3243040 6288301 3289094
3841441 6222369 5951297 6664472 932595 8066355
1542136 8176683 4036411 4997970 6830630 7494256
7464529 1384373 5480384 2454422 2149364 5786003
168546 1766872 8745653 6374332 9757668 3291429
9914195 2620342 1867506 9715660 4469085 9500757
5027769 9630894 3488312 9860751 476060 2100693
2427821 8200342 4908340 5771767 2225218 4837586
9009620 9489610 8536242 6621284 938112 5582876
5580475 1627933 1799147 4211571 913492 6909293
7194831 1354007 1829284 2123692 4098735 2050456
9116100 2827078 9636393 834657 5820679 9802905
5307976 6674243 9066097 6397564 3962421 5454588
5944890 1461398 8395743 7580076 8757351 1034043
1560022 6992844 839211 8702720 9901399 7860885
9383016 4300977 7989293 7602454 5853285 8220091
5314025 8356604 2811278 8923015 4661701 7821271
1000220 5896334 2985775 3613109 3536791 4974488
4897339 8257628 8891895 2237174 166773 4087179
3273993 2889127 2599604 7018071 5826875 2499972
1629345 6383986 7070506 2938980 7826562 1034485
5984627 4664719 1104219 6943213 6645546 9072565
3134872 9099084 5441444 45705 2496516 661607
2081673 7598222 2345716 7976663 4356614 8682294
588190 5208939 6512890 9388615 2857422 861016
4598298 1819513 1266167 3792688 4646176 8688598
8940892 1650789 2671550 7703236 7559267 3509695
6366542 8351859 8780753 6792502 3195756 2217231
5962683 9882316 2056981 1083290 4564469 8972210
840570 7242856 7409809 1792863 9312751 3199081
1443282 7663694 7111707 2643145 1375103 7451252
6636762 4943065 2257440 6965453 5899777 7541727
1671519 338413 2001436 5228655 7633578 1155438
8442064 8100494 492541 6189122 9706562 4759954
5658854 994681 3830226 2750100 7752963 5916855
9895708 1294023 422338 9158485 7696941 9687352
1930148 7574439 3975746 196739 9684368 3331502
9590258 4174456 7540730 9557377 3213130 8366642
5166782 372297 2018478 5694431 8136582 5675554
8958963 2182348 9804373 3643569 896099 2590557
1547277 1550788 8912742 5171070 933894 9385538
6113514 3892770 4667146 6772148 1263431 4695508
3719706 1000603 6542273 9845854 2313937 587680
1805796 2635492 5843075 3357479 2333625 3377751
3333538 9616341 7372817 3991912 812440 3095851
7773208 8873250 6242441 9790676 4595669 8015140
9641082 3782364 8902272 441152 5659369 1978254
2214321 3506928 3911533 7541015 3625304 9833077
4937519 4775474 8048896 1099344 7326905 4947624
9094222 1225377 790950 3642777 1425925 4255492
9573562 5279457 7474080 3642344 1367558 1690018
2093326 9800600 9307227 2900778 3239371 4564120
4392595 7286768 3888140 6906038 3475587 4324916
9897287 1867060 2964108 5693921 968028 3685859
3854192 552809 1627897 7403157 7238973 9777660
792872 4030440 5961433 7828829 932913 7290903
1793332 1972266 6902758 3070326 8738570 2617198
8135659 7375376 127685 5804326 9537105 6835006
2420317 1583777 4864530 5025254 7996200 4908584
4274508 7713715 9468212 8738967 9548626 7310936
6414674 558502 5152744 407070 1054726 4711009
4284135 3880451 3157487 6491878 7240591 471290
5002734 9491054 4586952 200961 4916049 3055733
2472807 539754 6333268 2630536 9415728 4737701
650970 7311517 4221077 6850082 14462 5273278
7662827 782841 4946688 9980710 9826446 6911430
8348205 836024 5232892 6885741 6868504 9082478
3738755 4714846 3431779 1904898 6381527 6522231
5771899 5201060 9724167 4401897 2703891 3602927
443030 9977607 1093420 9217097 6115040 1627195
980555 4698397 9634762 8618283 9558951 5916033
6277330 5995939 8845173 5232167 2742509 1650761
1134284 5127165 1654663 5435526 3489342 4855575
473007 3324686 8272588 3679332 6522158 2765399
5265570 1226823 4348268 1476482 7947609 8036661
471355 8774404 6506384 5362931 9358418 3447422
2930638 954506 6117656 8492370 3128482 2244355
7330475 1220745 7845817 1374101 320354 7214425
4127825 4530744 6063568 5991014 3192212 444969
3145820 5530030 7493840 4777776 6580554 9251656
1371600 9380268 7818127 602750 3533852 5644936
8199722 4200836 8957605 5925005 9710066 2556223
6708330 5660898 7898691 7522069 6912700 5126196
5721077 3595597 8258877 5331813 2489915 792069
9738711 3203872 3195041 2013213 5101586 3680755
5407474 3566701 8961788 3118810 5367839 5719913
9987696 4165882 6024824 1191120 2846436 9748435
159893 3637324 8241911 8844953 8149061 2374658
1556591 2995090 9079612 9282352 4252161 1430722
9848452 4514108 9098807 1369506 8733060 6293159
8554081 1413228 7748481 7283187 7135861 1507945
2916591 7258667 4784025 7111734 2184178 7097757
1448982 6025722 5604691 6110387 1676679 2210375
1054899 654082 3496007 4611219 6027932 1927030
5930716 5473246 5202975 6325095 4053094 4168685
2609256 3498282 8184110 8698297 213399 2952734
2960413 8024526 7651272 8718656 3667302 4687299
2358111 5130683 3258852 3212967 783015 5693925
8805783 8269675 3915160 721738 404202 5695051
9120537 283360 6129203 5462574 7663023 8261686
6513125 1059249 7712253 1725684 6548582 6768689
992391 4821200 3827336 6763815 3087808 2683805
5901303 8388465 4436079 8380388 2375398 5915169
6431934 463814 2008957 5718562 6213297 7202183
6269311 9045984 3449040 2057622 358758 9795122
121919 6787465 6907631 800751 809723 4192744
6157871 4917365 3726875 207684 3882943 8791778
914244 5967772 9162992 541925 9653461 9335434
9064217 8092039 9907295 8729864 477673 7721103
7312921 939032 8136656 3840737 6498292 2389354
5206529 4816876 6445315 1739371 2743463 3864301
2733696 2369722 4991203 5351541 6177036 9156790
6422737 2680930 6847181 1624973 4961839 4148936
7768143 5824828 3380120 7510694 6506304 108092
656478 6267202 3140274 2829188 9887305 6551882
7595753 7761976 4219172 268774 9309928 4243711
7624077 2327784 2417229 3662264 950757 8365904
3693964 6490749 2497937 3354705 8831760 1359465
4148149 2816231 7622999 6843790 8982967 1545841
7893665 2721850 3815779 3542783 4084997 1592204
7698522 6013218 1169750 9436455 8351199 2302496
706739 6848842 6372799 6549198 2017812 2545481
5685331 4571460 6455241 6854420 7550705 6646197
8228521 7412931 590180 5411569 2701235 2839602
1354130 8863728 2186827 6048121 8957092 2875149
9526500 1772799 8423417 3078848 1777082 1490208
1591760 8242305 6078854 385702 5013571 8857300
5482160 3034917 9380528 9244085 4769293 2512012
8964895 7749393 4061378 6401284 2206840 2967260
5151275 9283254 8555754 3393477 2623580 6490840
2084742 4149226 8446123 1081509 2073800 1586782
8406737 7697708 1723826 6629875 9040172 4517660
